Delivery day,EFA block of the day,Average DAM price in EFA block,DCL_Clearing_Price
2023-11-03,1,23.3125,0.26
2023-11-03,2,40.675,0.2
2023-11-03,3,84.45,2.28
2023-11-03,4,73.525,1.36
2023-11-03,5,93.0,3.25
2023-11-03,6,79.3,1.39
2023-11-04,1,91.64,0.75
2023-11-04,2,80.9,0.07
2023-11-04,3,92.95,1.05
2023-11-04,4,87.575,0.28
2023-11-04,5,106.9175,4.49
2023-11-04,6,98.0175,1.05
2023-11-05,1,101.3375,0.3
2023-11-05,2,77.725,0.5
2023-11-05,3,77.075,1.5
2023-11-05,4,86.6375,1.5
2023-11-05,5,114.975,7.61
2023-11-05,6,97.3,1.05
2023-11-06,1,87.575,0.3
2023-11-06,2,83.775,0.3
2023-11-06,3,103.875,2.54
2023-11-06,4,90.6,1.04
2023-11-06,5,112.95,4.02
2023-11-06,6,91.175,0.6
2023-11-07,1,75.28999999999999,1.07
2023-11-07,2,76.3,2.25
2023-11-07,3,95.4,4.5
2023-11-07,4,83.75,1.87
2023-11-07,5,115.025,12.72
2023-11-07,6,92.0,3.61
2023-11-08,1,73.725,0.4
2023-11-08,2,70.425,0.5
2023-11-08,3,93.325,1.78
2023-11-08,4,85.375,0.5
2023-11-08,5,110.9,4.11
2023-11-08,6,92.6125,1.51
2023-11-09,1,86.125,0.6
2023-11-09,2,85.075,0.4
2023-11-09,3,101.775,1.98
2023-11-09,4,90.8275,1.5
2023-11-09,5,118.515,2.66
2023-11-09,6,96.025,1.5
2023-11-10,1,87.3825,0.6
2023-11-10,2,91.97,0.81
2023-11-10,3,114.65,2.07
2023-11-10,4,87.35,1.55
2023-11-10,5,112.25,2.89
2023-11-10,6,94.395,1.34
2023-11-11,1,84.9,0.83
2023-11-11,2,82.175,0.6
2023-11-11,3,91.775,1.16
2023-11-11,4,90.2125,0.88
2023-11-11,5,116.0,4.0
2023-11-11,6,97.0,1.03
2023-11-12,1,95.8575,0.7199999999999999
2023-11-12,2,84.145,0.71
2023-11-12,3,91.3375,1.33
2023-11-12,4,100.725,0.95
2023-11-12,5,116.7875,4.07
2023-11-12,6,92.8875,0.88
2023-11-13,1,90.85,0.79
2023-11-13,2,78.075,0.53
2023-11-13,3,93.0,0.99
2023-11-13,4,85.5875,0.81
2023-11-13,5,101.8125,3.5
2023-11-13,6,85.2875,0.95
2023-11-14,1,51.6375,0.94
2023-11-14,2,57.65,0.87
2023-11-14,3,89.2,1.63
2023-11-14,4,90.2625,0.55
2023-11-14,5,108.5025,4.0
2023-11-14,6,89.0,1.32
2023-11-15,1,68.0,0.6
2023-11-15,2,72.0,0.65
2023-11-15,3,91.7875,1.96
2023-11-15,4,81.8125,1.22
2023-11-15,5,108.0,5.67
2023-11-15,6,90.4,1.95
2023-11-16,1,96.3,0.88
2023-11-16,2,95.7,0.75
2023-11-16,3,127.825,1.8
2023-11-16,4,130.35,1.47
2023-11-16,5,186.825,20.0
2023-11-16,6,116.0,8.0
2023-11-17,1,89.2,1.16
2023-11-17,2,90.81,1.18
2023-11-17,3,120.95,2.43
2023-11-17,4,119.1325,1.66
2023-11-17,5,152.6725,8.0
2023-11-17,6,104.0325,3.0
2023-11-18,1,96.4375,0.72
2023-11-18,2,77.125,0.4
2023-11-18,3,87.275,1.11
2023-11-18,4,91.8875,0.5
2023-11-18,5,97.7375,1.4
2023-11-18,6,66.95,0.99
2023-11-19,1,23.0,0.66
2023-11-19,2,6.85,0.81
2023-11-19,3,56.05,1.18
2023-11-19,4,90.1875,1.6899999999999995
2023-11-19,5,109.725,2.85
2023-11-19,6,88.975,0.82
2023-11-20,1,69.8,0.6
2023-11-20,2,80.2,0.4
2023-11-20,3,101.45,1.2
2023-11-20,4,94.7375,1.27
2023-11-20,5,116.45,4.5
2023-11-20,6,95.0875,1.0
2023-11-21,1,83.525,0.89
2023-11-21,2,89.4,0.88
2023-11-21,3,110.9375,1.83
2023-11-21,4,109.125,1.17
2023-11-21,5,123.85,6.0
2023-11-21,6,103.1375,1.25
2023-11-22,1,91.4875,0.68
2023-11-22,2,92.5,0.68
2023-11-22,3,110.075,2.23
2023-11-22,4,97.55,0.99
2023-11-22,5,107.4,1.67
2023-11-22,6,84.725,1.11
2023-11-23,1,45.325,0.73
2023-11-23,2,54.675,1.06
2023-11-23,3,97.4375,3.38
2023-11-23,4,85.5,0.94
2023-11-23,5,104.0,7.24
2023-11-23,6,77.525,1.6799999999999995
2023-11-24,1,18.15,0.6
2023-11-24,2,35.275,0.6600000000000001
2023-11-24,3,105.1125,3.39
2023-11-24,4,93.075,1.09
2023-11-24,5,116.725,4.36
2023-11-24,6,100.95,1.82
2023-11-25,1,97.2,0.64
2023-11-25,2,92.575,0.6
2023-11-25,3,106.075,1.49
2023-11-25,4,104.675,1.2
2023-11-25,5,127.1,3.0
2023-11-25,6,113.5625,1.15
2023-11-26,1,103.65,0.8200000000000001
2023-11-26,2,94.69,0.74
2023-11-26,3,107.15,1.27
2023-11-26,4,117.15,1.02
2023-11-26,5,136.5,2.51
2023-11-26,6,109.5875,0.8699999999999999
2023-11-27,1,98.45,0.66
2023-11-27,2,99.175,0.71
2023-11-27,3,125.275,1.6599999999999997
2023-11-27,4,114.825,0.99
2023-11-27,5,118.625,5.5
2023-11-27,6,99.4,1.08
2023-11-28,1,88.9,0.81
2023-11-28,2,95.1,0.75
2023-11-28,3,124.7625,1.49
2023-11-28,4,119.25,0.89
2023-11-28,5,137.6,12.08
2023-11-28,6,106.0,1.49
2023-11-29,1,89.9,0.84
2023-11-29,2,94.3,0.98
2023-11-29,3,126.275,1.72
2023-11-29,4,127.175,1.43
2023-11-29,5,175.6125,15.89
2023-11-29,6,119.7,3.82
2023-11-30,1,90.375,0.82
2023-11-30,2,96.0,1.04
2023-11-30,3,160.05,1.4799999999999998
2023-11-30,4,155.225,3.75
2023-11-30,5,202.9,25.0
2023-11-30,6,121.825,4.78
2023-12-01,1,83.525,0.5
2023-12-01,2,97.65,0.91
2023-12-01,3,180.25,1.9399999999999995
2023-12-01,4,161.225,0.8
2023-12-01,5,206.925,18.86
2023-12-01,6,121.225,3.39
2023-12-02,1,92.1,0.37
2023-12-02,2,89.9,0.66
2023-12-02,3,119.475,0.94
2023-12-02,4,111.775,1.18
2023-12-02,5,145.5875,2.45
2023-12-02,6,105.175,1.0
2023-12-03,1,94.6,0.6
2023-12-03,2,82.825,0.5
2023-12-03,3,97.0875,1.04
2023-12-03,4,106.075,0.6
2023-12-03,5,134.0,1.86
2023-12-03,6,100.025,0.8200000000000001
2023-12-04,1,89.775,0.1
2023-12-04,2,86.625,-0.41
2023-12-04,3,110.925,0.66
2023-12-04,4,112.95,0.54
2023-12-04,5,121.0575,7.58
2023-12-04,6,95.045,1.12
2023-12-05,1,79.175,0.6
2023-12-05,2,85.825,0.66
2023-12-05,3,108.6,0.88
2023-12-05,4,108.7375,0.3
2023-12-05,5,126.825,3.15
2023-12-05,6,100.275,1.49
2023-12-06,1,82.125,0.6
2023-12-06,2,89.875,0.99
2023-12-06,3,136.15,1.17
2023-12-06,4,122.4,0.3
2023-12-06,5,140.175,2.26
2023-12-06,6,95.275,1.49
2023-12-07,1,78.75,0.31
2023-12-07,2,72.9,-0.47
2023-12-07,3,95.325,0.94
2023-12-07,4,83.85,0.79
2023-12-07,5,98.375,1.17
2023-12-07,6,82.0,0.71
2023-12-08,1,75.9075,0.77
2023-12-08,2,81.34,0.6
2023-12-08,3,101.75,0.89
2023-12-08,4,92.8,0.37
2023-12-08,5,98.2875,1.07
2023-12-08,6,85.0,0.99
2023-12-09,1,69.2875,0.3
2023-12-09,2,58.7125,0.41
2023-12-09,3,82.75,0.98
2023-12-09,4,82.825,0.85
2023-12-09,5,93.35,1.75
2023-12-09,6,80.475,1.06
2023-12-10,1,37.425,0.99
2023-12-10,2,22.575,0.13
2023-12-10,3,74.1,1.08
2023-12-10,4,84.975,0.62
2023-12-10,5,98.2,1.73
2023-12-10,6,76.125,0.95
2023-12-11,1,50.9,0.6
2023-12-11,2,63.0875,0.47
2023-12-11,3,88.425,1.07
2023-12-11,4,90.625,0.73
2023-12-11,5,111.55,2.03
2023-12-11,6,92.225,1.07
2023-12-12,1,72.675,0.6
2023-12-12,2,76.15,0.45
2023-12-12,3,90.4625,1.09
2023-12-12,4,89.1,0.76
2023-12-12,5,99.4875,2.86
2023-12-12,6,80.0,1.16
2023-12-13,1,71.225,0.51
2023-12-13,2,70.775,1.0
2023-12-13,3,88.75,1.08
2023-12-13,4,86.975,0.76
2023-12-13,5,92.2225,4.47
2023-12-13,6,80.0525,1.5
2023-12-14,1,69.475,0.6
2023-12-14,2,72.4625,0.61
2023-12-14,3,94.0875,1.16
2023-12-14,4,85.925,0.96
2023-12-14,5,96.15,3.9
2023-12-14,6,80.6125,1.69
2023-12-15,1,70.35,0.6
2023-12-15,2,72.975,0.73
2023-12-15,3,91.0,1.13
2023-12-15,4,76.025,0.87
2023-12-15,5,85.375,1.12
2023-12-15,6,73.9,1.13
2023-12-16,1,57.4,0.88
2023-12-16,2,52.6275,0.73
2023-12-16,3,71.825,0.96
2023-12-16,4,65.65,0.98
2023-12-16,5,79.125,1.56
2023-12-16,6,67.875,0.99
2023-12-17,1,35.65,1.0
2023-12-17,2,23.9,1.0
2023-12-17,3,46.3,0.94
2023-12-17,4,53.75,0.91
2023-12-17,5,78.0,3.08
2023-12-17,6,69.0375,1.29
2023-12-18,1,47.625,0.88
2023-12-18,2,59.8,0.78
2023-12-18,3,80.2,1.05
2023-12-18,4,70.375,1.23
2023-12-18,5,81.1,1.5
2023-12-18,6,70.475,1.01
2023-12-19,1,56.7625,0.64
2023-12-19,2,63.3,0.88
2023-12-19,3,77.725,1.79
2023-12-19,4,65.75,1.0
2023-12-19,5,76.625,1.12
2023-12-19,6,63.2375,1.4
2023-12-20,1,37.1,0.53
2023-12-20,2,40.9,0.5
2023-12-20,3,71.075,1.34
2023-12-20,4,65.95,1.06
2023-12-20,5,74.675,2.36
2023-12-20,6,57.725,1.29
2023-12-21,1,14.225,0.84
2023-12-21,2,14.325,0.8
2023-12-21,3,70.0,1.22
2023-12-21,4,60.175,1.02
2023-12-21,5,73.825,2.51
2023-12-21,6,44.85,1.22
2023-12-22,1,-1.525,0.85
2023-12-22,2,2.8249999999999997,0.53
2023-12-22,3,64.725,1.32
2023-12-22,4,54.625,1.17
2023-12-22,5,68.1,2.77
2023-12-22,6,35.45,2.12
2023-12-23,1,2.975,1.04
2023-12-23,2,0.825,0.91
2023-12-23,3,33.95,1.09
2023-12-23,4,34.0,1.02
2023-12-23,5,48.95,2.04
2023-12-23,6,30.275,1.49
2023-12-24,1,-4.8,1.11
2023-12-24,2,-14.175,0.76
2023-12-24,3,-7.075,1.0
2023-12-24,4,4.275,0.66
2023-12-24,5,21.7,1.9
2023-12-24,6,-0.8250000000000002,1.2
2023-12-25,1,-0.575,0.49
2023-12-25,2,-6.825,0.59
2023-12-25,3,36.55,0.98
2023-12-25,4,65.175,2.5
2023-12-25,5,30.0,1.22
2023-12-25,6,3.7,0.85
2023-12-26,1,3.85,0.69
2023-12-26,2,3.7,1.0
2023-12-26,3,49.4,1.16
2023-12-26,4,76.5,1.3299999999999998
2023-12-26,5,89.775,4.0
2023-12-26,6,76.535,1.49
2023-12-27,1,57.75,1.0
2023-12-27,2,44.0,0.91
2023-12-27,3,66.925,1.23
2023-12-27,4,67.9,0.75
2023-12-27,5,72.4,1.83
2023-12-27,6,32.775,1.6
2023-12-28,1,-0.925,0.54
2023-12-28,2,4.9,0.76
2023-12-28,3,40.8,1.09
2023-12-28,4,46.975,0.89
2023-12-28,5,68.225,4.63
2023-12-28,6,33.699999999999996,1.05
2023-12-29,1,0.425,0.5
2023-12-29,2,0.1249999999999999,1.52
2023-12-29,3,41.65,1.08
2023-12-29,4,57.45,0.71
2023-12-29,5,74.9,3.23
2023-12-29,6,56.0,1.34
2023-12-30,1,39.625,0.46
2023-12-30,2,44.55,0.71
2023-12-30,3,76.25,1.49
2023-12-30,4,62.375,1.09
2023-12-30,5,71.325,1.36
2023-12-30,6,62.05,1.0
2023-12-31,1,43.6,1.05
2023-12-31,2,25.925,0.51
2023-12-31,3,68.3,1.19
2023-12-31,4,82.4375,0.87
2023-12-31,5,93.75,2.94
2023-12-31,6,77.6,1.45
2024-01-01,1,45.8,1.14
2024-01-01,2,21.675,0.78
2024-01-01,3,64.5,1.34
2024-01-01,4,78.275,1.25
2024-01-01,5,97.95,5.61
2024-01-01,6,69.0875,1.73
2024-01-02,1,27.1,0.95
2024-01-02,2,33.275,0.8
2024-01-02,3,73.6,1.34
2024-01-02,4,81.8375,1.05
2024-01-02,5,84.125,1.99
2024-01-02,6,58.775,1.3
2024-01-03,1,36.025,0.55
2024-01-03,2,41.9,0.65
2024-01-03,3,74.3,1.3
2024-01-03,4,75.7,1.07
2024-01-03,5,86.45,3.01
2024-01-03,6,73.975,1.29
2024-01-04,1,65.45,0.88
2024-01-04,2,66.55,0.62
2024-01-04,3,78.35,1.22
2024-01-04,4,83.875,1.24
2024-01-04,5,104.7525,3.28
2024-01-04,6,83.63749999999999,1.25
2024-01-05,1,76.25,0.78
2024-01-05,2,72.625,0.63
2024-01-05,3,85.15,1.42
2024-01-05,4,83.675,1.08
2024-01-05,5,97.15,2.5
2024-01-05,6,82.2875,1.5
2024-01-06,1,77.575,0.43
2024-01-06,2,72.425,0.55
2024-01-06,3,82.1125,1.41
2024-01-06,4,83.0375,1.05
2024-01-06,5,95.6,2.68
2024-01-06,6,81.25,1.51
2024-01-07,1,80.9,0.7
2024-01-07,2,71.0625,0.95
2024-01-07,3,79.3125,1.46
2024-01-07,4,86.875,0.86
2024-01-07,5,104.25,2.84
2024-01-07,6,86.0,1.56
2024-01-08,1,77.5,0.72
2024-01-08,2,80.225,0.85
2024-01-08,3,97.525,1.19
2024-01-08,4,89.55,0.96
2024-01-08,5,108.325,9.21
2024-01-08,6,85.125,1.57
2024-01-09,1,73.6875,0.94
2024-01-09,2,78.325,0.87
2024-01-09,3,98.95,1.28
2024-01-09,4,88.025,1.13
2024-01-09,5,114.725,9.82
2024-01-09,6,90.7875,1.6799999999999995
2024-01-10,1,72.1075,0.69
2024-01-10,2,75.895,0.9
2024-01-10,3,102.0,1.28
2024-01-10,4,91.7,1.1
2024-01-10,5,116.075,5.07
2024-01-10,6,90.025,1.62
2024-01-11,1,70.1,1.3
2024-01-11,2,74.15,0.82
2024-01-11,3,106.2025,1.91
2024-01-11,4,89.0,1.12
2024-01-11,5,113.65,3.17
2024-01-11,6,86.89750000000001,1.44
2024-01-12,1,69.05,0.69
2024-01-12,2,74.95,0.82
2024-01-12,3,104.745,1.4
2024-01-12,4,92.575,0.7200000000000001
2024-01-12,5,109.25,1.6100000000000003
2024-01-12,6,82.965,1.33
2024-01-13,1,72.7375,-0.25
2024-01-13,2,68.02499999999999,0.02
2024-01-13,3,78.95,1.11
2024-01-13,4,75.05,0.6
2024-01-13,5,89.375,1.26
2024-01-13,6,74.8375,0.95
2024-01-14,1,72.15,0.22
2024-01-14,2,67.875,-0.02
2024-01-14,3,74.825,1.0
2024-01-14,4,73.575,0.5
2024-01-14,5,85.975,1.4299999999999995
2024-01-14,6,72.375,0.9
2024-01-15,1,64.0475,-0.29
2024-01-15,2,66.75,-0.71
2024-01-15,3,81.25,1.1700000000000002
2024-01-15,4,75.8125,0.74
2024-01-15,5,97.1,6.2
2024-01-15,6,85.8375,1.4600000000000002
2024-01-16,1,69.4,0.63
2024-01-16,2,74.6,0.7
2024-01-16,3,102.9225,1.53
2024-01-16,4,84.2,1.06
2024-01-16,5,100.2,5.5
2024-01-16,6,77.47749999999999,1.4899999999999998
2024-01-17,1,64.9,0.69
2024-01-17,2,70.1,0.5
2024-01-17,3,102.1625,1.44
2024-01-17,4,90.2375,0.98
2024-01-17,5,101.0,8.75
2024-01-17,6,77.5125,1.81
2024-01-18,1,66.125,0.63
2024-01-18,2,68.125,0.64
2024-01-18,3,90.5,1.5
2024-01-18,4,73.075,0.71
2024-01-18,5,86.875,11.82
2024-01-18,6,73.3125,1.28
2024-01-19,1,63.15,0.66
2024-01-19,2,64.8625,0.78
2024-01-19,3,83.5375,1.35
2024-01-19,4,65.85,0.95
2024-01-19,5,78.10000000000001,1.49
2024-01-19,6,68.8775,1.22
2024-01-20,1,62.325,0.55
2024-01-20,2,57.6875,0.7
2024-01-20,3,70.975,1.25
2024-01-20,4,65.2,0.7400000000000001
2024-01-20,5,75.0125,1.14
2024-01-20,6,64.8,1.0
2024-01-21,1,49.875,0.55
2024-01-21,2,35.75,0.55
2024-01-21,3,49.1,0.94
2024-01-21,4,61.0,0.71
2024-01-21,5,71.7,1.83
2024-01-21,6,56.525000000000006,1.08
2024-01-22,1,31.799999999999997,0.75
2024-01-22,2,26.825,0.98
2024-01-22,3,69.125,1.81
2024-01-22,4,64.25,1.08
2024-01-22,5,75.025,2.61
2024-01-22,6,62.599999999999994,1.49
2024-01-23,1,35.5,0.6
2024-01-23,2,47.875,0.89
2024-01-23,3,77.7,4.31
2024-01-23,4,63.65,0.8
2024-01-23,5,70.2875,2.37
2024-01-23,6,56.775,1.12
2024-01-24,1,16.8,0.58
2024-01-24,2,28.8825,1.0
2024-01-24,3,69.1825,1.49
2024-01-24,4,60.1,1.08
2024-01-24,5,73.0,1.86
2024-01-24,6,70.0325,2.0
2024-01-25,1,60.175,1.0
2024-01-25,2,61.65,0.96
2024-01-25,3,76.35,2.0
2024-01-25,4,65.65,1.0
2024-01-25,5,74.125,2.0
2024-01-25,6,63.4875,1.27
2024-01-26,1,47.8625,0.9
2024-01-26,2,46.2625,1.1
2024-01-26,3,71.1,1.91
2024-01-26,4,56.25,1.08
2024-01-26,5,73.65,2.89
2024-01-26,6,67.875,1.49
2024-01-27,1,55.4875,0.61
2024-01-27,2,53.125,0.98
2024-01-27,3,63.845,1.08
2024-01-27,4,56.925,1.04
2024-01-27,5,74.6,2.44
2024-01-27,6,68.0,1.13
2024-01-28,1,56.9725,0.5
2024-01-28,2,49.03,0.72
2024-01-28,3,51.55,1.11
2024-01-28,4,52.5,0.93
2024-01-28,5,72.4,2.87
2024-01-28,6,61.025,1.35
2024-01-29,1,53.825,0.93
2024-01-29,2,64.35,0.79
2024-01-29,3,78.825,1.44
2024-01-29,4,73.625,0.9499999999999998
2024-01-29,5,85.375,5.590000000000001
2024-01-29,6,69.375,1.49
2024-01-30,1,58.825,1.01
2024-01-30,2,61.474999999999994,0.9
2024-01-30,3,74.675,1.5
2024-01-30,4,66.1,0.87
2024-01-30,5,82.725,5.43
2024-01-30,6,70.2,1.5
2024-01-31,1,60.65,0.9
2024-01-31,2,60.7,0.92
2024-01-31,3,74.125,1.56
2024-01-31,4,59.25,1.0
2024-01-31,5,70.0,1.28
2024-01-31,6,59.75,1.25
2024-02-01,1,44.575,0.79
2024-02-01,2,56.425,0.7
2024-02-01,3,75.825,1.57
2024-02-01,4,65.025,1.07
2024-02-01,5,80.6125,2.13
2024-02-01,6,69.9,1.5
2024-02-02,1,48.5,0.55
2024-02-02,2,49.775,0.62
2024-02-02,3,73.725,1.5
2024-02-02,4,59.475,0.81
2024-02-02,5,70.8,2.27
2024-02-02,6,58.0,1.5
2024-02-03,1,27.875,0.65
2024-02-03,2,21.65,0.48
2024-02-03,3,52.75,1.15
2024-02-03,4,48.875,0.94
2024-02-03,5,63.825,3.0
2024-02-03,6,49.0,0.98
2024-02-04,1,17.15,0.45
2024-02-04,2,3.675,0.52
2024-02-04,3,24.65,0.99
2024-02-04,4,43.7,0.87
2024-02-04,5,67.6,4.0
2024-02-04,6,47.65,1.2
2024-02-05,1,20.025,0.45
2024-02-05,2,34.849999999999994,1.0
2024-02-05,3,72.3,1.11
2024-02-05,4,63.75,0.92
2024-02-05,5,75.55,2.0
2024-02-05,6,58.725,1.28
2024-02-06,1,18.75,0.51
2024-02-06,2,28.125,0.5
2024-02-06,3,70.575,1.49
2024-02-06,4,66.425,1.05
2024-02-06,5,78.85,2.2
2024-02-06,6,71.0625,1.5
2024-02-07,1,62.3875,0.61
2024-02-07,2,65.325,0.61
2024-02-07,3,78.675,1.2
2024-02-07,4,71.35,0.89
2024-02-07,5,94.175,8.25
2024-02-07,6,78.0,1.49
2024-02-08,1,65.8,0.67
2024-02-08,2,63.625,0.76
2024-02-08,3,78.625,1.94
2024-02-08,4,70.1,0.91
2024-02-08,5,71.275,1.5
2024-02-08,6,62.0,1.5
2024-02-09,1,39.9375,0.6400000000000001
2024-02-09,2,39.85,0.5
2024-02-09,3,67.125,1.4
2024-02-09,4,65.15,0.8399999999999999
2024-02-09,5,75.475,1.74
2024-02-09,6,66.9875,1.49
2024-02-10,1,57.625,0.59
2024-02-10,2,58.375,0.5
2024-02-10,3,68.6,0.97
2024-02-10,4,65.45,0.95
2024-02-10,5,79.575,1.95
2024-02-10,6,71.3625,1.0
2024-02-11,1,66.595,0.5
2024-02-11,2,61.1,0.59
2024-02-11,3,67.0,1.02
2024-02-11,4,67.225,1.08
2024-02-11,5,77.9,2.08
2024-02-11,6,65.7775,0.99
2024-02-12,1,57.3,0.5
2024-02-12,2,64.325,0.7
2024-02-12,3,77.0375,1.78
2024-02-12,4,59.875,1.23
2024-02-12,5,74.35,2.25
2024-02-12,6,64.9375,1.6
2024-02-13,1,53.7,0.58
2024-02-13,2,58.775,0.58
2024-02-13,3,69.475,1.67
2024-02-13,4,63.0,0.9
2024-02-13,5,77.0875,2.6
2024-02-13,6,65.0,1.5
2024-02-14,1,57.05,0.51
2024-02-14,2,58.95,0.55
2024-02-14,3,67.475,1.35
2024-02-14,4,60.925,0.8399999999999999
2024-02-14,5,74.7,2.16
2024-02-14,6,64.825,1.3
2024-02-15,1,53.6625,0.5
2024-02-15,2,56.325,0.5
2024-02-15,3,65.225,1.3
2024-02-15,4,60.725,0.82
2024-02-15,5,74.0375,1.75
2024-02-15,6,65.0,1.14
2024-02-16,1,56.35,0.7
2024-02-16,2,56.375,0.6
2024-02-16,3,65.05,1.3
2024-02-16,4,58.5,1.14
2024-02-16,5,71.125,2.2
2024-02-16,6,67.0,1.37
2024-02-17,1,61.9,0.7
2024-02-17,2,56.7,0.7
2024-02-17,3,63.15,1.29
2024-02-17,4,56.6,1.0
2024-02-17,5,65.0025,1.49
2024-02-17,6,60.587500000000006,0.93
2024-02-18,1,53.625,0.4
2024-02-18,2,48.975,0.21
2024-02-18,3,58.075,1.0
2024-02-18,4,58.65,0.82
2024-02-18,5,66.25,2.35
2024-02-18,6,59.575,1.0
2024-02-19,1,50.75,0.52
2024-02-19,2,54.525,0.2
2024-02-19,3,62.975,1.17
2024-02-19,4,51.575,0.91
2024-02-19,5,65.8,2.16
2024-02-19,6,59.3,1.06
2024-02-20,1,49.45,0.5
2024-02-20,2,54.425,0.71
2024-02-20,3,63.7875,1.16
2024-02-20,4,50.2,0.9
2024-02-20,5,63.9375,1.51
2024-02-20,6,60.0125,1.0
2024-02-21,1,47.675,0.5
2024-02-21,2,46.3,0.49
2024-02-21,3,59.5,1.1899999999999995
2024-02-21,4,50.5,0.8
2024-02-21,5,60.625,1.56
2024-02-21,6,56.275,1.44
2024-02-22,1,29.7,0.4
2024-02-22,2,40.35,0.57
2024-02-22,3,63.775,1.0
2024-02-22,4,60.224999999999994,0.75
2024-02-22,5,62.275,1.69
2024-02-22,6,53.7175,1.23
2024-02-23,1,36.65,0.51
2024-02-23,2,41.35,0.5
2024-02-23,3,62.725,1.25
2024-02-23,4,57.225,1.02
2024-02-23,5,71.2125,1.9
2024-02-23,6,68.9875,2.32
2024-02-24,1,57.05,0.5
2024-02-24,2,54.225,0.51
2024-02-24,3,61.45,1.08
2024-02-24,4,54.55,0.6799999999999999
2024-02-24,5,67.675,2.25
2024-02-24,6,64.7,1.02
2024-02-25,1,60.0,0.08
2024-02-25,2,53.975,0.4
2024-02-25,3,58.075,0.9
2024-02-25,4,63.2,0.7
2024-02-25,5,69.0125,1.43
2024-02-25,6,58.575,0.86
2024-02-26,1,48.5625,0.45
2024-02-26,2,52.6425,1.0
2024-02-26,3,63.3425,1.25
2024-02-26,4,57.725,1.1
2024-02-26,5,69.05,3.5
2024-02-26,6,62.675,1.58
2024-02-27,1,52.475,0.4
2024-02-27,2,56.125,1.0
2024-02-27,3,66.45,1.45
2024-02-27,4,57.475,0.6
2024-02-27,5,71.725,2.12
2024-02-27,6,63.55,1.33
2024-02-28,1,55.525,0.65
2024-02-28,2,60.475,0.9
2024-02-28,3,69.2,2.3
2024-02-28,4,55.8,1.36
2024-02-28,5,67.0,1.5
2024-02-28,6,56.599999999999994,1.25
2024-02-29,1,40.875,0.5
2024-02-29,2,45.575,0.55
2024-02-29,3,62.025,0.75
2024-02-29,4,59.4375,0.6
2024-02-29,5,69.2,1.79
2024-02-29,6,66.225,1.93
2024-03-01,1,58.3,0.5
2024-03-01,2,59.349999999999994,0.5
2024-03-01,3,66.7,1.51
2024-03-01,4,58.125,1.25
2024-03-01,5,71.05,2.46
2024-03-01,6,66.0,1.52
2024-03-02,1,61.1425,0.0
2024-03-02,2,57.775,0.0
2024-03-02,3,66.28,4.81
2024-03-02,4,60.0,0.5
2024-03-02,5,71.575,2.5
2024-03-02,6,65.425,0.9
2024-03-03,1,62.4,0.4
2024-03-03,2,59.525,0.84
2024-03-03,3,62.599999999999994,0.81
2024-03-03,4,65.0,0.91
2024-03-03,5,79.85,2.25
2024-03-03,6,73.925,0.9
2024-03-04,1,61.025,0.67
2024-03-04,2,64.4125,0.9
2024-03-04,3,76.6,1.53
2024-03-04,4,63.1,0.59
2024-03-04,5,75.1175,1.9
2024-03-04,6,63.2625,1.15
2024-03-05,1,52.8,0.4
2024-03-05,2,60.9625,0.46
2024-03-05,3,69.225,1.35
2024-03-05,4,58.225,0.5
2024-03-05,5,77.0,3.0
2024-03-05,6,70.15,1.0
2024-03-06,1,63.7,0.5
2024-03-06,2,67.85,0.52
2024-03-06,3,75.675,1.38
2024-03-06,4,63.45,0.49
2024-03-06,5,82.875,2.41
2024-03-06,6,70.0,1.48
2024-03-07,1,62.8375,0.5
2024-03-07,2,68.1625,0.74
2024-03-07,3,73.95,2.35
2024-03-07,4,58.3875,0.75
2024-03-07,5,74.65,1.77
2024-03-07,6,65.8625,1.25
2024-03-08,1,59.05,0.5
2024-03-08,2,62.95,0.51
2024-03-08,3,68.25,1.21
2024-03-08,4,48.95,0.75
2024-03-08,5,69.0,1.8
2024-03-08,6,62.675,1.2
2024-03-09,1,46.775,0.5
2024-03-09,2,43.1125,0.71
2024-03-09,3,47.05,0.84
2024-03-09,4,40.95,0.84
2024-03-09,5,66.0,2.87
2024-03-09,6,62.1,1.43
2024-03-10,1,43.912499999999994,0.75
2024-03-10,2,32.25,0.41
2024-03-10,3,43.849999999999994,1.1
2024-03-10,4,60.025000000000006,0.7
2024-03-10,5,72.125,1.57
2024-03-10,6,68.025,2.2
2024-03-11,1,58.15,0.66
2024-03-11,2,61.7,0.75
2024-03-11,3,71.85,1.0
2024-03-11,4,68.55,0.47
2024-03-11,5,82.3625,3.0
2024-03-11,6,70.325,1.14
2024-03-12,1,61.6,0.9
2024-03-12,2,63.99,0.69
2024-03-12,3,73.8275,1.89
2024-03-12,4,62.75,0.94
2024-03-12,5,72.83,2.3
2024-03-12,6,64.5875,1.96
2024-03-13,1,49.5925,0.65
2024-03-13,2,54.4075,1.3
2024-03-13,3,65.5,3.17
2024-03-13,4,55.425,0.93
2024-03-13,5,67.5,4.63
2024-03-13,6,63.225,2.68
2024-03-14,1,50.35,0.41
2024-03-14,2,57.225,1.0
2024-03-14,3,67.775,1.57
2024-03-14,4,57.625,1.0
2024-03-14,5,69.3,2.5
2024-03-14,6,61.2625,1.88
2024-03-15,1,43.0,0.91
2024-03-15,2,47.0,0.99
2024-03-15,3,62.9,1.49
2024-03-15,4,59.1,0.91
2024-03-15,5,68.0,3.899999999999999
2024-03-15,6,65.0,2.06
2024-03-16,1,59.6875,0.82
2024-03-16,2,60.275,0.95
2024-03-16,3,72.825,1.49
2024-03-16,4,63.7,0.95
2024-03-16,5,69.5,1.5
2024-03-16,6,62.0,1.01
2024-03-17,1,48.725,0.85
2024-03-17,2,46.775,0.76
2024-03-17,3,60.8,0.92
2024-03-17,4,61.1875,0.9
2024-03-17,5,72.475,3.39
2024-03-17,6,67.625,1.28
2024-03-18,1,60.65,0.4
2024-03-18,2,66.975,0.6
2024-03-18,3,79.0,1.49
2024-03-18,4,61.7,1.5
2024-03-18,5,76.775,2.53
2024-03-18,6,68.3,1.5
2024-03-19,1,50.85,0.5
2024-03-19,2,58.575,1.07
2024-03-19,3,72.9125,2.0
2024-03-19,4,65.75,1.0
2024-03-19,5,85.375,5.0
2024-03-19,6,79.275,2.55
2024-03-20,1,65.575,0.97
2024-03-20,2,70.425,1.0
2024-03-20,3,78.525,1.38
2024-03-20,4,68.25,-0.36
2024-03-20,5,89.225,5.5
2024-03-20,6,78.5125,1.53
2024-03-21,1,66.275,0.88
2024-03-21,2,65.6,1.0
2024-03-21,3,74.125,1.89
2024-03-21,4,57.825,1.25
2024-03-21,5,73.55,6.69
2024-03-21,6,65.55,1.82
2024-03-22,1,40.8625,0.73
2024-03-22,2,42.1,0.98
2024-03-22,3,68.0875,2.0
2024-03-22,4,53.75,0.88
2024-03-22,5,70.15,5.23
2024-03-22,6,60.85,2.58
2024-03-23,1,11.75,0.5
2024-03-23,2,1.65,0.92
2024-03-23,3,0.975,1.98
2024-03-23,4,-8.025,1.0
2024-03-23,5,28.875,3.83
2024-03-23,6,30.775,3.18
2024-03-24,1,1.7999999999999998,0.72
2024-03-24,2,-1.775,0.53
2024-03-24,3,4.325,1.15
2024-03-24,4,42.575,0.8
2024-03-24,5,73.7125,2.1
2024-03-24,6,79.25,3.3
2024-03-25,1,66.2,1.15
2024-03-25,2,65.5625,0.68
2024-03-25,3,80.35,1.05
2024-03-25,4,67.775,0.51
2024-03-25,5,80.95,3.5
2024-03-25,6,66.95,1.38
2024-03-26,1,60.875,0.91
2024-03-26,2,64.65,1.0
2024-03-26,3,77.95,2.1
2024-03-26,4,69.65,0.99
2024-03-26,5,81.0,4.5
2024-03-26,6,68.8,2.5
2024-03-27,1,50.125,1.0
2024-03-27,2,52.65,1.24
2024-03-27,3,67.325,2.0
2024-03-27,4,58.675,0.91
2024-03-27,5,78.25,5.51
2024-03-27,6,69.85,2.0
2024-03-28,1,51.15,1.22
2024-03-28,2,47.475,0.85
2024-03-28,3,62.075,1.14
2024-03-28,4,54.125,0.89
2024-03-28,5,68.0,3.0
2024-03-28,6,62.0,2.61
2024-03-29,1,41.15,1.07
2024-03-29,2,45.85,0.74
2024-03-29,3,72.65,2.38
2024-03-29,4,53.3375,1.32
2024-03-29,5,71.875,3.32
2024-03-29,6,71.0,2.1
2024-03-30,1,60.05,0.9499999999999998
2024-03-30,2,60.225,0.5
2024-03-30,3,70.375,0.94
2024-03-30,4,62.5,0.75
2024-03-30,5,77.35,2.0
2024-03-30,6,77.4,2.5
2024-03-31,1,73.2,1.0342843691148775
2024-03-31,2,63.9,0.96
2024-03-31,3,64.775,1.07
2024-03-31,4,59.95,2.15
2024-03-31,5,58.35,1.82
2024-03-31,6,73.625,1.14
2024-04-01,1,56.2,0.79
2024-04-01,2,53.475,1.0
2024-04-01,3,66.3,1.2
2024-04-01,4,68.3,1.51
2024-04-01,5,63.1,2.45
2024-04-01,6,80.29,0.96
2024-04-02,1,59.975,0.93
2024-04-02,2,56.875,2.5
2024-04-02,3,74.6375,1.0
2024-04-02,4,70.3375,1.49
2024-04-02,5,69.5575,2.0
2024-04-02,6,78.545,0.64
2024-04-03,1,53.35,1.0
2024-04-03,2,47.05,2.95
2024-04-03,3,71.575,0.94
2024-04-03,4,62.275000000000006,2.59
2024-04-03,5,60.5625,1.68
2024-04-03,6,71.175,0.5
2024-04-04,1,49.375,0.89
2024-04-04,2,50.8,1.63
2024-04-04,3,73.775,0.96
2024-04-04,4,61.625,1.49
2024-04-04,5,64.15,1.64
2024-04-04,6,71.1,1.08
2024-04-05,1,42.175,0.85
2024-04-05,2,23.5,4.19
2024-04-05,3,61.325,2.69
2024-04-05,4,39.15,2.52
2024-04-05,5,29.35,2.9
2024-04-05,6,59.375,1.2
2024-04-06,1,26.549999999999997,1.49
2024-04-06,2,6.2,2.75
2024-04-06,3,2.35,1.37
2024-04-06,4,-10.525,3.28
2024-04-06,5,-2.4000000000000004,3.39
2024-04-06,6,30.425,0.57
2024-04-07,1,1.625,0.4
2024-04-07,2,-3.5,1.2
2024-04-07,3,-3.2750000000000004,0.51
2024-04-07,4,-6.9,2.89
2024-04-07,5,3.925,2.93
2024-04-07,6,46.175,1.5
2024-04-08,1,24.275,0.96
2024-04-08,2,40.125,1.73
2024-04-08,3,71.7,0.99
2024-04-08,4,62.675,2.5
2024-04-08,5,70.1875,2.98
2024-04-08,6,79.075,1.2
2024-04-09,1,58.85,0.9
2024-04-09,2,45.2,3.0
2024-04-09,3,70.625,2.0
2024-04-09,4,50.425,2.94
2024-04-09,5,33.599999999999994,3.31
2024-04-09,6,62.8,0.78
2024-04-10,1,29.799999999999997,1.77
2024-04-10,2,41.5,5.0
2024-04-10,3,75.4,1.16
2024-04-10,4,60.85,1.55
2024-04-10,5,45.75,3.11
2024-04-10,6,63.2,1.68
2024-04-11,1,11.9,0.87
2024-04-11,2,3.125,1.33
2024-04-11,3,60.474999999999994,0.97
2024-04-11,4,59.175,1.84
2024-04-11,5,62.025000000000006,4.0
2024-04-11,6,75.75,0.64
2024-04-12,1,25.7,1.0
2024-04-12,2,11.375,4.03
2024-04-12,3,59.425,1.0
2024-04-12,4,14.4,1.94
2024-04-12,5,18.975,4.37
2024-04-12,6,60.45,1.2
2024-04-13,1,12.15,1.0
2024-04-13,2,13.75,3.27
2024-04-13,3,29.5,2.76
2024-04-13,4,-7.699999999999999,3.359999999999999
2024-04-13,5,-6.15,3.48
2024-04-13,6,29.45,1.21
2024-04-14,1,2.025,1.04
2024-04-14,2,0.9875,1.36
2024-04-14,3,9.025,1.2
2024-04-14,4,16.175,1.76
2024-04-14,5,27.75,5.18
2024-04-14,6,69.45,1.21
2024-04-15,1,14.3625,1.3
2024-04-15,2,1.4,4.18
2024-04-15,3,51.9,2.06
2024-04-15,4,19.625,3.6000000000000005
2024-04-15,5,18.65,4.5
2024-04-15,6,61.099999999999994,3.0
2024-04-16,1,1.3250000000000002,1.31
2024-04-16,2,-1.725,5.5
2024-04-16,3,51.175,1.48
2024-04-16,4,27.15,4.0
2024-04-16,5,43.9,5.25
2024-04-16,6,84.8,1.61
2024-04-17,1,58.425,1.0
2024-04-17,2,50.7,3.51
2024-04-17,3,79.65,1.58
2024-04-17,4,66.175,2.4
2024-04-17,5,72.2,4.55
2024-04-17,6,92.45,1.0
2024-04-18,1,73.95,1.2
2024-04-18,2,73.7,6.25
2024-04-18,3,89.85,2.0
2024-04-18,4,66.425,3.13
2024-04-18,5,64.2875,2.6
2024-04-18,6,79.725,1.59
2024-04-19,1,41.4,0.5
2024-04-19,2,17.575000000000003,5.0
2024-04-19,3,62.575,1.82
2024-04-19,4,32.325,4.81
2024-04-19,5,32.975,4.75
2024-04-19,6,77.125,1.28
2024-04-20,1,58.3375,0.63
2024-04-20,2,53.675,1.85
2024-04-20,3,75.7,0.5
2024-04-20,4,66.975,1.77
2024-04-20,5,63.95,3.18
2024-04-20,6,87.19749999999999,1.07
2024-04-21,1,69.125,1.31
2024-04-21,2,59.85,1.86
2024-04-21,3,61.75,1.0
2024-04-21,4,70.325,3.01
2024-04-21,5,71.825,3.0
2024-04-21,6,88.35,1.27
2024-04-22,1,69.05000000000001,1.75
2024-04-22,2,67.8,3.22
2024-04-22,3,88.65,0.93
2024-04-22,4,69.925,3.0
2024-04-22,5,73.85249999999999,2.67
2024-04-22,6,88.7175,1.13
2024-04-23,1,67.775,2.51
2024-04-23,2,67.3375,4.5
2024-04-23,3,88.85,1.56
2024-04-23,4,65.35,2.46
2024-04-23,5,65.85,2.62
2024-04-23,6,86.45,1.05
2024-04-24,1,62.6875,0.97
2024-04-24,2,59.525,3.75
2024-04-24,3,82.625,1.2
2024-04-24,4,63.875,1.59
2024-04-24,5,65.7,2.17
2024-04-24,6,85.6125,1.41
2024-04-25,1,69.7,1.37
2024-04-25,2,66.125,2.32
2024-04-25,3,85.8375,1.25
2024-04-25,4,64.475,1.71
2024-04-25,5,71.725,2.7
2024-04-25,6,94.675,1.15
2024-04-26,1,69.075,1.1
2024-04-26,2,67.65,2.25
2024-04-26,3,88.3,1.25
2024-04-26,4,71.95,2.23
2024-04-26,5,73.125,3.4
2024-04-26,6,92.7125,0.85
2024-04-27,1,73.7625,1.3
2024-04-27,2,67.625,1.39
2024-04-27,3,72.975,1.25
2024-04-27,4,73.425,1.9
2024-04-27,5,69.6625,1.82
2024-04-27,6,79.7875,0.98
2024-04-28,1,60.775,0.72
2024-04-28,2,44.1,1.68
2024-04-28,3,56.875,1.14
2024-04-28,4,67.8,2.18
2024-04-28,5,55.947500000000005,2.38
2024-04-28,6,80.975,1.47
2024-04-29,1,58.1,2.56
2024-04-29,2,56.55,3.8
2024-04-29,3,77.05000000000001,1.53
2024-04-29,4,54.275,3.5
2024-04-29,5,59.05,3.5
2024-04-29,6,86.15,1.57
2024-04-30,1,59.925,2.5
2024-04-30,2,59.475,4.55
2024-04-30,3,78.42500000000001,2.99
2024-04-30,4,50.7,4.22
2024-04-30,5,55.5625,3.83
2024-04-30,6,83.6625,1.13
2024-05-01,1,62.025,1.18
2024-05-01,2,60.85,2.82
2024-05-01,3,79.8,1.0
2024-05-01,4,68.325,1.51
2024-05-01,5,66.8,1.86
2024-05-01,6,78.45,1.0
2024-05-02,1,59.175,0.72
2024-05-02,2,49.025,3.5
2024-05-02,3,77.625,1.5
2024-05-02,4,60.3125,2.4
2024-05-02,5,56.2,2.45
2024-05-02,6,77.875,0.9
2024-05-03,1,62.075,1.23
2024-05-03,2,57.4,2.5
2024-05-03,3,78.325,1.17
2024-05-03,4,71.475,2.68
2024-05-03,5,65.4875,2.47
2024-05-03,6,79.0,1.04
2024-05-04,1,67.825,0.87
2024-05-04,2,64.9125,2.02
2024-05-04,3,74.17500000000001,1.27
2024-05-04,4,74.025,4.0
2024-05-04,5,65.275,3.23
2024-05-04,6,88.35,0.8
2024-05-05,1,77.7,1.0
2024-05-05,2,70.85,2.0
2024-05-05,3,73.15,1.84
2024-05-05,4,76.85,2.5
2024-05-05,5,72.7,2.75
2024-05-05,6,91.275,0.87
2024-05-06,1,72.25,1.43
2024-05-06,2,70.85,1.75
2024-05-06,3,81.575,1.04
2024-05-06,4,72.1875,2.04
2024-05-06,5,74.9,2.38
2024-05-06,6,90.9,1.0
2024-05-07,1,69.975,1.0
2024-05-07,2,68.225,3.5
2024-05-07,3,88.925,1.5
2024-05-07,4,67.8125,1.68
2024-05-07,5,69.5375,2.37
2024-05-07,6,91.1,1.0
2024-05-08,1,73.575,0.99
2024-05-08,2,71.2,3.3
2024-05-08,3,90.4,1.22
2024-05-08,4,67.0375,1.51
2024-05-08,5,71.425,2.0
2024-05-08,6,90.425,1.05
2024-05-09,1,69.6,1.0
2024-05-09,2,63.175,2.25
2024-05-09,3,79.375,1.42
2024-05-09,4,67.075,1.86
2024-05-09,5,69.4,2.94
2024-05-09,6,90.975,1.16
2024-05-10,1,73.375,1.28
2024-05-10,2,67.65,2.23
2024-05-10,3,84.1375,1.29
2024-05-10,4,68.4,2.47
2024-05-10,5,68.075,2.0
2024-05-10,6,89.0375,1.06
2024-05-11,1,75.4875,1.4
2024-05-11,2,69.375,1.5699999999999998
2024-05-11,3,72.125,2.03
2024-05-11,4,60.5,2.45
2024-05-11,5,52.1,3.5199999999999996
2024-05-11,6,84.05,2.54
2024-05-12,1,58.375,1.75
2024-05-12,2,39.375,1.9299999999999995
2024-05-12,3,38.6,1.47
2024-05-12,4,38.125,2.17
2024-05-12,5,50.125,4.23
2024-05-12,6,82.0,1.3
2024-05-13,1,62.224999999999994,1.7
2024-05-13,2,57.8,4.0
2024-05-13,3,82.15,1.25
2024-05-13,4,70.375,3.87
2024-05-13,5,61.45,3.8
2024-05-13,6,82.25,1.94
2024-05-14,1,54.15,1.26
2024-05-14,2,41.6,3.45
2024-05-14,3,74.05,1.29
2024-05-14,4,67.8,2.53
2024-05-14,5,64.8625,3.14
2024-05-14,6,84.02250000000001,1.02
2024-05-15,1,65.6875,0.93
2024-05-15,2,60.125,2.5
2024-05-15,3,80.225,1.42
2024-05-15,4,69.725,3.5
2024-05-15,5,63.75,3.0
2024-05-15,6,87.05,1.0
2024-05-16,1,70.275,0.92
2024-05-16,2,66.225,2.85
2024-05-16,3,81.5,1.66
2024-05-16,4,70.2,2.8
2024-05-16,5,68.85,2.56
2024-05-16,6,85.0,0.89
2024-05-17,1,67.65,0.8
2024-05-17,2,65.225,2.15
2024-05-17,3,81.675,1.12
2024-05-17,4,67.5,2.33
2024-05-17,5,70.3625,3.1
2024-05-17,6,88.6,1.08
2024-05-18,1,74.3875,0.91
2024-05-18,2,63.8675,3.5
2024-05-18,3,73.275,2.65
2024-05-18,4,73.7,2.54
2024-05-18,5,64.75,2.99
2024-05-18,6,85.925,1.06
2024-05-19,1,77.5,1.0
2024-05-19,2,69.85,1.5
2024-05-19,3,72.8,1.5
2024-05-19,4,65.1875,2.0
2024-05-19,5,61.35,3.0
2024-05-19,6,86.75,1.03
2024-05-20,1,71.35,1.12
2024-05-20,2,64.15,2.5
2024-05-20,3,86.825,1.47
2024-05-20,4,69.605,3.0
2024-05-20,5,67.2925,3.13
2024-05-20,6,91.075,1.0
2024-05-21,1,70.9,1.19
2024-05-21,2,67.45,2.05
2024-05-21,3,86.575,1.38
2024-05-21,4,76.775,3.0
2024-05-21,5,76.8,3.45
2024-05-21,6,93.5125,1.2
2024-05-22,1,77.35,0.93
2024-05-22,2,66.925,2.37
2024-05-22,3,86.6875,1.25
2024-05-22,4,80.025,1.66
2024-05-22,5,69.2,1.83
2024-05-22,6,80.8375,1.55
2024-05-23,1,47.15,1.36
2024-05-23,2,27.674999999999997,2.38
2024-05-23,3,73.875,1.24
2024-05-23,4,61.575,1.78
2024-05-23,5,70.875,3.23
2024-05-23,6,93.175,0.8
2024-05-24,1,78.575,0.73
2024-05-24,2,77.7,1.68
2024-05-24,3,94.85,1.35
2024-05-24,4,82.6675,2.27
2024-05-24,5,79.75,2.01
2024-05-24,6,99.4425,1.1
2024-05-25,1,85.8675,1.02
2024-05-25,2,78.75,1.66
2024-05-25,3,83.3,2.1
2024-05-25,4,71.825,1.89
2024-05-25,5,66.8,2.5
2024-05-25,6,96.225,1.12
2024-05-26,1,81.55,1.34
2024-05-26,2,73.025,1.68
2024-05-26,3,70.875,1.79
2024-05-26,4,73.55,3.0
2024-05-26,5,65.1375,3.6
2024-05-26,6,91.75,0.72
2024-05-27,1,72.55,1.11
2024-05-27,2,68.92500000000001,1.7599999999999998
2024-05-27,3,86.325,1.5
2024-05-27,4,76.425,2.71
2024-05-27,5,76.5375,2.76
2024-05-27,6,98.85,1.16
2024-05-28,1,81.075,1.2
2024-05-28,2,73.57499999999999,2.0
2024-05-28,3,93.625,1.42
2024-05-28,4,81.975,1.7599999999999998
2024-05-28,5,76.175,2.0
2024-05-28,6,91.075,1.11
2024-05-29,1,65.1,0.5
2024-05-29,2,55.675,2.0
2024-05-29,3,81.925,1.3
2024-05-29,4,78.475,1.43
2024-05-29,5,74.8,2.91
2024-05-29,6,96.8625,2.0
2024-05-30,1,75.175,1.25
2024-05-30,2,59.05,3.75
2024-05-30,3,78.725,1.8500000000000003
2024-05-30,4,66.2,2.37
2024-05-30,5,58.95,3.25
2024-05-30,6,89.85,1.5
2024-05-31,1,60.375,1.22
2024-05-31,2,45.125,3.25
2024-05-31,3,76.8,1.83
2024-05-31,4,69.45,2.69
2024-05-31,5,59.6,3.45
2024-05-31,6,85.125,1.02
2024-06-01,1,63.3,1.4
2024-06-01,2,50.375,1.48
2024-06-01,3,54.525,2.0
2024-06-01,4,47.1,2.45
2024-06-01,5,42.975,3.47
2024-06-01,6,83.9,1.18
2024-06-02,1,72.5,1.42
2024-06-02,2,46.45,1.48
2024-06-02,3,50.9,1.52
2024-06-02,4,46.95,3.140000000000001
2024-06-02,5,51.05,3.6000000000000005
2024-06-02,6,94.9625,1.1
2024-06-03,1,78.55,2.0
2024-06-03,2,68.05,2.0
2024-06-03,3,88.55,1.1
2024-06-03,4,81.9,2.42
2024-06-03,5,79.2,4.17
2024-06-03,6,103.625,1.3
2024-06-04,1,84.125,3.44
2024-06-04,2,76.65,6.06
2024-06-04,3,91.125,3.25
2024-06-04,4,50.625,3.2400000000000007
2024-06-04,5,50.875,6.75
2024-06-04,6,90.7,1.6899999999999995
2024-06-05,1,56.55,1.8
2024-06-05,2,43.45,10.0
2024-06-05,3,81.05,2.34
2024-06-05,4,53.25,3.1499999999999995
2024-06-05,5,50.974999999999994,5.5
2024-06-05,6,102.675,1.0
2024-06-06,1,76.0125,2.25
2024-06-06,2,68.0,2.01
2024-06-06,3,92.85,1.75
2024-06-06,4,69.525,2.75
2024-06-06,5,68.075,3.899999999999999
2024-06-06,6,101.575,1.13
2024-06-07,1,80.95,1.65
2024-06-07,2,70.05,2.45
2024-06-07,3,80.825,2.75
2024-06-07,4,42.825,2.76
2024-06-07,5,39.587500000000006,4.72
2024-06-07,6,91.925,2.2
2024-06-08,1,66.8,1.3
2024-06-08,2,37.4125,1.83
2024-06-08,3,23.4875,1.5
2024-06-08,4,-1.4375,2.41
2024-06-08,5,11.45,7.0
2024-06-08,6,84.1,1.56
2024-06-09,1,49.5625,1.43
2024-06-09,2,11.6,0.75
2024-06-09,3,-3.325,1.29
2024-06-09,4,-5.25,3.31
2024-06-09,5,37.125,7.5
2024-06-09,6,93.475,1.12
2024-06-10,1,73.125,1.8
2024-06-10,2,59.075,3.23
2024-06-10,3,88.375,1.75
2024-06-10,4,60.75,3.49
2024-06-10,5,52.525,2.7
2024-06-10,6,92.325,1.7099999999999995
2024-06-11,1,63.724999999999994,1.65
2024-06-11,2,50.7,1.65
2024-06-11,3,80.525,1.0
2024-06-11,4,74.525,1.94
2024-06-11,5,74.125,3.73
2024-06-11,6,97.375,0.82
2024-06-12,1,74.9125,1.0
2024-06-12,2,71.0625,1.17
2024-06-12,3,84.92500000000001,0.75
2024-06-12,4,84.875,1.49
2024-06-12,5,83.19999999999999,2.5
2024-06-12,6,106.5375,1.48
2024-06-13,1,83.525,0.5
2024-06-13,2,74.65,2.5
2024-06-13,3,91.775,1.14
2024-06-13,4,77.775,1.17
2024-06-13,5,70.0,2.63
2024-06-13,6,90.1875,1.26
2024-06-14,1,51.175,1.73
2024-06-14,2,40.4,3.0
2024-06-14,3,84.1,1.25
2024-06-14,4,76.975,1.94
2024-06-14,5,70.25,3.37
2024-06-14,6,98.4,0.97
2024-06-15,1,80.4,0.7
2024-06-15,2,60.925,2.5
2024-06-15,3,77.2,1.64
2024-06-15,4,63.725,2.53
2024-06-15,5,59.825,2.02
2024-06-15,6,92.35,1.1
2024-06-16,1,75.725,0.7
2024-06-16,2,47.6,1.61
2024-06-16,3,56.75,1.5
2024-06-16,4,78.0,1.56
2024-06-16,5,69.7,2.76
2024-06-16,6,97.7125,1.1
2024-06-17,1,75.95,2.19
2024-06-17,2,69.8375,4.49
2024-06-17,3,91.0,1.3
2024-06-17,4,79.475,1.75
2024-06-17,5,81.55,4.0
2024-06-17,6,109.25,0.9
2024-06-18,1,81.325,1.5
2024-06-18,2,76.175,2.11
2024-06-18,3,94.325,1.82
2024-06-18,4,82.875,2.45
2024-06-18,5,78.7,2.97
2024-06-18,6,100.625,1.0
2024-06-19,1,75.6375,0.1
2024-06-19,2,71.175,3.0
2024-06-19,3,93.05,1.2
2024-06-19,4,81.5,0.99
2024-06-19,5,75.075,2.0
2024-06-19,6,93.875,0.95
2024-06-20,1,76.5,0.5
2024-06-20,2,73.05,1.9299999999999995
2024-06-20,3,95.8875,0.75
2024-06-20,4,77.075,2.08
2024-06-20,5,73.75,2.34
2024-06-20,6,103.35,0.6
2024-06-21,1,79.575,1.19
2024-06-21,2,74.15,2.3
2024-06-21,3,95.3275,1.5
2024-06-21,4,69.9,1.65
2024-06-21,5,69.8,2.06
2024-06-21,6,94.1,0.6
2024-06-22,1,75.875,1.0
2024-06-22,2,65.525,1.97
2024-06-22,3,84.05,1.28
2024-06-22,4,81.5,1.52
2024-06-22,5,66.425,2.24
2024-06-22,6,92.75,1.25
2024-06-23,1,73.1,1.28
2024-06-23,2,63.75,1.5
2024-06-23,3,70.0,1.5
2024-06-23,4,83.9,1.81
2024-06-23,5,78.975,2.41
2024-06-23,6,96.3125,0.6
2024-06-24,1,78.44,1.25
2024-06-24,2,74.975,1.56
2024-06-24,3,89.575,0.94
2024-06-24,4,79.9125,1.68
2024-06-24,5,75.5125,2.36
2024-06-24,6,100.525,1.05
2024-06-25,1,74.475,1.0
2024-06-25,2,73.725,1.5
2024-06-25,3,89.775,1.16
2024-06-25,4,72.875,2.29
2024-06-25,5,77.2,2.48
2024-06-25,6,103.125,1.06
2024-06-26,1,82.19749999999999,1.3
2024-06-26,2,73.77,1.58
2024-06-26,3,99.3,0.5
2024-06-26,4,72.6875,1.51
2024-06-26,5,75.9525,2.84
2024-06-26,6,102.375,0.75
2024-06-27,1,77.8875,0.75
2024-06-27,2,63.9675,4.0
2024-06-27,3,80.7125,1.5
2024-06-27,4,32.55,2.53
2024-06-27,5,35.775,3.39
2024-06-27,6,84.0,1.7700000000000002
2024-06-28,1,41.725,2.61
2024-06-28,2,19.2,4.29
2024-06-28,3,42.5225,0.75
2024-06-28,4,4.45,2.94
2024-06-28,5,23.3925,6.0
2024-06-28,6,91.625,1.0
2024-06-29,1,81.225,0.75
2024-06-29,2,70.28,1.31
2024-06-29,3,74.375,1.0
2024-06-29,4,69.02250000000001,1.61
2024-06-29,5,63.3475,2.38
2024-06-29,6,94.4,0.7
2024-06-30,1,81.6,1.6
2024-06-30,2,63.8,1.18
2024-06-30,3,56.27,0.53
2024-06-30,4,80.7775,1.54
2024-06-30,5,79.5975,2.0
2024-06-30,6,94.225,0.72
2024-07-01,1,78.325,0.96
2024-07-01,2,71.725,2.19
2024-07-01,3,89.75999999999999,1.2
2024-07-01,4,78.64750000000001,1.55
2024-07-01,5,69.9375,1.65
2024-07-01,6,88.25,1.09
2024-07-02,1,64.9625,1.32
2024-07-02,2,53.7875,1.39
2024-07-02,3,81.775,0.77
2024-07-02,4,80.425,2.0
2024-07-02,5,79.5225,1.9
2024-07-02,6,97.0775,0.5
2024-07-03,1,76.1375,0.68
2024-07-03,2,56.364999999999995,3.0
2024-07-03,3,86.2925,0.51
2024-07-03,4,75.7875,1.33
2024-07-03,5,62.6025,1.36
2024-07-03,6,74.175,1.25
2024-07-04,1,18.5,0.55
2024-07-04,2,-1.275,5.0
2024-07-04,3,21.575,0.75
2024-07-04,4,-3.325,2.0
2024-07-04,5,2.535,5.43
2024-07-04,6,50.165,1.75
2024-07-05,1,23.3625,1.15
2024-07-05,2,10.1225,1.77
2024-07-05,3,62.7525,1.6
2024-07-05,4,78.2375,3.0
2024-07-05,5,80.775,3.45
2024-07-05,6,92.05,1.5
2024-07-06,1,78.775,0.55
2024-07-06,2,45.9675,2.8
2024-07-06,3,55.1475,2.25
2024-07-06,4,21.5275,1.43
2024-07-06,5,8.1825,3.27
2024-07-06,6,73.7025,1.04
2024-07-07,1,54.9875,1.39
2024-07-07,2,29.0025,1.63
2024-07-07,3,43.81,1.0
2024-07-07,4,73.945,1.66
2024-07-07,5,71.2375,3.51
2024-07-07,6,89.875,0.8
2024-07-08,1,75.575,1.01
2024-07-08,2,71.9975,1.0
2024-07-08,3,85.68,0.75
2024-07-08,4,85.3675,2.0
2024-07-08,5,86.3225,2.43
2024-07-08,6,105.445,0.94
2024-07-09,1,75.375,1.16
2024-07-09,2,60.0275,1.1
2024-07-09,3,77.95,1.25
2024-07-09,4,73.6625,1.69
2024-07-09,5,75.085,3.74
2024-07-09,6,89.775,1.5
2024-07-10,1,65.91,1.01
2024-07-10,2,47.85,2.24
2024-07-10,3,78.0575,0.62
2024-07-10,4,60.2325,1.2
2024-07-10,5,58.260000000000005,2.58
2024-07-10,6,88.4725,1.0
2024-07-11,1,69.75,1.06
2024-07-11,2,62.525,1.5
2024-07-11,3,83.6,0.68
2024-07-11,4,69.275,1.37
2024-07-11,5,65.875,2.04
2024-07-11,6,91.2,0.5
2024-07-12,1,74.275,1.09
2024-07-12,2,63.3275,1.29
2024-07-12,3,78.215,0.89
2024-07-12,4,71.32,1.32
2024-07-12,5,66.0,1.29
2024-07-12,6,81.3375,0.5
2024-07-13,1,68.2325,1.04
2024-07-13,2,49.5925,1.5
2024-07-13,3,69.2875,1.07
2024-07-13,4,73.0875,1.47
2024-07-13,5,62.5,1.75
2024-07-13,6,80.9475,1.27
2024-07-14,1,62.2025,1.25
2024-07-14,2,36.045,1.59
2024-07-14,3,37.3725,1.14
2024-07-14,4,68.715,1.55
2024-07-14,5,67.9075,2.4
2024-07-14,6,83.7875,0.86
2024-07-15,1,69.035,0.9
2024-07-15,2,64.4175,1.0
2024-07-15,3,79.1125,0.75
2024-07-15,4,78.1,1.68
2024-07-15,5,74.825,2.0
2024-07-15,6,92.275,0.97
2024-07-16,1,70.35,1.2
2024-07-16,2,54.7525,1.77
2024-07-16,3,77.9825,1.05
2024-07-16,4,71.38,1.5
2024-07-16,5,63.2575,2.75
2024-07-16,6,85.575,0.83
2024-07-17,1,72.425,1.09
2024-07-17,2,63.2625,2.08
2024-07-17,3,80.175,1.0
2024-07-17,4,68.775,1.5
2024-07-17,5,67.875,2.75
2024-07-17,6,95.5,1.1
2024-07-18,1,74.52250000000001,0.84
2024-07-18,2,65.7625,2.0
2024-07-18,3,83.68,1.0
2024-07-18,4,64.775,1.5
2024-07-18,5,71.725,2.86
2024-07-18,6,100.75,1.04
2024-07-19,1,77.35,1.09
2024-07-19,2,66.875,2.02
2024-07-19,3,82.185,1.24
2024-07-19,4,62.1575,1.33
2024-07-19,5,63.925,2.0
2024-07-19,6,91.575,0.9
2024-07-20,1,72.7,0.9
2024-07-20,2,63.7725,1.22
2024-07-20,3,73.325,1.08
2024-07-20,4,76.3625,1.5
2024-07-20,5,71.875,1.75
2024-07-20,6,89.4075,0.75
2024-07-21,1,70.675,0.82
2024-07-21,2,55.38,1.15
2024-07-21,3,59.3125,1.75
2024-07-21,4,74.125,2.06
2024-07-21,5,68.5675,2.08
2024-07-21,6,87.8725,1.16
2024-07-22,1,72.68,0.96
2024-07-22,2,63.0,1.92
2024-07-22,3,80.6525,1.5
2024-07-22,4,67.75,1.9599999999999995
2024-07-22,5,60.3475,2.25
2024-07-22,6,90.95,0.94
2024-07-23,1,68.575,1.05
2024-07-23,2,63.845,2.0
2024-07-23,3,82.56,1.25
2024-07-23,4,67.795,1.6
2024-07-23,5,62.35,2.0
2024-07-23,6,93.9175,1.82
2024-07-24,1,75.775,1.03
2024-07-24,2,66.14750000000001,4.0
2024-07-24,3,85.725,1.14
2024-07-24,4,74.3325,1.94
2024-07-24,5,65.65,2.32
2024-07-24,6,85.77250000000001,1.0
2024-07-25,1,63.17,1.16
2024-07-25,2,58.05,1.5
2024-07-25,3,77.975,0.91
2024-07-25,4,73.05,1.32
2024-07-25,5,68.5175,2.0
2024-07-25,6,88.025,0.9
2024-07-26,1,67.64750000000001,0.75
2024-07-26,2,61.6025,1.89
2024-07-26,3,80.695,1.0
2024-07-26,4,71.525,1.25
2024-07-26,5,67.65,1.67
2024-07-26,6,89.8375,1.0
2024-07-27,1,75.0925,1.16
2024-07-27,2,69.3075,1.38
2024-07-27,3,73.1625,1.2
2024-07-27,4,71.075,1.65
2024-07-27,5,68.775,1.8
2024-07-27,6,90.4975,1.0
2024-07-28,1,77.84,1.11
2024-07-28,2,64.265,1.38
2024-07-28,3,63.985,1.34
2024-07-28,4,63.54,1.39
2024-07-28,5,65.4,1.96
2024-07-28,6,85.1,0.99
2024-07-29,1,70.4,1.72
2024-07-29,2,63.45,1.82
2024-07-29,3,79.5075,1.6599999999999997
2024-07-29,4,68.95,1.71
2024-07-29,5,67.25,3.25
2024-07-29,6,98.6875,1.07
2024-07-30,1,70.775,1.12
2024-07-30,2,67.925,2.44
2024-07-30,3,83.5075,1.09
2024-07-30,4,67.775,1.64
2024-07-30,5,69.2675,2.9
2024-07-30,6,97.4,1.03
2024-07-31,1,74.0825,1.82
2024-07-31,2,68.1675,2.01
2024-07-31,3,85.125,1.05
2024-07-31,4,71.8925,1.62
2024-07-31,5,74.325,2.18
2024-07-31,6,97.5375,1.0
2024-08-01,1,75.99,1.19
2024-08-01,2,70.05,1.81
2024-08-01,3,89.66499999999999,1.01
2024-08-01,4,77.3625,1.55
2024-08-01,5,76.8925,2.5
2024-08-01,6,100.01,0.97
2024-08-02,1,81.85,1.4
2024-08-02,2,69.025,2.56
2024-08-02,3,83.75,1.76
2024-08-02,4,63.08,1.5
2024-08-02,5,59.4375,3.0
2024-08-02,6,90.135,0.65
2024-08-03,1,78.6675,0.75
2024-08-03,2,71.695,2.11
2024-08-03,3,82.8,1.65
2024-08-03,4,81.095,1.5
2024-08-03,5,68.065,2.81
2024-08-03,6,92.625,1.0
2024-08-04,1,81.2225,1.35
2024-08-04,2,70.49,2.01
2024-08-04,3,76.335,2.0
2024-08-04,4,75.8275,2.07
2024-08-04,5,55.0575,2.02
2024-08-04,6,81.45,1.56
2024-08-05,1,47.9525,1.39
2024-08-05,2,36.1,1.88
2024-08-05,3,68.47749999999999,0.81
2024-08-05,4,56.39,1.66
2024-08-05,5,62.55,3.0
2024-08-05,6,92.4625,0.9
2024-08-06,1,68.6625,0.75
2024-08-06,2,59.97,3.04
2024-08-06,3,86.725,1.03
2024-08-06,4,71.31,1.5
2024-08-06,5,58.195,2.81
2024-08-06,6,89.625,1.4
2024-08-07,1,68.0975,0.75
2024-08-07,2,45.0875,2.5
2024-08-07,3,56.545,0.81
2024-08-07,4,26.95,1.5
2024-08-07,5,37.2675,3.25
2024-08-07,6,85.85,1.35
2024-08-08,1,54.975,1.67
2024-08-08,2,40.447500000000005,2.61
2024-08-08,3,77.685,1.25
2024-08-08,4,79.53999999999999,1.32
2024-08-08,5,66.15,1.65
2024-08-08,6,73.35,2.08
2024-08-09,1,16.525,1.8999999999999997
2024-08-09,2,-6.275,3.86
2024-08-09,3,16.9875,1.42
2024-08-09,4,-2.375,1.5
2024-08-09,5,4.25,5.6
2024-08-09,6,67.7375,2.04
2024-08-10,1,37.0,1.0
2024-08-10,2,14.7,1.77
2024-08-10,3,17.8,1.16
2024-08-10,4,8.61,1.5
2024-08-10,5,18.525,4.25
2024-08-10,6,87.82,0.96
2024-08-11,1,76.775,1.0
2024-08-11,2,64.2,1.6
2024-08-11,3,72.25,1.0
2024-08-11,4,74.675,1.58
2024-08-11,5,67.4525,1.96
2024-08-11,6,80.1225,1.17
2024-08-12,1,38.45,1.05
2024-08-12,2,10.175,1.58
2024-08-12,3,37.03,0.55
2024-08-12,4,30.472500000000004,2.89
2024-08-12,5,67.1,3.17
2024-08-12,6,98.495,1.0
2024-08-13,1,74.175,1.2
2024-08-13,2,64.1,3.0
2024-08-13,3,82.55,1.5
2024-08-13,4,46.4675,2.06
2024-08-13,5,68.7175,3.0
2024-08-13,6,97.6575,1.0
2024-08-14,1,75.795,1.24
2024-08-14,2,68.925,2.95
2024-08-14,3,94.485,1.14
2024-08-14,4,78.89,1.82
2024-08-14,5,73.665,2.5
2024-08-14,6,93.56,1.75
2024-08-15,1,66.175,0.95
2024-08-15,2,36.900000000000006,3.25
2024-08-15,3,58.025,1.7900000000000005
2024-08-15,4,26.4175,2.15
2024-08-15,5,37.095,4.59
2024-08-15,6,88.33,0.94
2024-08-16,1,66.7675,1.19
2024-08-16,2,57.625,3.0
2024-08-16,3,84.0025,2.0
2024-08-16,4,50.56,1.87
2024-08-16,5,56.28,3.28
2024-08-16,6,90.45,1.25
2024-08-17,1,72.97,1.27
2024-08-17,2,64.85,1.8000000000000005
2024-08-17,3,70.815,2.23
2024-08-17,4,34.3,1.88
2024-08-17,5,50.97,3.82
2024-08-17,6,89.8625,1.75
2024-08-18,1,75.075,1.4
2024-08-18,2,55.325,2.01
2024-08-18,3,40.4525,1.53
2024-08-18,4,10.6825,1.69
2024-08-18,5,23.875,4.39
2024-08-18,6,89.75,0.5
2024-08-19,1,77.14750000000001,1.26
2024-08-19,2,73.225,2.54
2024-08-19,3,87.9,1.5
2024-08-19,4,59.505,1.99
2024-08-19,5,67.725,2.59
2024-08-19,6,90.5,1.39
2024-08-20,1,52.1425,1.9
2024-08-20,2,38.125,4.0
2024-08-20,3,77.5075,2.0
2024-08-20,4,37.175,3.01
2024-08-20,5,42.85,5.13
2024-08-20,6,85.2775,1.97
2024-08-21,1,37.5275,1.7
2024-08-21,2,18.6525,5.5
2024-08-21,3,50.215,1.75
2024-08-21,4,4.775,2.5
2024-08-21,5,24.5,5.76
2024-08-21,6,84.95,2.0
2024-08-22,1,28.05,2.13
2024-08-22,2,2.2750000000000004,4.35
2024-08-22,3,27.975,1.51
2024-08-22,4,-1.5025,2.31
2024-08-22,5,20.65,5.5
2024-08-22,6,95.26,3.0
2024-08-23,1,57.07,1.83
2024-08-23,2,21.0,3.0
2024-08-23,3,24.225,2.02
2024-08-23,4,-11.45,2.12
2024-08-23,5,7.7,7.0
2024-08-23,6,93.7125,1.1
2024-08-24,1,63.084999999999994,2.5
2024-08-24,2,53.985,3.1
2024-08-24,3,73.5,3.0
2024-08-24,4,77.95,3.0
2024-08-24,5,26.875,2.75
2024-08-24,6,68.0875,2.07
2024-08-25,1,17.825,1.7199999999999998
2024-08-25,2,-2.975,1.9199999999999997
2024-08-25,3,-4.4925,1.2
2024-08-25,4,-13.925,1.82
2024-08-25,5,1.95,6.0
2024-08-25,6,72.05,1.5
2024-08-26,1,38.8,1.2
2024-08-26,2,23.625,2.0
2024-08-26,3,55.95,1.2
2024-08-26,4,31.8,2.61
2024-08-26,5,62.4375,3.75
2024-08-26,6,98.9875,2.73
2024-08-27,1,67.03999999999999,1.15
2024-08-27,2,35.650000000000006,3.35
2024-08-27,3,65.125,1.63
2024-08-27,4,27.625,2.03
2024-08-27,5,60.905,3.7200000000000006
2024-08-27,6,97.05,1.18
2024-08-28,1,75.35,1.53
2024-08-28,2,74.725,2.35
2024-08-28,3,90.925,1.5
2024-08-28,4,73.595,2.42
2024-08-28,5,73.4875,3.19
2024-08-28,6,102.4925,0.75
2024-08-29,1,79.8125,0.95
2024-08-29,2,78.05499999999999,3.0
2024-08-29,3,96.98,1.5
2024-08-29,4,57.775,2.4
2024-08-29,5,78.72,1.95
2024-08-29,6,106.47,0.87
2024-08-30,1,84.4525,1.19
2024-08-30,2,79.2125,3.25
2024-08-30,3,101.4875,1.61
2024-08-30,4,74.1,1.92
2024-08-30,5,86.8625,1.96
2024-08-30,6,104.705,0.88
2024-08-31,1,86.755,0.9
2024-08-31,2,76.2925,1.75
2024-08-31,3,73.875,1.6599999999999997
2024-08-31,4,26.9,2.53
2024-08-31,5,44.325,3.21
2024-08-31,6,93.7825,1.83
2024-09-01,1,63.1,1.5
2024-09-01,2,38.55,1.8300000000000003
2024-09-01,3,31.225,0.68
2024-09-01,4,13.0,2.03
2024-09-01,5,46.29,4.0
2024-09-01,6,99.15,1.02
2024-09-02,1,79.515,1.32
2024-09-02,2,78.8625,2.5
2024-09-02,3,101.4625,1.0
2024-09-02,4,84.3,2.5
2024-09-02,5,88.525,3.25
2024-09-02,6,108.8225,0.8
2024-09-03,1,80.5125,0.91
2024-09-03,2,82.92,2.73
2024-09-03,3,108.5625,1.54
2024-09-03,4,79.78999999999999,2.5
2024-09-03,5,90.05,4.0
2024-09-03,6,117.7125,0.8
2024-09-04,1,86.65,1.07
2024-09-04,2,80.48,3.43
2024-09-04,3,103.405,1.12
2024-09-04,4,81.975,2.8
2024-09-04,5,90.4875,2.59
2024-09-04,6,110.7875,1.0
2024-09-05,1,80.0225,1.06
2024-09-05,2,67.9,3.05
2024-09-05,3,89.6075,1.0
2024-09-05,4,75.62,1.88
2024-09-05,5,71.1875,2.5
2024-09-05,6,89.925,1.83
2024-09-06,1,52.8825,0.88
2024-09-06,2,51.4375,1.79
2024-09-06,3,84.925,1.21
2024-09-06,4,75.0625,1.5
2024-09-06,5,76.675,2.0
2024-09-06,6,95.7375,1.03
2024-09-07,1,81.225,0.85
2024-09-07,2,74.275,1.36
2024-09-07,3,84.58,0.96
2024-09-07,4,85.085,2.45
2024-09-07,5,79.94,1.19
2024-09-07,6,94.92,1.54
2024-09-08,1,82.64750000000001,0.99
2024-09-08,2,67.055,1.33
2024-09-08,3,71.7025,1.14
2024-09-08,4,84.2975,1.9
2024-09-08,5,70.55,2.0
2024-09-08,6,94.18,1.16
2024-09-09,1,71.61,1.42
2024-09-09,2,64.45750000000001,2.52
2024-09-09,3,96.83,1.25
2024-09-09,4,75.245,1.65
2024-09-09,5,74.235,2.62
2024-09-09,6,94.93,2.13
2024-09-10,1,38.9875,2.01
2024-09-10,2,9.475,3.79
2024-09-10,3,43.075,1.5
2024-09-10,4,7.245,2.43
2024-09-10,5,28.205,4.56
2024-09-10,6,88.1125,1.25
2024-09-11,1,25.7425,1.63
2024-09-11,2,15.1575,4.0
2024-09-11,3,71.25,1.17
2024-09-11,4,27.725,2.34
2024-09-11,5,53.25,3.4
2024-09-11,6,101.6,1.27
2024-09-12,1,63.8625,1.64
2024-09-12,2,61.65,2.51
2024-09-12,3,93.9325,1.31
2024-09-12,4,65.405,2.1
2024-09-12,5,79.4425,1.75
2024-09-12,6,101.95,1.01
2024-09-13,1,77.85,1.22
2024-09-13,2,74.33,3.5
2024-09-13,3,95.24,1.26
2024-09-13,4,73.46,1.62
2024-09-13,5,81.57499999999999,2.21
2024-09-13,6,100.45,2.06
2024-09-14,1,80.85,0.94
2024-09-14,2,65.025,1.67
2024-09-14,3,71.0525,1.46
2024-09-14,4,30.5225,2.38
2024-09-14,5,42.685,2.0
2024-09-14,6,87.4,1.11
2024-09-15,1,60.3,1.54
2024-09-15,2,57.55,1.23
2024-09-15,3,64.2025,1.14
2024-09-15,4,69.3525,1.55
2024-09-15,5,72.4625,1.75
2024-09-15,6,96.775,1.0
2024-09-16,1,75.8625,1.17
2024-09-16,2,75.125,3.0
2024-09-16,3,105.425,1.38
2024-09-16,4,76.47749999999999,1.6
2024-09-16,5,79.4625,2.42
2024-09-16,6,99.0,1.25
2024-09-17,1,74.675,1.17
2024-09-17,2,72.4675,2.64
2024-09-17,3,96.73,0.91
2024-09-17,4,71.55,2.5
2024-09-17,5,75.4375,1.49
2024-09-17,6,93.8375,1.02
2024-09-18,1,72.8075,1.01
2024-09-18,2,72.0825,2.5
2024-09-18,3,92.7225,1.23
2024-09-18,4,68.38,2.75
2024-09-18,5,74.27000000000001,1.5
2024-09-18,6,90.495,1.5
2024-09-19,1,69.5775,1.15
2024-09-19,2,72.59,4.26
2024-09-19,3,94.425,1.25
2024-09-19,4,71.5175,3.75
2024-09-19,5,75.6875,2.0
2024-09-19,6,91.135,1.0
2024-09-20,1,74.7475,1.12
2024-09-20,2,73.505,2.5
2024-09-20,3,92.655,1.09
2024-09-20,4,74.0975,3.54
2024-09-20,5,75.5525,1.25
2024-09-20,6,89.76,1.24
2024-09-21,1,68.6325,0.96
2024-09-21,2,68.57249999999999,1.2
2024-09-21,3,80.775,0.94
2024-09-21,4,72.8325,2.95
2024-09-21,5,73.0425,1.25
2024-09-21,6,86.6175,1.37
2024-09-22,1,77.56,0.87
2024-09-22,2,73.97,1.11
2024-09-22,3,77.65,1.46
2024-09-22,4,82.1425,2.5
2024-09-22,5,79.785,2.05
2024-09-22,6,93.7625,1.13
2024-09-23,1,72.9925,1.34
2024-09-23,2,75.82,2.5
2024-09-23,3,100.125,1.3
2024-09-23,4,80.57,2.3
2024-09-23,5,93.54,3.15
2024-09-23,6,110.425,1.44
2024-09-24,1,74.6,1.27
2024-09-24,2,73.675,2.43
2024-09-24,3,93.9825,1.34
2024-09-24,4,70.65,3.5
2024-09-24,5,81.735,2.0
2024-09-24,6,94.25,1.12
2024-09-25,1,69.57499999999999,1.05
2024-09-25,2,72.6975,1.39
2024-09-25,3,91.89,1.16
2024-09-25,4,83.9,5.0
2024-09-25,5,93.6,7.0
2024-09-25,6,98.1,1.75
2024-09-26,1,66.7,1.59
2024-09-26,2,56.475,2.5
2024-09-26,3,89.3975,1.46
2024-09-26,4,74.47,2.08
2024-09-26,5,75.6075,3.0
2024-09-26,6,86.35249999999999,2.7
2024-09-27,1,24.6,1.33
2024-09-27,2,0.6499999999999999,3.5
2024-09-27,3,71.64750000000001,1.5
2024-09-27,4,70.55,2.05
2024-09-27,5,60.3,3.25
2024-09-27,6,91.5575,1.45
2024-09-28,1,53.95,0.91
2024-09-28,2,53.79,2.0
2024-09-28,3,88.77,1.33
2024-09-28,4,79.825,2.0
2024-09-28,5,83.02,2.0
2024-09-28,6,99.785,3.12
2024-09-29,1,92.6,1.23
2024-09-29,2,85.565,2.13
2024-09-29,3,91.61,1.2
2024-09-29,4,88.9575,2.75
2024-09-29,5,76.7,2.82
2024-09-29,6,84.15,1.75
2024-09-30,1,21.05,1.5
2024-09-30,2,21.8625,2.08
2024-09-30,3,79.5,1.76
2024-09-30,4,86.41,1.67
2024-09-30,5,86.69,2.55
2024-09-30,6,94.15,2.5
2024-10-01,1,52.725,1.88
2024-10-01,2,26.05,5.0
2024-10-01,3,88.45,1.58
2024-10-01,4,78.825,2.89
2024-10-01,5,87.65,2.0
2024-10-01,6,97.4525,1.25
2024-10-02,1,70.05,1.43
2024-10-02,2,68.55,2.93
2024-10-02,3,96.2625,1.22
2024-10-02,4,75.2625,3.0
2024-10-02,5,85.325,1.67
2024-10-02,6,98.1325,1.04
2024-10-03,1,75.8825,1.0
2024-10-03,2,75.4225,3.01
2024-10-03,3,99.62,1.09
2024-10-03,4,79.1975,3.1
2024-10-03,5,91.325,3.75
2024-10-03,6,104.175,1.25
2024-10-04,1,78.675,1.8200000000000005
2024-10-04,2,72.825,3.62
2024-10-04,3,99.7,1.2
2024-10-04,4,70.7575,3.5
2024-10-04,5,84.3375,4.0
2024-10-04,6,96.93,1.47
2024-10-05,1,79.425,1.28
2024-10-05,2,73.1,2.62
2024-10-05,3,92.125,1.44
2024-10-05,4,53.875,4.79
2024-10-05,5,70.45,3.0
2024-10-05,6,90.925,1.7700000000000002
2024-10-06,1,45.325,1.1
2024-10-06,2,27.675,1.21
2024-10-06,3,46.9625,1.91
2024-10-06,4,79.825,3.48
2024-10-06,5,91.3175,2.5
2024-10-06,6,99.405,1.6
2024-10-07,1,71.685,1.08
2024-10-07,2,68.1,2.38
2024-10-07,3,96.52,1.45
2024-10-07,4,85.355,5.3
2024-10-07,5,97.325,4.43
2024-10-07,6,114.865,1.49
2024-10-08,1,85.725,1.64
2024-10-08,2,76.825,2.5
2024-10-08,3,99.8125,1.48
2024-10-08,4,83.70750000000001,6.14
2024-10-08,5,92.16,2.82
2024-10-08,6,97.3975,2.5
2024-10-09,1,69.645,2.57
2024-10-09,2,58.875,3.06
2024-10-09,3,96.0825,2.03
2024-10-09,4,84.98,4.05
2024-10-09,5,87.4475,3.52
2024-10-09,6,92.75,1.61
2024-10-10,1,44.05,2.0
2024-10-10,2,33.075,3.19
2024-10-10,3,86.7625,1.82
2024-10-10,4,79.6875,3.75
2024-10-10,5,84.41499999999999,2.45
2024-10-10,6,98.14,1.9599999999999995
2024-10-11,1,81.8375,1.97
2024-10-11,2,74.33,3.25
2024-10-11,3,103.135,1.86
2024-10-11,4,78.615,5.11
2024-10-11,5,88.6,2.0
2024-10-11,6,100.4,1.7
2024-10-12,1,84.025,2.1
2024-10-12,2,74.8275,3.5
2024-10-12,3,93.7375,2.02
2024-10-12,4,71.375,3.5599999999999996
2024-10-12,5,62.95,3.76
2024-10-12,6,81.675,1.75
2024-10-13,1,7.75,1.5
2024-10-13,2,-0.425,1.6
2024-10-13,3,71.0625,1.43
2024-10-13,4,93.725,2.25
2024-10-13,5,104.075,2.76
2024-10-13,6,116.0,1.33
2024-10-14,1,85.3375,1.7899999999999998
2024-10-14,2,80.2375,2.75
2024-10-14,3,110.8875,1.59
2024-10-14,4,91.775,8.75
2024-10-14,5,119.1325,6.2
2024-10-14,6,126.125,1.59
2024-10-15,1,87.575,1.76
2024-10-15,2,79.125,7.0
2024-10-15,3,103.835,0.87
2024-10-15,4,77.71000000000001,3.51
2024-10-15,5,88.45,3.0
2024-10-15,6,91.51,2.0
2024-10-16,1,26.2375,1.49
2024-10-16,2,15.625,2.5
2024-10-16,3,80.5825,1.5
2024-10-16,4,86.97,3.25
2024-10-16,5,94.665,2.0
2024-10-16,6,98.5,1.9
2024-10-17,1,82.825,1.53
2024-10-17,2,68.975,2.74
2024-10-17,3,97.05,2.01
2024-10-17,4,83.525,7.0
2024-10-17,5,96.54,2.5
2024-10-17,6,107.3625,1.8000000000000005
2024-10-18,1,82.7775,2.15
2024-10-18,2,78.95,5.3
2024-10-18,3,104.4725,1.45
2024-10-18,4,73.30000000000001,5.08
2024-10-18,5,89.775,2.67
2024-10-18,6,94.1,2.01
2024-10-19,1,74.7925,1.27
2024-10-19,2,73.58500000000001,1.75
2024-10-19,3,89.0,1.42
2024-10-19,4,85.9625,3.47
2024-10-19,5,88.35,1.78
2024-10-19,6,97.575,4.5
2024-10-20,1,89.15,3.51
2024-10-20,2,42.8,1.85
2024-10-20,3,14.65,2.33
2024-10-20,4,17.8575,7.39
2024-10-20,5,35.475,5.44
2024-10-20,6,53.9,4.48
2024-10-21,1,-1.275,1.67
2024-10-21,2,1.7999999999999998,3.4099999999999997
2024-10-21,3,79.625,2.18
2024-10-21,4,81.425,6.5
2024-10-21,5,92.325,3.22
2024-10-21,6,99.025,3.4599999999999995
2024-10-22,1,70.0275,2.08
2024-10-22,2,67.9925,4.7
2024-10-22,3,100.45,1.94
2024-10-22,4,75.295,7.15
2024-10-22,5,97.28,5.0
2024-10-22,6,109.15,1.92
2024-10-23,1,86.7175,2.54
2024-10-23,2,76.97,6.0
2024-10-23,3,105.15,1.7
2024-10-23,4,79.4725,6.5
2024-10-23,5,97.53,3.75
2024-10-23,6,101.9375,2.56
2024-10-24,1,71.4875,3.2200000000000006
2024-10-24,2,59.9,5.5
2024-10-24,3,99.28,1.71
2024-10-24,4,74.22,3.55
2024-10-24,5,93.375,2.5
2024-10-24,6,100.175,5.5
2024-10-25,1,81.225,2.17
2024-10-25,2,83.395,4.0
2024-10-25,3,107.3025,1.95
2024-10-25,4,95.175,15.0
2024-10-25,5,120.44,3.92
2024-10-25,6,116.7075,2.65
2024-10-26,1,92.8425,1.57
2024-10-26,2,82.445,2.25
2024-10-26,3,104.0925,1.6999999999999995
2024-10-26,4,86.85,3.79
2024-10-26,5,88.8125,2.0
2024-10-26,6,99.3,5.0
2024-10-27,2,67.6675,3.0
2024-10-27,3,87.2,3.0
2024-10-27,4,86.325,2.19
2024-10-27,5,110.4,5.81
2024-10-27,6,83.725,2.24
2024-10-28,1,72.59,3.0
2024-10-28,2,74.95,2.0
2024-10-28,3,101.2125,2.17
2024-10-28,4,99.925,1.57
2024-10-28,5,134.6625,5.0
2024-10-28,6,97.325,2.25
2024-10-29,1,88.175,3.45
2024-10-29,2,90.825,1.63
2024-10-29,3,107.3175,2.9
2024-10-29,4,96.51,2.75
2024-10-29,5,162.55,20.3
2024-10-29,6,101.975,5.4
2024-10-30,1,87.425,1.66
2024-10-30,2,89.825,2.16
2024-10-30,3,105.925,2.75
2024-10-30,4,93.0,1.25
2024-10-30,5,155.5375,14.4
2024-10-30,6,94.7625,3.0
2024-10-31,1,87.64750000000001,4.03
2024-10-31,2,83.3525,2.11
2024-10-31,3,101.0,3.17
2024-10-31,4,83.3875,2.04
2024-10-31,5,110.5075,7.0
2024-10-31,6,89.075,2.15
2024-11-01,1,80.6675,3.37
2024-11-01,2,74.28999999999999,2.53
2024-11-01,3,91.8,2.1
2024-11-01,4,90.605,1.43
2024-11-01,5,111.2,3.0
2024-11-01,6,92.0375,1.58
2024-11-02,1,85.6375,1.31
2024-11-02,2,79.3625,1.1
2024-11-02,3,88.375,1.8999999999999997
2024-11-02,4,84.875,1.17
2024-11-02,5,108.455,3.1
2024-11-02,6,90.275,1.91
2024-11-03,1,86.0,1.31
2024-11-03,2,77.0,1.28
2024-11-03,3,85.2,1.54
2024-11-03,4,90.175,1.41
2024-11-03,5,111.45,3.55
2024-11-03,6,90.95,1.75
2024-11-04,1,81.295,2.64
2024-11-04,2,87.645,2.29
2024-11-04,3,100.3,3.42
2024-11-04,4,93.425,2.03
2024-11-04,5,159.4775,20.08
2024-11-04,6,95.755,4.25
2024-11-05,1,81.825,3.73
2024-11-05,2,87.75,2.52
2024-11-05,3,100.725,3.25
2024-11-05,4,100.925,2.51
2024-11-05,5,200.0,27.6
2024-11-05,6,103.425,5.51
2024-11-06,1,84.125,2.67
2024-11-06,2,85.35,1.46
2024-11-06,3,107.475,2.37
2024-11-06,4,110.35,2.57
2024-11-06,5,220.5425,29.0
2024-11-06,6,103.025,4.75
2024-11-07,1,83.875,2.71
2024-11-07,2,84.435,2.01
2024-11-07,3,104.2375,2.27
2024-11-07,4,101.03,1.88
2024-11-07,5,144.0225,6.43
2024-11-07,6,95.0,2.0
2024-11-08,1,83.2425,2.29
2024-11-08,2,85.9075,1.6
2024-11-08,3,99.84,1.87
2024-11-08,4,95.975,1.45
2024-11-08,5,117.525,2.56
2024-11-08,6,94.1125,1.8
2024-11-09,1,91.525,1.85
2024-11-09,2,86.475,1.67
2024-11-09,3,97.2375,1.75
2024-11-09,4,99.28,1.45
2024-11-09,5,121.1875,3.98
2024-11-09,6,98.925,2.08
2024-11-10,1,91.5425,1.6
2024-11-10,2,86.57,1.58
2024-11-10,3,90.05,1.56
2024-11-10,4,97.8375,1.37
2024-11-10,5,114.2,2.72
2024-11-10,6,94.8175,2.1
2024-11-11,1,84.7125,3.39
2024-11-11,2,83.03999999999999,2.23
2024-11-11,3,97.5625,2.15
2024-11-11,4,89.7875,1.73
2024-11-11,5,112.75,7.78
2024-11-11,6,92.54,2.1
2024-11-12,1,85.2,1.77
2024-11-12,2,89.2125,1.04
2024-11-12,3,107.1375,1.78
2024-11-12,4,110.6475,1.59
2024-11-12,5,180.125,22.26
2024-11-12,6,106.18,3.28
2024-11-13,1,88.875,2.0
2024-11-13,2,94.95,1.45
2024-11-13,3,127.1,3.24
2024-11-13,4,115.8375,2.09
2024-11-13,5,150.0875,10.33
2024-11-13,6,101.1525,2.78
2024-11-14,1,87.0675,1.7900000000000005
2024-11-14,2,90.945,1.48
2024-11-14,3,113.4,1.63
2024-11-14,4,109.225,1.59
2024-11-14,5,133.06,5.0
2024-11-14,6,105.3,2.25
2024-11-15,1,92.1625,1.83
2024-11-15,2,95.1175,1.61
2024-11-15,3,110.9125,2.8
2024-11-15,4,101.075,1.72
2024-11-15,5,112.5025,2.8
2024-11-15,6,94.21,1.68
2024-11-16,1,80.35,2.6
2024-11-16,2,74.3625,1.5
2024-11-16,3,94.4,1.96
2024-11-16,4,89.6,1.83
2024-11-16,5,106.4875,4.25
2024-11-16,6,89.4,2.37
2024-11-17,1,53.825,2.56
2024-11-17,2,35.1375,3.1399999999999997
2024-11-17,3,79.1175,2.05
2024-11-17,4,95.55,1.49
2024-11-17,5,116.25,4.12
2024-11-17,6,96.8075,1.75
2024-11-18,1,85.95,1.79
2024-11-18,2,88.05,2.0
2024-11-18,3,103.325,1.26
2024-11-18,4,116.575,1.27
2024-11-18,5,141.2,7.63
2024-11-18,6,102.8875,2.55
2024-11-19,1,93.9675,2.02
2024-11-19,2,90.4225,2.02
2024-11-19,3,112.445,2.26
2024-11-19,4,104.85,1.67
2024-11-19,5,113.8,7.0
2024-11-19,6,95.5,2.72
2024-11-20,1,79.475,2.0
2024-11-20,2,82.525,2.0
2024-11-20,3,110.975,2.75
2024-11-20,4,95.2225,1.97
2024-11-20,5,117.8,15.69
2024-11-20,6,103.1,2.5
2024-11-21,1,88.63749999999999,2.01
2024-11-21,2,92.3575,2.11
2024-11-21,3,110.05,1.75
2024-11-21,4,105.97,1.32
2024-11-21,5,120.4875,15.0
2024-11-21,6,99.925,2.25
2024-11-22,1,90.275,2.59
2024-11-22,2,88.7025,2.12
2024-11-22,3,109.165,1.94
2024-11-22,4,102.975,1.39
2024-11-22,5,126.6775,10.0
2024-11-22,6,111.0,2.25
2024-11-23,1,103.9,2.04
2024-11-23,2,84.5625,2.2
2024-11-23,3,87.625,2.42
2024-11-23,4,93.55,2.09
2024-11-23,5,110.7875,4.0
2024-11-23,6,64.04,5.05
2024-11-24,1,0.7000000000000001,3.5
2024-11-24,2,-6.025,3.07
2024-11-24,3,17.9625,2.82
2024-11-24,4,53.95,1.94
2024-11-24,5,85.425,10.0
2024-11-24,6,30.35,4.92
2024-11-25,1,5.975,5.0
2024-11-25,2,16.275,2.86
2024-11-25,3,93.825,3.5500000000000003
2024-11-25,4,90.415,1.95
2024-11-25,5,108.15,4.86
2024-11-25,6,93.95,3.93
2024-11-26,1,70.9,2.08
2024-11-26,2,84.85,2.06
2024-11-26,3,106.37,1.6
2024-11-26,4,108.9775,1.71
2024-11-26,5,172.0,12.89
2024-11-26,6,122.7625,3.5
2024-11-27,1,97.325,2.15
2024-11-27,2,96.05,1.65
2024-11-27,3,119.0,1.93
2024-11-27,4,103.175,1.59
2024-11-27,5,118.95,5.53
2024-11-27,6,103.0,2.2
2024-11-28,1,94.7775,2.0
2024-11-28,2,93.1975,1.6
2024-11-28,3,120.9375,2.75
2024-11-28,4,99.435,1.5
2024-11-28,5,121.0,6.5
2024-11-28,6,101.8075,2.0
2024-11-29,1,92.9,1.7899999999999998
2024-11-29,2,90.9,1.68
2024-11-29,3,110.925,2.2
2024-11-29,4,92.855,1.53
2024-11-29,5,115.72,4.68
2024-11-29,6,97.0,1.51
2024-11-30,1,80.5,1.6999999999999995
2024-11-30,2,81.4875,1.65
2024-11-30,3,96.4225,2.12
2024-11-30,4,97.45,1.51
2024-11-30,5,112.14,3.61
2024-11-30,6,96.65,2.12
2024-12-01,1,81.85,4.23
2024-12-01,2,69.575,2.23
2024-12-01,3,84.97749999999999,2.75
2024-12-01,4,99.75,1.8300000000000003
2024-12-01,5,115.825,4.96
2024-12-01,6,96.6875,2.17
2024-12-02,1,55.375,3.27
2024-12-02,2,65.925,2.27
2024-12-02,3,103.35,1.82
2024-12-02,4,101.65,1.75
2024-12-02,5,119.5,3.98
2024-12-02,6,96.85,1.67
2024-12-03,1,93.8375,1.53
2024-12-03,2,97.6125,1.49
2024-12-03,3,121.425,1.75
2024-12-03,4,114.625,1.67
2024-12-03,5,140.775,12.0
2024-12-03,6,112.13,3.6
2024-12-04,1,94.6225,2.54
2024-12-04,2,100.7375,2.5
2024-12-04,3,154.3875,7.7
2024-12-04,4,137.535,4.38
2024-12-04,5,146.86,13.5
2024-12-04,6,103.2025,6.23
2024-12-05,1,80.8825,5.69
2024-12-05,2,80.1175,6.93
2024-12-05,3,108.005,7.0
2024-12-05,4,101.7,5.69
2024-12-05,5,108.45,7.5
2024-12-05,6,81.7375,6.28
2024-12-06,1,11.075,2.0
2024-12-06,2,39.4125,3.05
2024-12-06,3,101.6125,4.25
2024-12-06,4,104.535,2.0
2024-12-06,5,116.7075,5.25
2024-12-06,6,93.145,4.0
2024-12-07,1,46.35,3.810000000000001
2024-12-07,2,27.85,5.69
2024-12-07,3,73.375,5.69
2024-12-07,4,93.55,4.35
2024-12-07,5,92.45,5.69
2024-12-07,6,63.0425,4.5
2024-12-08,1,31.275,5.38
2024-12-08,2,14.425,7.24
2024-12-08,3,58.325,5.69
2024-12-08,4,89.5,2.75
2024-12-08,5,110.0,7.8
2024-12-08,6,90.0,3.25
2024-12-09,1,62.075,2.5
2024-12-09,2,69.2925,3.12
2024-12-09,3,101.925,3.0
2024-12-09,4,104.425,1.63
2024-12-09,5,119.815,12.0
2024-12-09,6,96.265,3.0
2024-12-10,1,87.28,1.79
2024-12-10,2,92.35,2.34
2024-12-10,3,117.335,5.69
2024-12-10,4,116.075,2.92
2024-12-10,5,147.0,20.0
2024-12-10,6,114.45,3.5
2024-12-11,1,89.8325,3.06
2024-12-11,2,101.19,4.0
2024-12-11,3,196.4,7.69
2024-12-11,4,211.1,3.18
2024-12-11,5,312.5125,56.9
2024-12-11,6,139.275,12.92
2024-12-12,1,90.96,2.25
2024-12-12,2,106.0425,4.0
2024-12-12,3,219.125,6.31
2024-12-12,4,232.1325,3.69
2024-12-12,5,393.15,70.69
2024-12-12,6,150.9,14.0
2024-12-13,1,92.285,2.0
2024-12-13,2,106.5175,4.0
2024-12-13,3,188.9625,8.96
2024-12-13,4,171.07,4.0
2024-12-13,5,224.99,17.69
2024-12-13,6,122.075,4.25
2024-12-14,1,95.2675,2.4
2024-12-14,2,81.93,1.89
2024-12-14,3,95.745,3.5800000000000005
2024-12-14,4,88.495,1.31
2024-12-14,5,106.7325,6.99
2024-12-14,6,88.9925,2.78
2024-12-15,1,58.7,3.25
2024-12-15,2,34.2,1.69
2024-12-15,3,57.85,2.62
2024-12-15,4,67.3,2.19
2024-12-15,5,86.925,8.51
2024-12-15,6,55.025,4.33
2024-12-16,1,10.3125,4.0
2024-12-16,2,24.975,3.89
2024-12-16,3,87.225,6.0
2024-12-16,4,78.94,2.0
2024-12-16,5,98.15,6.6
2024-12-16,6,84.75,2.51
2024-12-17,1,63.95,4.76
2024-12-17,2,75.405,3.11
2024-12-17,3,101.995,6.36
2024-12-17,4,87.675,2.0
2024-12-17,5,97.505,7.5
2024-12-17,6,76.0875,3.75
2024-12-18,1,21.8275,4.69
2024-12-18,2,15.31,4.69
2024-12-18,3,70.2875,5.0
2024-12-18,4,73.705,3.0
2024-12-18,5,97.055,3.33
2024-12-18,6,87.925,2.76
2024-12-19,1,17.099999999999998,2.25
2024-12-19,2,13.84,4.69
2024-12-19,3,85.4975,4.69
2024-12-19,4,74.7375,1.28
2024-12-19,5,93.5,3.6
2024-12-19,6,87.85,2.25
2024-12-20,1,48.975,2.66
2024-12-20,2,53.025,1.9
2024-12-20,3,94.9375,6.0
2024-12-20,4,81.075,4.69
2024-12-20,5,94.475,2.75
2024-12-20,6,76.5,2.5
2024-12-21,1,30.425,2.75
2024-12-21,2,13.8875,4.69
2024-12-21,3,38.975,4.1
2024-12-21,4,34.787499999999994,2.6
2024-12-21,5,40.65,5.8
2024-12-21,6,14.625,2.25
2024-12-22,1,-1.3,2.75
2024-12-22,2,-3.35,3.03
2024-12-22,3,6.475,3.0
2024-12-22,4,14.9,1.7000000000000002
2024-12-22,5,60.2,9.69
2024-12-22,6,29.45,4.25
2024-12-23,1,12.4375,1.66
2024-12-23,2,20.9,4.04
2024-12-23,3,93.75,4.0
2024-12-23,4,107.5,2.25
2024-12-23,5,114.5775,4.69
2024-12-23,6,96.4125,3.17
2024-12-24,1,69.655,1.8300000000000003
2024-12-24,2,67.225,2.18
2024-12-24,3,92.75,5.0
2024-12-24,4,89.65,1.78
2024-12-24,5,101.0,5.1
2024-12-24,6,86.325,4.0
2024-12-25,1,66.07499999999999,1.5
2024-12-25,2,54.15,3.26
2024-12-25,3,85.35,6.69
2024-12-25,4,101.6525,6.69
2024-12-25,5,104.01,4.69
2024-12-25,6,92.0125,4.69
2024-12-26,1,88.7475,1.0
2024-12-26,2,89.425,2.3
2024-12-26,3,97.1425,2.92
2024-12-26,4,105.0025,2.0
2024-12-26,5,110.975,4.0
2024-12-26,6,100.475,2.83
2024-12-27,1,91.4,1.5
2024-12-27,2,93.6,1.44
2024-12-27,3,105.405,2.33
2024-12-27,4,101.605,1.53
2024-12-27,5,124.1325,4.43
2024-12-27,6,102.645,1.92
2024-12-28,1,98.425,1.5
2024-12-28,2,92.615,1.67
2024-12-28,3,100.3,1.71
2024-12-28,4,99.225,1.31
2024-12-28,5,115.85,2.5
2024-12-28,6,99.575,2.75
2024-12-29,1,93.4125,2.25
2024-12-29,2,74.2,2.25
2024-12-29,3,83.1,9.69
2024-12-29,4,85.65,3.24
2024-12-29,5,110.6625,5.51
2024-12-29,6,90.15,3.36
2024-12-30,1,63.725,1.0
2024-12-30,2,49.275,3.23
2024-12-30,3,99.65,2.54
2024-12-30,4,99.375,1.73
2024-12-30,5,116.6125,5.5
2024-12-30,6,96.4,4.0
2024-12-31,1,48.725,4.0
2024-12-31,2,25.425,4.69
2024-12-31,3,79.65,4.69
2024-12-31,4,74.375,2.14
2024-12-31,5,84.95,6.08
2024-12-31,6,28.737499999999997,4.4
2025-01-01,1,2.525,2.5
2025-01-01,2,-6.625,3.96
2025-01-01,3,14.6475,2.25
2025-01-01,4,78.225,2.14
2025-01-01,5,110.4375,6.25
2025-01-01,6,90.475,3.34
2025-01-02,1,94.99,2.0
2025-01-02,2,80.83,4.69
2025-01-02,3,109.7,3.61
2025-01-02,4,106.3975,2.0
2025-01-02,5,122.4275,5.3
2025-01-02,6,108.375,2.5
2025-01-03,1,80.57499999999999,1.75
2025-01-03,2,85.445,4.27
2025-01-03,3,108.0875,4.69
2025-01-03,4,103.15,3.13
2025-01-03,5,144.9625,13.37
2025-01-03,6,119.45,3.25
2025-01-04,1,105.65,2.2
2025-01-04,2,95.8325,1.25
2025-01-04,3,110.65,2.08
2025-01-04,4,112.9225,1.45
2025-01-04,5,126.86,3.4
2025-01-04,6,107.325,1.92
2025-01-05,1,105.175,2.3
2025-01-05,2,76.125,1.46
2025-01-05,3,97.075,1.88
2025-01-05,4,112.375,1.71
2025-01-05,5,114.26,2.08
2025-01-05,6,91.5,4.2
2025-01-06,1,62.974999999999994,2.4
2025-01-06,2,30.675,3.96
2025-01-06,3,106.695,3.57
2025-01-06,4,103.95,1.87
2025-01-06,5,118.85,7.08
2025-01-06,6,110.175,3.44
2025-01-07,1,59.2175,2.25
2025-01-07,2,46.7825,1.25
2025-01-07,3,112.725,4.33
2025-01-07,4,93.9275,2.0
2025-01-07,5,117.205,7.68
2025-01-07,6,103.0025,2.58
2025-01-08,1,92.14,2.8
2025-01-08,2,93.22,3.2
2025-01-08,3,141.4,3.83
2025-01-08,4,202.275,3.75
2025-01-08,5,287.075,53.69
2025-01-08,6,153.225,7.0
2025-01-09,1,107.0,1.32
2025-01-09,2,90.0,1.2
2025-01-09,3,121.0,5.75
2025-01-09,4,95.9,3.69
2025-01-09,5,121.4375,6.69
2025-01-09,6,105.0,2.67
2025-01-10,1,85.0,2.25
2025-01-10,2,90.375,4.25
2025-01-10,3,185.8625,23.02
2025-01-10,4,272.375,8.09
2025-01-10,5,363.525,53.69
2025-01-10,6,135.48,14.5
2025-01-11,1,101.75,1.25
2025-01-11,2,89.85,1.6
2025-01-11,3,102.25,2.29
2025-01-11,4,103.825,1.54
2025-01-11,5,136.5875,10.17
2025-01-11,6,103.675,3.17
2025-01-12,1,107.25,1.85
2025-01-12,2,87.075,1.25
2025-01-12,3,102.0375,1.51
2025-01-12,4,105.8375,1.25
2025-01-12,5,126.0,4.07
2025-01-12,6,106.625,3.02
2025-01-13,1,92.95,1.33
2025-01-13,2,90.5,1.54
2025-01-13,3,113.35,4.5
2025-01-13,4,101.4,2.5
2025-01-13,5,121.225,4.23
2025-01-13,6,106.925,3.17
2025-01-14,1,95.0625,3.0
2025-01-14,2,96.9125,3.69
2025-01-14,3,120.725,3.42
2025-01-14,4,109.275,1.0
2025-01-14,5,153.9325,3.75
2025-01-14,6,117.0125,2.5
2025-01-15,1,98.0,1.8500000000000003
2025-01-15,2,97.175,1.52
2025-01-15,3,153.89499999999998,7.48
2025-01-15,4,135.575,2.02
2025-01-15,5,181.3625,13.4
2025-01-15,6,125.0,2.9
2025-01-16,1,98.145,1.35
2025-01-16,2,97.8625,1.7199999999999998
2025-01-16,3,131.1,7.0
2025-01-16,4,108.9,5.5
2025-01-16,5,138.15,9.75
2025-01-16,6,103.85,3.0
2025-01-17,1,91.7875,1.7
2025-01-17,2,91.2425,1.6499999999999997
2025-01-17,3,109.2625,2.92
2025-01-17,4,98.9225,1.59
2025-01-17,5,136.39249999999998,6.48
2025-01-17,6,109.0,2.25
2025-01-18,1,100.6725,2.2
2025-01-18,2,96.0325,3.3300000000000005
2025-01-18,3,107.425,2.5
2025-01-18,4,102.0,2.53
2025-01-18,5,125.325,4.1
2025-01-18,6,112.1725,2.42
2025-01-19,1,104.0,1.68
2025-01-19,2,96.795,1.54
2025-01-19,3,105.05,3.33
2025-01-19,4,128.525,2.0
2025-01-19,5,159.875,7.83
2025-01-19,6,122.475,3.0
2025-01-20,1,100.1,4.27
2025-01-20,2,109.63,3.5
2025-01-20,3,231.61,8.75
2025-01-20,4,302.775,4.27
2025-01-20,5,507.65,65.0
2025-01-20,6,171.2,9.0
2025-01-21,1,97.5,3.5
2025-01-21,2,110.4,2.7
2025-01-21,3,188.3,6.82
2025-01-21,4,167.14249999999998,3.77
2025-01-21,5,323.0825,55.0
2025-01-21,6,151.22,9.0
2025-01-22,1,99.3375,5.91
2025-01-22,2,108.465,5.0
2025-01-22,3,233.5,10.24
2025-01-22,4,288.225,9.0
2025-01-22,5,539.6,75.0
2025-01-22,6,179.7875,26.73
2025-01-23,1,106.695,1.7
2025-01-23,2,99.305,1.52
2025-01-23,3,123.8875,3.6
2025-01-23,4,101.115,1.45
2025-01-23,5,110.24,4.69
2025-01-23,6,101.0,2.4
2025-01-24,1,77.36,5.2
2025-01-24,2,56.625,2.23
2025-01-24,3,112.135,4.7
2025-01-24,4,98.6975,2.75
2025-01-24,5,114.155,6.01
2025-01-24,6,96.6625,2.43
2025-01-25,1,65.885,8.69
2025-01-25,2,63.775,3.69
2025-01-25,3,100.6125,2.5
2025-01-25,4,98.3,2.99
2025-01-25,5,120.375,7.75
2025-01-25,6,106.6525,2.92
2025-01-26,1,102.5325,1.8300000000000003
2025-01-26,2,81.775,1.5
2025-01-26,3,92.645,3.69
2025-01-26,4,114.0825,1.96
2025-01-26,5,116.0,3.5
2025-01-26,6,85.26,3.15
2025-01-27,1,42.7025,2.0
2025-01-27,2,61.5175,1.88
2025-01-27,3,112.25,2.25
2025-01-27,4,105.105,1.87
2025-01-27,5,118.15,3.78
2025-01-27,6,105.18,2.25
2025-01-28,1,80.695,1.51
2025-01-28,2,86.475,1.37
2025-01-28,3,112.2125,2.64
2025-01-28,4,107.6375,2.41
2025-01-28,5,118.375,2.75
2025-01-28,6,102.86,1.75
2025-01-29,1,75.125,2.25
2025-01-29,2,76.4,1.5
2025-01-29,3,108.15,2.92
2025-01-29,4,103.975,1.4
2025-01-29,5,121.55,3.24
2025-01-29,6,104.4,2.9
2025-01-30,1,95.65,1.7
2025-01-30,2,99.025,4.08
2025-01-30,3,124.45,2.75
2025-01-30,4,105.55,1.38
2025-01-30,5,151.855,13.0
2025-01-30,6,118.975,2.25
2025-01-31,1,100.61,1.72
2025-01-31,2,105.15,1.34
2025-01-31,3,132.4,1.83
2025-01-31,4,131.4475,2.73
2025-01-31,5,191.775,13.96
2025-01-31,6,122.81,2.5
2025-02-01,1,115.225,3.76
2025-02-01,2,105.115,4.25
2025-02-01,3,114.35,3.42
2025-02-01,4,102.3,2.81
2025-02-01,5,127.0125,4.65
2025-02-01,6,112.11,3.0
2025-02-02,1,102.5425,2.31
2025-02-02,2,99.4575,3.2700000000000005
2025-02-02,3,107.775,2.0
2025-02-02,4,110.575,2.0
2025-02-02,5,135.75,4.25
2025-02-02,6,118.6,3.25
2025-02-03,1,106.6925,5.69
2025-02-03,2,111.3075,4.5
2025-02-03,3,133.925,11.0
2025-02-03,4,103.3875,7.690000000000001
2025-02-03,5,138.75,9.58
2025-02-03,6,114.8,6.5
2025-02-04,1,99.05,3.0
2025-02-04,2,98.975,4.25
2025-02-04,3,118.6625,6.4
2025-02-04,4,100.3675,4.39
2025-02-04,5,130.575,9.4
2025-02-04,6,112.325,4.33
2025-02-05,1,94.0925,4.69
2025-02-05,2,104.03,1.96
2025-02-05,3,128.125,5.0
2025-02-05,4,107.8475,6.0
2025-02-05,5,145.60500000000002,6.41
2025-02-05,6,126.5,3.0
2025-02-06,1,108.225,1.31
2025-02-06,2,112.775,4.69
2025-02-06,3,140.385,8.38
2025-02-06,4,106.28,3.36
2025-02-06,5,132.45,6.2
2025-02-06,6,113.0225,3.58
2025-02-07,1,103.5625,1.89
2025-02-07,2,102.4,5.69
2025-02-07,3,124.9,5.92
2025-02-07,4,105.1025,2.01
2025-02-07,5,123.5,4.62
2025-02-07,6,112.5,3.68
2025-02-08,1,100.55,5.69
2025-02-08,2,94.45,1.59
2025-02-08,3,114.525,2.17
2025-02-08,4,124.975,0.92
2025-02-08,5,134.60250000000002,4.3
2025-02-08,6,123.165,1.59
2025-02-09,1,116.2,2.08
2025-02-09,2,108.47,1.0
2025-02-09,3,115.325,1.77
2025-02-09,4,117.8,1.31
2025-02-09,5,133.425,3.7
2025-02-09,6,119.965,2.95
2025-02-10,1,103.8625,4.0
2025-02-10,2,108.2475,3.18
2025-02-10,3,128.0,4.58
2025-02-10,4,110.125,3.25
2025-02-10,5,131.10750000000002,5.13
2025-02-10,6,121.975,4.5
2025-02-11,1,105.3125,1.96
2025-02-11,2,112.8775,3.6
2025-02-11,3,136.175,3.58
2025-02-11,4,123.575,1.74
2025-02-11,5,142.2475,9.0
2025-02-11,6,125.0,2.96
2025-02-12,1,109.1825,4.69
2025-02-12,2,117.395,2.05
2025-02-12,3,138.245,5.83
2025-02-12,4,121.755,1.93
2025-02-12,5,150.9,12.69
2025-02-12,6,129.0375,4.42
2025-02-13,1,111.8375,3.18
2025-02-13,2,117.175,3.49
2025-02-13,3,142.975,4.98
2025-02-13,4,125.7875,2.98
2025-02-13,5,150.2375,15.0
2025-02-13,6,129.0,6.0
2025-02-14,1,105.5125,3.28
2025-02-14,2,111.34,2.09
2025-02-14,3,139.225,7.5
2025-02-14,4,119.985,3.49
2025-02-14,5,154.1075,14.6
2025-02-14,6,128.7075,3.25
2025-02-15,1,108.025,1.95
2025-02-15,2,106.175,2.04
2025-02-15,3,113.0875,2.75
2025-02-15,4,107.1,1.8
2025-02-15,5,128.565,4.1
2025-02-15,6,111.35,4.41
2025-02-16,1,106.095,2.96
2025-02-16,2,94.25,2.38
2025-02-16,3,102.3875,5.0
2025-02-16,4,103.575,4.25
2025-02-16,5,123.775,4.09
2025-02-16,6,111.95,4.41
2025-02-17,1,101.2625,3.96
2025-02-17,2,113.025,3.6
2025-02-17,3,130.975,7.33
2025-02-17,4,100.0375,2.76
2025-02-17,5,145.75,11.69
2025-02-17,6,121.425,5.18
2025-02-18,1,101.0,2.96
2025-02-18,2,107.05,3.05
2025-02-18,3,120.2,8.17
2025-02-18,4,85.9,6.0
2025-02-18,5,124.0,8.08
2025-02-18,6,105.0,4.57
2025-02-19,1,87.05,5.69
2025-02-19,2,92.95,3.11
2025-02-19,3,108.8875,8.69
2025-02-19,4,92.025,5.5
2025-02-19,5,115.3875,6.61
2025-02-19,6,98.5,4.5
2025-02-20,1,72.00999999999999,6.69
2025-02-20,2,72.9375,3.04
2025-02-20,3,99.15,7.08
2025-02-20,4,84.675,1.7899999999999998
2025-02-20,5,106.275,9.2
2025-02-20,6,89.9,5.53
2025-02-21,1,54.35,6.6899999999999995
2025-02-21,2,49.3,3.16
2025-02-21,3,86.0,8.69
2025-02-21,4,62.7,5.66
2025-02-21,5,93.5,9.63
2025-02-21,6,74.95,5.84
2025-02-22,1,42.255,7.87
2025-02-22,2,42.425,4.57
2025-02-22,3,87.035,8.42
2025-02-22,4,69.455,5.88
2025-02-22,5,101.5525,8.8
2025-02-22,6,96.05,5.23
2025-02-23,1,82.075,8.53
2025-02-23,2,51.25,4.5
2025-02-23,3,46.885,5.5
2025-02-23,4,31.225,6.19
2025-02-23,5,76.3,8.58
2025-02-23,6,63.525000000000006,6.84
2025-02-24,1,26.265,8.63
2025-02-24,2,35.45,2.98
2025-02-24,3,82.525,3.830000000000001
2025-02-24,4,65.8,3.2
2025-02-24,5,110.45,9.58
2025-02-24,6,98.7,3.74
2025-02-25,1,74.8125,4.69
2025-02-25,2,89.5575,5.0
2025-02-25,3,108.9,5.58
2025-02-25,4,86.85,5.5
2025-02-25,5,116.0,6.33
2025-02-25,6,104.275,2.75
2025-02-26,1,92.195,7.69
2025-02-26,2,99.1025,6.69
2025-02-26,3,114.3675,4.5
2025-02-26,4,88.6675,7.690000000000001
2025-02-26,5,122.22,4.85
2025-02-26,6,104.9,4.39
2025-02-27,1,84.9325,2.98
2025-02-27,2,95.0675,4.69
2025-02-27,3,107.42,6.0
2025-02-27,4,82.65,2.53
2025-02-27,5,110.5,6.49
2025-02-27,6,103.1,3.05
2025-02-28,1,88.625,4.0
2025-02-28,2,99.625,2.8
2025-02-28,3,113.0,7.6
2025-02-28,4,80.3,3.34
2025-02-28,5,114.5,6.62
2025-02-28,6,102.915,5.2
2025-03-01,1,94.525,3.25
2025-03-01,2,91.475,3.67
2025-03-01,3,104.5975,4.0
2025-03-01,4,82.375,6.5
2025-03-01,5,108.535,7.15
2025-03-01,6,103.4325,3.78
2025-03-02,1,97.325,1.7999999999999998
2025-03-02,2,89.9125,2.07
2025-03-02,3,81.3,2.29
2025-03-02,4,75.375,3.21
2025-03-02,5,101.75,7.69
2025-03-02,6,94.35,3.54
2025-03-03,1,84.2125,5.81
2025-03-03,2,95.9425,5.36
2025-03-03,3,107.725,5.0
2025-03-03,4,78.80000000000001,4.36
2025-03-03,5,117.725,8.69
2025-03-03,6,101.1,4.69
2025-03-04,1,92.925,4.22
2025-03-04,2,102.75,4.0
2025-03-04,3,98.5625,7.300000000000001
2025-03-04,4,76.275,3.32
2025-03-04,5,109.4125,8.78
2025-03-04,6,96.625,5.5
2025-03-05,1,75.1575,5.69
2025-03-05,2,86.175,7.4
2025-03-05,3,86.8,9.74
2025-03-05,4,37.1175,3.98
2025-03-05,5,101.3,11.5
2025-03-05,6,94.4025,7.22
2025-03-06,1,74.05,6.21
2025-03-06,2,88.15,7.5
2025-03-06,3,91.25,9.94
2025-03-06,4,48.3,5.26
2025-03-06,5,99.9425,12.19
2025-03-06,6,86.775,5.0
2025-03-07,1,69.94,4.27
2025-03-07,2,89.06,2.24
2025-03-07,3,103.4,5.02
2025-03-07,4,84.1225,4.0
2025-03-07,5,109.775,5.52
2025-03-07,6,90.225,5.4
2025-03-08,1,83.325,2.8
2025-03-08,2,81.675,2.47
2025-03-08,3,82.41749999999999,5.5
2025-03-08,4,65.6425,6.5
2025-03-08,5,93.975,6.5
2025-03-08,6,85.2875,3.79
2025-03-09,1,84.6,2.34
2025-03-09,2,84.35,2.92
2025-03-09,3,85.7125,4.5
2025-03-09,4,77.7875,4.69
2025-03-09,5,102.25,7.2
2025-03-09,6,95.35,2.0
2025-03-10,1,83.4,4.69
2025-03-10,2,87.85,4.5
2025-03-10,3,99.05,9.65
2025-03-10,4,79.525,6.69
2025-03-10,5,106.3,6.69
2025-03-10,6,89.575,4.43
2025-03-11,1,79.925,5.54
2025-03-11,2,87.2125,4.34
2025-03-11,3,99.175,7.69
2025-03-11,4,80.925,2.82
2025-03-11,5,108.855,7.33
2025-03-11,6,96.5,4.33
2025-03-12,1,84.675,4.17
2025-03-12,2,90.1,4.5
2025-03-12,3,101.775,3.16
2025-03-12,4,82.905,3.9500000000000006
2025-03-12,5,113.865,8.8
2025-03-12,6,103.275,4.69
2025-03-13,1,87.5,4.69
2025-03-13,2,95.13,3.8199999999999994
2025-03-13,3,108.0,6.34
2025-03-13,4,93.505,4.69
2025-03-13,5,125.5,7.2
2025-03-13,6,111.525,3.0
2025-03-14,1,93.0,2.05
2025-03-14,2,100.985,4.0
2025-03-14,3,112.775,5.25
2025-03-14,4,89.725,5.69
2025-03-14,5,120.35,4.51
2025-03-14,6,105.805,3.48
2025-03-15,1,94.66,2.53
2025-03-15,2,86.74,2.59
2025-03-15,3,95.475,3.69
2025-03-15,4,87.15,4.25
2025-03-15,5,104.175,6.61
2025-03-15,6,98.8775,2.51
2025-03-16,1,99.725,2.73
2025-03-16,2,84.9625,2.76
2025-03-16,3,89.3675,8.45
2025-03-16,4,95.9,2.55
2025-03-16,5,108.55,4.3
2025-03-16,6,99.25,2.5
2025-03-17,1,83.45,5.69
2025-03-17,2,95.475,1.8200000000000005
2025-03-17,3,106.8,3.75
2025-03-17,4,88.095,2.94
2025-03-17,5,115.775,5.69
2025-03-17,6,95.33,4.18
2025-03-18,1,85.6975,2.63
2025-03-18,2,95.2525,4.69
2025-03-18,3,97.25,3.17
2025-03-18,4,78.15,4.12
2025-03-18,5,107.9,7.92
2025-03-18,6,97.35,4.75
2025-03-19,1,82.0325,2.78
2025-03-19,2,97.8325,4.69
2025-03-19,3,103.5,5.36
2025-03-19,4,83.815,6.69
2025-03-19,5,122.4,8.5
2025-03-19,6,105.45,3.7
2025-03-20,1,88.91749999999999,1.78
2025-03-20,2,99.085,2.32
2025-03-20,3,107.7575,4.54
2025-03-20,4,82.65,4.0
2025-03-20,5,112.5,6.61
2025-03-20,6,95.0925,3.88
2025-03-21,1,80.42,5.14
2025-03-21,2,76.9825,6.24
2025-03-21,3,68.635,6.38
2025-03-21,4,23.76,5.69
2025-03-21,5,74.315,6.04
2025-03-21,6,57.3,7.69
2025-03-22,1,17.775,7.69
2025-03-22,2,20.55,3.31
2025-03-22,3,76.5,4.91
2025-03-22,4,87.575,3.17
2025-03-22,5,106.875,6.33
2025-03-22,6,103.1275,4.6
2025-03-23,1,95.65,2.98
2025-03-23,2,76.8,3.82
2025-03-23,3,95.425,3.71
2025-03-23,4,96.025,4.69
2025-03-23,5,104.7375,8.2
2025-03-23,6,100.75,3.5399999999999996
2025-03-24,1,87.775,4.65
2025-03-24,2,99.225,4.69
2025-03-24,3,111.9,6.37
2025-03-24,4,81.075,3.830000000000001
2025-03-24,5,119.075,10.48
2025-03-24,6,101.95,5.59
2025-03-25,1,85.4275,4.0
2025-03-25,2,91.505,4.5
2025-03-25,3,96.0,6.22
2025-03-25,4,86.875,4.27
2025-03-25,5,111.93,7.5
2025-03-25,6,104.3,2.5
2025-03-26,1,91.525,5.69
2025-03-26,2,94.225,4.25
2025-03-26,3,100.655,6.79
2025-03-26,4,79.8625,1.76
2025-03-26,5,103.725,7.989999999999999
2025-03-26,6,97.6375,4.58
2025-03-27,1,82.2625,2.2
2025-03-27,2,92.3675,4.6
2025-03-27,3,99.5625,6.33
2025-03-27,4,67.425,6.46
2025-03-27,5,95.4425,11.2
2025-03-27,6,89.5725,5.57
2025-03-28,1,61.875,5.02
2025-03-28,2,67.95,7.690000000000001
2025-03-28,3,63.61,6.38
2025-03-28,4,29.5125,4.78
2025-03-28,5,98.6275,6.69
2025-03-28,6,96.2475,5.39
2025-03-29,1,83.315,4.68
2025-03-29,2,86.76,2.36
2025-03-29,3,93.58,5.67
2025-03-29,4,32.15,5.21
2025-03-29,5,69.4,8.69
2025-03-29,6,62.1625,6.23
2025-03-30,1,32.535,5.790953038674033
2025-03-30,2,9.855,4.1
2025-03-30,3,0.4,4.42
2025-03-30,4,-3.125,8.69
2025-03-30,5,42.025,10.33
2025-03-30,6,109.15,3.32
2025-03-31,1,88.35,4.01
2025-03-31,2,84.9025,8.67
2025-03-31,3,117.3,6.69
2025-03-31,4,81.2575,13.8
2025-03-31,5,87.83500000000001,6.0
2025-03-31,6,117.0775,3.69
2025-04-01,1,89.65,2.7
2025-04-01,2,87.185,6.38
2025-04-01,3,110.5425,4.36
2025-04-01,4,76.52,6.59
2025-04-01,5,63.495,5.98
2025-04-01,6,105.975,3.54
2025-04-02,1,60.095,2.55
2025-04-02,2,69.1175,6.49
2025-04-02,3,105.335,4.36
2025-04-02,4,67.245,3.1100000000000003
2025-04-02,5,66.0,5.4
2025-04-02,6,106.575,6.4
2025-04-03,1,65.3725,6.5
2025-04-03,2,69.2175,6.38
2025-04-03,3,106.85,4.36
2025-04-03,4,33.85,7.17
2025-04-03,5,42.3625,5.98
2025-04-03,6,108.5775,4.69
2025-04-04,1,80.42500000000001,2.9
2025-04-04,2,81.2775,6.690000000000001
2025-04-04,3,105.175,5.22
2025-04-04,4,36.445,6.219999999999999
2025-04-04,5,38.855,5.85
2025-04-04,6,103.72,3.61
2025-04-05,1,72.1275,1.11
2025-04-05,2,60.6675,6.38
2025-04-05,3,67.4725,6.69
2025-04-05,4,5.6,6.480000000000001
2025-04-05,5,15.825,5.6
2025-04-05,6,102.385,2.95
2025-04-06,1,73.2,1.98
2025-04-06,2,63.35,4.9
2025-04-06,3,73.8075,3.1599999999999997
2025-04-06,4,35.3,3.08
2025-04-06,5,54.6275,4.89
2025-04-06,6,107.9225,2.25
2025-04-07,1,77.0625,4.01
2025-04-07,2,82.9,5.95
2025-04-07,3,110.95,3.4400000000000004
2025-04-07,4,75.275,6.69
2025-04-07,5,77.335,5.23
2025-04-07,6,117.2,2.25
2025-04-08,1,79.07249999999999,6.0
2025-04-08,2,77.55,5.16
2025-04-08,3,104.425,2.94
2025-04-08,4,71.15,6.02
2025-04-08,5,75.95,5.0
2025-04-08,6,111.8,2.67
2025-04-09,1,78.3125,3.48
2025-04-09,2,75.85,4.41
2025-04-09,3,101.15,5.69
2025-04-09,4,71.95,4.31
2025-04-09,5,70.675,4.89
2025-04-09,6,102.615,1.83
2025-04-10,1,74.275,2.27
2025-04-10,2,75.55,4.98
2025-04-10,3,98.53,4.69
2025-04-10,4,76.9575,4.5
2025-04-10,5,72.075,6.69
2025-04-10,6,97.435,2.72
2025-04-11,1,74.7,2.56
2025-04-11,2,70.955,6.38
2025-04-11,3,96.075,4.0
2025-04-11,4,71.895,6.42
2025-04-11,5,72.205,4.89
2025-04-11,6,101.95,2.76
2025-04-12,1,84.55,1.49
2025-04-12,2,79.83,3.1999999999999997
2025-04-12,3,83.4625,3.91
2025-04-12,4,55.93,7.409999999999999
2025-04-12,5,51.3,4.67
2025-04-12,6,93.94,2.94
2025-04-13,1,82.575,2.11
2025-04-13,2,56.6,6.69
2025-04-13,3,54.775,2.62
2025-04-13,4,56.2675,8.69
2025-04-13,5,70.6075,4.89
2025-04-13,6,95.9,4.69
2025-04-14,1,74.6525,3.29
2025-04-14,2,75.125,6.76
2025-04-14,3,96.65,4.69
2025-04-14,4,65.425,2.67
2025-04-14,5,77.155,5.4
2025-04-14,6,100.245,1.8300000000000003
2025-04-15,1,72.7175,1.71
2025-04-15,2,74.9,6.38
2025-04-15,3,93.505,2.99
2025-04-15,4,86.5975,6.17
2025-04-15,5,80.17,4.89
2025-04-15,6,96.5325,4.69
2025-04-16,1,73.1,4.48
2025-04-16,2,48.525,6.6899999999999995
2025-04-16,3,77.4075,6.6899999999999995
2025-04-16,4,36.25,5.42
2025-04-16,5,60.6,6.95
2025-04-16,6,95.95,3.0
2025-04-17,1,74.8575,1.5900000000000003
2025-04-17,2,73.1025,6.38
2025-04-17,3,95.3475,4.93
2025-04-17,4,71.7925,6.84
2025-04-17,5,79.8725,4.18
2025-04-17,6,100.3075,1.28
2025-04-18,1,86.75999999999999,1.32
2025-04-18,2,79.7025,5.11
2025-04-18,3,91.5,1.44
2025-04-18,4,74.225,4.93
2025-04-18,5,70.09,5.42
2025-04-18,6,92.14,4.08
2025-04-19,1,68.2,2.94
2025-04-19,2,59.2,3.0
2025-04-19,3,70.75,4.36
2025-04-19,4,65.5,4.69
2025-04-19,5,60.5,4.89
2025-04-19,6,97.4,1.7100000000000002
2025-04-20,1,81.0875,4.37
2025-04-20,2,79.65,4.25
2025-04-20,3,85.1275,4.02
2025-04-20,4,81.4425,4.32
2025-04-20,5,78.88,3.3
2025-04-20,6,100.725,2.13
2025-04-21,1,81.575,0.84
2025-04-21,2,78.5,2.0
2025-04-21,3,84.125,2.11
2025-04-21,4,87.3275,6.980000000000001
2025-04-21,5,81.9175,4.0
2025-04-21,6,101.675,1.83
2025-04-22,1,83.225,2.9
2025-04-22,2,84.05,6.379999999999999
2025-04-22,3,106.65,5.54
2025-04-22,4,76.55,6.6000000000000005
2025-04-22,5,80.4,3.16
2025-04-22,6,106.475,1.51
2025-04-23,1,79.6,1.8
2025-04-23,2,78.1775,6.38
2025-04-23,3,98.8725,4.05
2025-04-23,4,79.495,7.69
2025-04-23,5,85.98,5.2
2025-04-23,6,111.1375,1.49
2025-04-24,1,79.3375,1.31
2025-04-24,2,75.18,4.71
2025-04-24,3,98.695,5.23
2025-04-24,4,76.9025,7.83
2025-04-24,5,77.8,5.13
2025-04-24,6,100.775,2.57
2025-04-25,1,75.6675,1.6
2025-04-25,2,75.3075,6.380000000000001
2025-04-25,3,95.585,2.74
2025-04-25,4,74.7875,1.54
2025-04-25,5,73.875,11.69
2025-04-25,6,96.5975,2.59
2025-04-26,1,78.555,1.36
2025-04-26,2,72.6525,3.42
2025-04-26,3,85.5875,4.21
2025-04-26,4,79.1625,4.02
2025-04-26,5,74.95,3.01
2025-04-26,6,92.375,5.62
2025-04-27,1,76.4875,5.48
2025-04-27,2,65.7425,5.969999999999999
2025-04-27,3,56.5,2.82
2025-04-27,4,14.6,2.95
2025-04-27,5,37.0725,8.6
2025-04-27,6,94.545,2.38
2025-04-28,1,72.8,6.69
2025-04-28,2,72.35249999999999,6.690000000000001
2025-04-28,3,95.475,4.21
2025-04-28,4,63.525000000000006,4.9
2025-04-28,5,65.03,7.4
2025-04-28,6,103.1325,2.3
2025-04-29,1,76.9425,2.79
2025-04-29,2,74.1825,6.6899999999999995
2025-04-29,3,92.8,2.68
2025-04-29,4,68.8075,6.579999999999999
2025-04-29,5,67.095,4.74
2025-04-29,6,99.925,1.49
2025-04-30,1,75.5675,1.87
2025-04-30,2,74.0325,4.35
2025-04-30,3,88.94,4.5
2025-04-30,4,67.7225,3.2200000000000006
2025-04-30,5,66.4425,5.98
2025-04-30,6,98.325,2.15
2025-05-01,1,75.16499999999999,1.68
2025-05-01,2,71.1925,6.38
2025-05-01,3,86.625,4.5
2025-05-01,4,62.975,6.17
2025-05-01,5,64.24000000000001,6.13
2025-05-01,6,92.4975,3.689999999999999
2025-05-02,1,74.975,2.41
2025-05-02,2,66.425,6.38
2025-05-02,3,83.475,4.36
2025-05-02,4,72.275,5.5
2025-05-02,5,66.6875,5.98
2025-05-02,6,90.7575,4.72
2025-05-03,1,79.08500000000001,3.5399999999999996
2025-05-03,2,73.725,7.619999999999999
2025-05-03,3,64.8475,4.02
2025-05-03,4,7.2225,4.24
2025-05-03,5,18.85,7.559999999999999
2025-05-03,6,73.0625,4.69
2025-05-04,1,44.1325,4.27
2025-05-04,2,24.3,3.1700000000000004
2025-05-04,3,6.875,2.03
2025-05-04,4,8.0,6.25
2025-05-04,5,35.474999999999994,6.12
2025-05-04,6,94.55,2.66
2025-05-05,1,69.81,3.14
2025-05-05,2,68.525,4.69
2025-05-05,3,77.8125,3.69
2025-05-05,4,72.175,4.69
2025-05-05,5,73.025,5.58
2025-05-05,6,95.25,1.8300000000000003
2025-05-06,1,76.27250000000001,2.91
2025-05-06,2,75.6575,6.43
2025-05-06,3,91.89,5.69
2025-05-06,4,75.005,4.0
2025-05-06,5,71.525,5.98
2025-05-06,6,102.8175,1.28
2025-05-07,1,77.08500000000001,2.3
2025-05-07,2,77.7425,3.25
2025-05-07,3,96.8925,2.67
2025-05-07,4,75.08500000000001,2.22
2025-05-07,5,75.35,4.89
2025-05-07,6,100.2825,1.08
2025-05-08,1,75.85,1.11
2025-05-08,2,80.9375,3.4200000000000004
2025-05-08,3,98.9025,2.87
2025-05-08,4,79.0275,3.1800000000000006
2025-05-08,5,73.1175,4.68
2025-05-08,6,105.9375,1.7
2025-05-09,1,80.2,2.7
2025-05-09,2,81.8,3.68
2025-05-09,3,94.4875,2.93
2025-05-09,4,73.8275,4.48
2025-05-09,5,72.485,5.36
2025-05-09,6,101.75,2.63
2025-05-10,1,83.4,2.16
2025-05-10,2,83.1175,4.96
2025-05-10,3,81.9025,4.36
2025-05-10,4,28.7475,3.58
2025-05-10,5,31.6425,8.0
2025-05-10,6,99.3,4.69
2025-05-11,1,73.045,4.27
2025-05-11,2,59.3975,4.73
2025-05-11,3,36.9125,2.4
2025-05-11,4,12.35,2.99
2025-05-11,5,33.5,7.38
2025-05-11,6,92.3375,2.74
2025-05-12,1,68.0125,0.99
2025-05-12,2,68.525,6.84
2025-05-12,3,89.4225,2.71
2025-05-12,4,76.375,3.67
2025-05-12,5,68.0,6.05
2025-05-12,6,94.425,1.83
2025-05-13,1,72.975,1.43
2025-05-13,2,72.2775,4.88
2025-05-13,3,94.6,2.86
2025-05-13,4,74.6725,5.18
2025-05-13,5,70.525,4.76
2025-05-13,6,99.3525,2.39
2025-05-14,1,77.785,2.7
2025-05-14,2,76.52,3.85
2025-05-14,3,94.3675,4.41
2025-05-14,4,66.9,6.29
2025-05-14,5,63.65,6.6
2025-05-14,6,96.325,1.87
2025-05-15,1,67.9975,2.5
2025-05-15,2,64.7525,5.68
2025-05-15,3,89.1,3.88
2025-05-15,4,81.25,4.16
2025-05-15,5,71.4475,4.89
2025-05-15,6,96.0175,2.51
2025-05-16,1,79.14500000000001,1.25
2025-05-16,2,73.275,5.69
2025-05-16,3,90.53,4.46
2025-05-16,4,63.8375,4.07
2025-05-16,5,55.5625,5.98
2025-05-16,6,89.2375,1.49
2025-05-17,1,78.1,2.25
2025-05-17,2,73.5425,2.95
2025-05-17,3,83.3825,4.05
2025-05-17,4,66.2,2.99
2025-05-17,5,45.2675,5.02
2025-05-17,6,92.475,2.87
2025-05-18,1,80.8425,2.11
2025-05-18,2,80.07,2.51
2025-05-18,3,79.725,2.4
2025-05-18,4,59.9625,2.55
2025-05-18,5,60.775,4.53
2025-05-18,6,95.675,1.98
2025-05-19,1,80.05,2.3
2025-05-19,2,77.8,4.69
2025-05-19,3,91.525,3.69
2025-05-19,4,77.1875,2.16
2025-05-19,5,73.5,4.34
2025-05-19,6,104.2675,2.05
2025-05-20,1,81.77000000000001,2.54
2025-05-20,2,80.325,2.95
2025-05-20,3,92.2675,3.69
2025-05-20,4,77.48,3.5
2025-05-20,5,81.825,4.23
2025-05-20,6,109.365,2.25
2025-05-21,1,85.5225,1.25
2025-05-21,2,76.9625,6.38
2025-05-21,3,92.0,2.85
2025-05-21,4,79.8,4.2
2025-05-21,5,72.225,4.51
2025-05-21,6,101.25,1.62
2025-05-22,1,80.6,1.6799999999999995
2025-05-22,2,70.4725,3.38
2025-05-22,3,93.6,2.37
2025-05-22,4,86.275,3.24
2025-05-22,5,75.10499999999999,2.52
2025-05-22,6,102.1,0.97
2025-05-23,1,86.475,0.9
2025-05-23,2,76.3475,2.68
2025-05-23,3,98.1,1.52
2025-05-23,4,85.9375,2.57
2025-05-23,5,80.825,2.52
2025-05-23,6,104.825,2.29
2025-05-24,1,84.6675,1.88
2025-05-24,2,65.75,4.1
2025-05-24,3,59.9225,2.47
2025-05-24,4,34.15,4.93
2025-05-24,5,47.15,7.62
2025-05-24,6,90.76,5.69
2025-05-25,1,23.975,2.25
2025-05-25,2,-6.175000000000001,5.2
2025-05-25,3,-11.05,4.03
2025-05-25,4,-21.825,3.31
2025-05-25,5,-10.25,10.2
2025-05-25,6,48.3375,4.69
2025-05-26,1,17.4425,4.27
2025-05-26,2,3.875,9.15
2025-05-26,3,14.9125,5.68
2025-05-26,4,-2.275,1.79
2025-05-26,5,16.325,14.69
2025-05-26,6,83.2,4.69
2025-05-27,1,37.845,3.69
2025-05-27,2,17.2375,4.04
2025-05-27,3,48.2,3.12
2025-05-27,4,75.935,4.2
2025-05-27,5,85.46000000000001,5.6
2025-05-27,6,101.425,4.69
2025-05-28,1,61.6125,5.69
2025-05-28,2,47.3775,4.99
2025-05-28,3,90.975,2.2
2025-05-28,4,77.6,2.14
2025-05-28,5,75.4125,4.41
2025-05-28,6,104.3,3.13
2025-05-29,1,86.6275,3.59
2025-05-29,2,74.7,5.84
2025-05-29,3,55.7375,3.35
2025-05-29,4,5.9375,4.69
2025-05-29,5,18.637500000000003,8.0
2025-05-29,6,77.325,1.64
2025-05-30,1,43.925,1.25
2025-05-30,2,28.21,2.3
2025-05-30,3,41.6875,2.52
2025-05-30,4,43.725,4.96
2025-05-30,5,71.25,3.16
2025-05-30,6,103.9425,2.0
2025-05-31,1,84.75,2.85
2025-05-31,2,81.55,5.86
2025-05-31,3,68.075,2.4
2025-05-31,4,8.61,2.04
2025-05-31,5,26.097499999999997,8.69
2025-05-31,6,91.1675,7.62
2025-06-01,1,66.025,3.67
2025-06-01,2,24.8,4.42
2025-06-01,3,1.5275,1.49
2025-06-01,4,-15.885000000000002,1.75
2025-06-01,5,-4.075,7.66
2025-06-01,6,68.1125,1.67
2025-06-02,1,54.6375,3.4000000000000004
2025-06-02,2,60.175,6.05
2025-06-02,3,90.0675,4.29
2025-06-02,4,74.88250000000001,6.23
2025-06-02,5,53.31,5.97
2025-06-02,6,89.95,8.42
2025-06-03,1,32.25,0.76
2025-06-03,2,12.375,6.38
2025-06-03,3,29.880000000000003,1.39
2025-06-03,4,-3.675,5.69
2025-06-03,5,12.355,8.45
2025-06-03,6,80.9625,3.48
2025-06-04,1,61.725,2.3
2025-06-04,2,43.1125,6.02
2025-06-04,3,70.2625,1.58
2025-06-04,4,17.075,2.96
2025-06-04,5,41.6575,5.98
2025-06-04,6,98.15,1.87
2025-06-05,1,73.925,2.78
2025-06-05,2,63.462500000000006,3.2100000000000004
2025-06-05,3,88.3,6.22
2025-06-05,4,63.605,2.0
2025-06-05,5,61.575,4.71
2025-06-05,6,99.0625,2.64
2025-06-06,1,75.5875,1.68
2025-06-06,2,51.275,4.87
2025-06-06,3,86.15,3.13
2025-06-06,4,54.349999999999994,2.72
2025-06-06,5,58.897499999999994,3.61
2025-06-06,6,98.6625,1.7
2025-06-07,1,87.025,1.35
2025-06-07,2,79.825,4.87
2025-06-07,3,90.865,2.0
2025-06-07,4,85.25,2.7
2025-06-07,5,65.765,4.89
2025-06-07,6,95.95,4.86
2025-06-08,1,67.96000000000001,3.89
2025-06-08,2,27.6,1.5299999999999998
2025-06-08,3,3.4,1.42
2025-06-08,4,9.76,3.18
2025-06-08,5,54.17,5.69
2025-06-08,6,98.92,1.6499999999999997
2025-06-09,1,77.3775,1.53
2025-06-09,2,64.0,3.25
2025-06-09,3,89.82,1.86
2025-06-09,4,81.27000000000001,2.76
2025-06-09,5,79.475,4.56
2025-06-09,6,105.275,2.25
2025-06-10,1,76.325,1.01
2025-06-10,2,51.6,3.4
2025-06-10,3,72.4,1.62
2025-06-10,4,75.35,3.1499999999999995
2025-06-10,5,83.39500000000001,3.14
2025-06-10,6,105.0075,1.8799999999999997
2025-06-11,1,88.02250000000001,2.38
2025-06-11,2,78.7,3.69
2025-06-11,3,90.4375,2.47
2025-06-11,4,78.3425,1.54
2025-06-11,5,69.4575,6.84
2025-06-11,6,97.05,3.72
2025-06-12,1,70.16,3.2400000000000007
2025-06-12,2,37.6125,6.38
2025-06-12,3,51.4325,2.22
2025-06-12,4,13.9375,2.57
2025-06-12,5,32.9,7.449999999999999
2025-06-12,6,96.35,1.83
2025-06-13,1,76.805,2.13
2025-06-13,2,69.4275,4.2
2025-06-13,3,88.7375,2.15
2025-06-13,4,71.175,5.19
2025-06-13,5,69.8,4.08
2025-06-13,6,100.335,2.71
2025-06-14,1,90.895,1.88
2025-06-14,2,79.94,2.71
2025-06-14,3,86.235,4.0
2025-06-14,4,58.975,2.78
2025-06-14,5,31.85,5.98
2025-06-14,6,95.275,3.0
2025-06-15,1,85.33500000000001,3.73
2025-06-15,2,69.92500000000001,3.850000000000001
2025-06-15,3,53.7025,2.46
2025-06-15,4,36.3825,2.41
2025-06-15,5,44.925,5.22
2025-06-15,6,104.1125,1.18
2025-06-16,1,86.7,2.52
2025-06-16,2,78.39,4.37
2025-06-16,3,97.6325,3.67
2025-06-16,4,78.925,3.73
2025-06-16,5,76.81,4.89
2025-06-16,6,110.15,2.64
2025-06-17,1,80.765,4.49
2025-06-17,2,67.83500000000001,4.14
2025-06-17,3,94.3,2.29
2025-06-17,4,72.1125,3.15
2025-06-17,5,72.675,4.56
2025-06-17,6,111.85,2.04
2025-06-18,1,88.6925,1.9
2025-06-18,2,82.095,5.69
2025-06-18,3,96.415,5.5
2025-06-18,4,73.325,5.23
2025-06-18,5,73.6875,7.17
2025-06-18,6,111.4275,1.83
2025-06-19,1,97.22,1.19
2025-06-19,2,86.105,2.94
2025-06-19,3,102.23,2.18
2025-06-19,4,86.0275,1.6
2025-06-19,5,80.8125,3.81
2025-06-19,6,108.59,1.75
2025-06-20,1,87.975,0.95
2025-06-20,2,82.39,3.52
2025-06-20,3,98.9925,4.43
2025-06-20,4,83.0,2.6
2025-06-20,5,77.4,3.23
2025-06-20,6,110.425,3.379999999999999
2025-06-21,1,94.655,1.25
2025-06-21,2,90.985,5.09
2025-06-21,3,80.725,4.36
2025-06-21,4,39.0,1.79
2025-06-21,5,39.6525,4.5
2025-06-21,6,110.8375,3.890000000000001
2025-06-22,1,89.935,5.08
2025-06-22,2,70.05,5.38
2025-06-22,3,23.5,1.74
2025-06-22,4,-1.0,1.93
2025-06-22,5,13.075,7.470000000000001
2025-06-22,6,94.6575,3.77
2025-06-23,1,48.1,1.0
2025-06-23,2,9.015,6.6899999999999995
2025-06-23,3,21.1775,2.42
2025-06-23,4,-10.15,3.0199999999999996
2025-06-23,5,-2.7799999999999994,7.69
2025-06-23,6,76.5925,3.0
2025-06-24,1,55.0325,3.22
2025-06-24,2,34.1225,6.02
2025-06-24,3,56.5075,4.1
2025-06-24,4,16.75,5.41
2025-06-24,5,24.3,4.73
2025-06-24,6,105.8,1.25
2025-06-25,1,78.935,1.29
2025-06-25,2,75.27,2.97
2025-06-25,3,96.6,2.49
2025-06-25,4,85.445,3.01
2025-06-25,5,75.1325,3.57
2025-06-25,6,111.1425,2.69
2025-06-26,1,89.85,1.23
2025-06-26,2,75.3425,6.92
2025-06-26,3,90.6375,4.8
2025-06-26,4,51.1625,2.71
2025-06-26,5,42.6,4.06
2025-06-26,6,91.675,1.42
2025-06-27,1,76.47,3.13
2025-06-27,2,62.7375,4.84
2025-06-27,3,77.04249999999999,2.52
2025-06-27,4,30.3075,2.42
2025-06-27,5,32.865,6.5600000000000005
2025-06-27,6,87.95,3.99
2025-06-28,1,62.625,3.69
2025-06-28,2,33.75,5.19
2025-06-28,3,21.2675,0.65
2025-06-28,4,0.025,2.53
2025-06-28,5,19.0,8.4
2025-06-28,6,89.59,2.64
2025-06-29,1,75.59,2.03
2025-06-29,2,64.275,2.36
2025-06-29,3,69.2,0.87
2025-06-29,4,69.6875,1.7
2025-06-29,5,64.6625,2.9
2025-06-29,6,97.9825,3.12
2025-06-30,1,81.525,2.5
2025-06-30,2,73.63499999999999,4.87
2025-06-30,3,91.575,2.87
2025-06-30,4,69.1625,3.15
2025-06-30,5,69.9975,4.29
2025-06-30,6,119.45,1.38
