Delivery date,EFA block of the day,Weighted_Avg_Clearing_Price
01/01/2024,1.0,1.14
01/01/2024,2.0,0.78
01/01/2024,3.0,1.34
01/01/2024,4.0,1.25
01/01/2024,5.0,5.61
01/01/2024,6.0,1.73
01/01/2025,1.0,2.5
01/01/2025,2.0,3.96
01/01/2025,3.0,2.25
01/01/2025,4.0,2.14
01/01/2025,5.0,6.25
01/01/2025,6.0,3.34
01/02/2024,1.0,0.79
01/02/2024,2.0,0.7
01/02/2024,3.0,1.57
01/02/2024,4.0,1.07
01/02/2024,5.0,2.13
01/02/2024,6.0,1.5
01/02/2025,1.0,3.76
01/02/2025,2.0,4.25
01/02/2025,3.0,3.42
01/02/2025,4.0,2.81
01/02/2025,5.0,4.65
01/02/2025,6.0,3.0
01/03/2024,1.0,0.5
01/03/2024,2.0,0.5
01/03/2024,3.0,1.51
01/03/2024,4.0,1.25
01/03/2024,5.0,2.46
01/03/2024,6.0,1.52
01/03/2025,1.0,3.25
01/03/2025,2.0,3.67
01/03/2025,3.0,4.0
01/03/2025,4.0,6.5
01/03/2025,5.0,7.15
01/03/2025,6.0,3.78
01/04/2024,1.0,0.79
01/04/2024,2.0,1.0
01/04/2024,3.0,1.2
01/04/2024,4.0,1.51
01/04/2024,5.0,2.45
01/04/2024,6.0,0.9600000000000001
01/04/2025,1.0,2.7
01/04/2025,2.0,6.38
01/04/2025,3.0,4.36
01/04/2025,4.0,6.59
01/04/2025,5.0,5.98
01/04/2025,6.0,3.54
01/05/2024,1.0,1.18
01/05/2024,2.0,2.82
01/05/2024,3.0,1.0
01/05/2024,4.0,1.51
01/05/2024,5.0,1.86
01/05/2024,6.0,1.0
01/05/2025,1.0,1.68
01/05/2025,2.0,6.38
01/05/2025,3.0,4.5
01/05/2025,4.0,6.17
01/05/2025,5.0,6.13
01/05/2025,6.0,3.6899999999999995
01/06/2024,1.0,1.4
01/06/2024,2.0,1.48
01/06/2024,3.0,2.0
01/06/2024,4.0,2.45
01/06/2024,5.0,3.47
01/06/2024,6.0,1.18
01/06/2025,1.0,3.67
01/06/2025,2.0,4.42
01/06/2025,3.0,1.49
01/06/2025,4.0,1.75
01/06/2025,5.0,7.66
01/06/2025,6.0,1.67
01/07/2024,1.0,0.96
01/07/2024,2.0,2.19
01/07/2024,3.0,1.2
01/07/2024,4.0,1.55
01/07/2024,5.0,1.65
01/07/2024,6.0,1.09
01/08/2024,1.0,1.19
01/08/2024,2.0,1.81
01/08/2024,3.0,1.01
01/08/2024,4.0,1.55
01/08/2024,5.0,2.5
01/08/2024,6.0,0.9700000000000001
01/09/2024,1.0,1.5
01/09/2024,2.0,1.8300000000000003
01/09/2024,3.0,0.68
01/09/2024,4.0,2.03
01/09/2024,5.0,4.0
01/09/2024,6.0,1.02
01/10/2024,1.0,1.8800000000000001
01/10/2024,2.0,5.0
01/10/2024,3.0,1.58
01/10/2024,4.0,2.89
01/10/2024,5.0,2.0
01/10/2024,6.0,1.25
01/11/2024,1.0,3.37
01/11/2024,2.0,2.53
01/11/2024,3.0,2.1
01/11/2024,4.0,1.43
01/11/2024,5.0,3.0
01/11/2024,6.0,1.58
01/12/2023,1.0,0.5
01/12/2023,2.0,0.91
01/12/2023,3.0,1.9399999999999997
01/12/2023,4.0,0.8
01/12/2023,5.0,18.86
01/12/2023,6.0,3.39
01/12/2024,1.0,4.23
01/12/2024,2.0,2.23
01/12/2024,3.0,2.75
01/12/2024,4.0,1.8300000000000003
01/12/2024,5.0,4.96
01/12/2024,6.0,2.17
02/01/2024,1.0,0.95
02/01/2024,2.0,0.8
02/01/2024,3.0,1.34
02/01/2024,4.0,1.05
02/01/2024,5.0,1.99
02/01/2024,6.0,1.3
02/01/2025,1.0,2.0
02/01/2025,2.0,4.69
02/01/2025,3.0,3.61
02/01/2025,4.0,2.0
02/01/2025,5.0,5.3
02/01/2025,6.0,2.5
02/02/2024,1.0,0.55
02/02/2024,2.0,0.62
02/02/2024,3.0,1.5
02/02/2024,4.0,0.81
02/02/2024,5.0,2.27
02/02/2024,6.0,1.5
02/02/2025,1.0,2.31
02/02/2025,2.0,3.2700000000000005
02/02/2025,3.0,2.0
02/02/2025,4.0,2.0
02/02/2025,5.0,4.25
02/02/2025,6.0,3.25
02/03/2024,1.0,0.0
02/03/2024,2.0,0.0
02/03/2024,3.0,4.81
02/03/2024,4.0,0.5
02/03/2024,5.0,2.5
02/03/2024,6.0,0.9
02/03/2025,1.0,1.7999999999999998
02/03/2025,2.0,2.07
02/03/2025,3.0,2.29
02/03/2025,4.0,3.21
02/03/2025,5.0,7.69
02/03/2025,6.0,3.54
02/04/2024,1.0,0.93
02/04/2024,2.0,2.5
02/04/2024,3.0,1.0
02/04/2024,4.0,1.49
02/04/2024,5.0,2.0
02/04/2024,6.0,0.64
02/04/2025,1.0,2.55
02/04/2025,2.0,6.49
02/04/2025,3.0,4.36
02/04/2025,4.0,3.1100000000000003
02/04/2025,5.0,5.4
02/04/2025,6.0,6.4
02/05/2024,1.0,0.72
02/05/2024,2.0,3.5
02/05/2024,3.0,1.5
02/05/2024,4.0,2.4
02/05/2024,5.0,2.45
02/05/2024,6.0,0.9
02/05/2025,1.0,2.41
02/05/2025,2.0,6.38
02/05/2025,3.0,4.36
02/05/2025,4.0,5.5
02/05/2025,5.0,5.98
02/05/2025,6.0,4.72
02/06/2024,1.0,1.42
02/06/2024,2.0,1.48
02/06/2024,3.0,1.52
02/06/2024,4.0,3.1400000000000006
02/06/2024,5.0,3.6000000000000005
02/06/2024,6.0,1.1
02/06/2025,1.0,3.4000000000000004
02/06/2025,2.0,6.05
02/06/2025,3.0,4.29
02/06/2025,4.0,6.23
02/06/2025,5.0,5.97
02/06/2025,6.0,8.42
02/07/2024,1.0,1.32
02/07/2024,2.0,1.39
02/07/2024,3.0,0.77
02/07/2024,4.0,2.0
02/07/2024,5.0,1.9
02/07/2024,6.0,0.5
02/08/2024,1.0,1.4
02/08/2024,2.0,2.56
02/08/2024,3.0,1.76
02/08/2024,4.0,1.5
02/08/2024,5.0,3.0
02/08/2024,6.0,0.65
02/09/2024,1.0,1.32
02/09/2024,2.0,2.5
02/09/2024,3.0,1.0
02/09/2024,4.0,2.5
02/09/2024,5.0,3.25
02/09/2024,6.0,0.8
02/10/2024,1.0,1.43
02/10/2024,2.0,2.93
02/10/2024,3.0,1.22
02/10/2024,4.0,3.0
02/10/2024,5.0,1.67
02/10/2024,6.0,1.04
02/11/2024,1.0,1.31
02/11/2024,2.0,1.1
02/11/2024,3.0,1.8999999999999997
02/11/2024,4.0,1.17
02/11/2024,5.0,3.1
02/11/2024,6.0,1.91
02/12/2023,1.0,0.37
02/12/2023,2.0,0.66
02/12/2023,3.0,0.94
02/12/2023,4.0,1.18
02/12/2023,5.0,2.45
02/12/2023,6.0,1.0
02/12/2024,1.0,3.27
02/12/2024,2.0,2.27
02/12/2024,3.0,1.82
02/12/2024,4.0,1.75
02/12/2024,5.0,3.98
02/12/2024,6.0,1.67
03/01/2024,1.0,0.55
03/01/2024,2.0,0.65
03/01/2024,3.0,1.3
03/01/2024,4.0,1.07
03/01/2024,5.0,3.01
03/01/2024,6.0,1.29
03/01/2025,1.0,1.75
03/01/2025,2.0,4.27
03/01/2025,3.0,4.69
03/01/2025,4.0,3.13
03/01/2025,5.0,13.37
03/01/2025,6.0,3.25
03/02/2024,1.0,0.65
03/02/2024,2.0,0.48
03/02/2024,3.0,1.15
03/02/2024,4.0,0.94
03/02/2024,5.0,3.0
03/02/2024,6.0,0.98
03/02/2025,1.0,5.69
03/02/2025,2.0,4.5
03/02/2025,3.0,11.0
03/02/2025,4.0,7.690000000000001
03/02/2025,5.0,9.58
03/02/2025,6.0,6.5
03/03/2024,1.0,0.4
03/03/2024,2.0,0.84
03/03/2024,3.0,0.81
03/03/2024,4.0,0.91
03/03/2024,5.0,2.25
03/03/2024,6.0,0.9
03/03/2025,1.0,5.81
03/03/2025,2.0,5.36
03/03/2025,3.0,5.0
03/03/2025,4.0,4.36
03/03/2025,5.0,8.69
03/03/2025,6.0,4.69
03/04/2024,1.0,1.0
03/04/2024,2.0,2.95
03/04/2024,3.0,0.94
03/04/2024,4.0,2.59
03/04/2024,5.0,1.68
03/04/2024,6.0,0.5
03/04/2025,1.0,6.5
03/04/2025,2.0,6.38
03/04/2025,3.0,4.36
03/04/2025,4.0,7.17
03/04/2025,5.0,5.98
03/04/2025,6.0,4.69
03/05/2024,1.0,1.23
03/05/2024,2.0,2.5
03/05/2024,3.0,1.17
03/05/2024,4.0,2.68
03/05/2024,5.0,2.47
03/05/2024,6.0,1.04
03/05/2025,1.0,3.5399999999999996
03/05/2025,2.0,7.619999999999999
03/05/2025,3.0,4.02
03/05/2025,4.0,4.24
03/05/2025,5.0,7.559999999999999
03/05/2025,6.0,4.69
03/06/2024,1.0,2.0
03/06/2024,2.0,2.0
03/06/2024,3.0,1.1
03/06/2024,4.0,2.42
03/06/2024,5.0,4.17
03/06/2024,6.0,1.3
03/06/2025,1.0,0.76
03/06/2025,2.0,6.38
03/06/2025,3.0,1.39
03/06/2025,4.0,5.69
03/06/2025,5.0,8.45
03/06/2025,6.0,3.48
03/07/2024,1.0,0.68
03/07/2024,2.0,3.0
03/07/2024,3.0,0.51
03/07/2024,4.0,1.33
03/07/2024,5.0,1.36
03/07/2024,6.0,1.25
03/08/2024,1.0,0.75
03/08/2024,2.0,2.11
03/08/2024,3.0,1.65
03/08/2024,4.0,1.5
03/08/2024,5.0,2.81
03/08/2024,6.0,1.0
03/09/2024,1.0,0.91
03/09/2024,2.0,2.73
03/09/2024,3.0,1.54
03/09/2024,4.0,2.5
03/09/2024,5.0,4.0
03/09/2024,6.0,0.8
03/10/2024,1.0,1.0
03/10/2024,2.0,3.01
03/10/2024,3.0,1.09
03/10/2024,4.0,3.1
03/10/2024,5.0,3.75
03/10/2024,6.0,1.25
03/11/2023,1.0,0.26
03/11/2023,2.0,0.2
03/11/2023,3.0,2.28
03/11/2023,4.0,1.36
03/11/2023,5.0,3.25
03/11/2023,6.0,1.39
03/11/2024,1.0,1.31
03/11/2024,2.0,1.28
03/11/2024,3.0,1.54
03/11/2024,4.0,1.41
03/11/2024,5.0,3.55
03/11/2024,6.0,1.75
03/12/2023,1.0,0.6
03/12/2023,2.0,0.5
03/12/2023,3.0,1.04
03/12/2023,4.0,0.6
03/12/2023,5.0,1.86
03/12/2023,6.0,0.8200000000000001
03/12/2024,1.0,1.53
03/12/2024,2.0,1.49
03/12/2024,3.0,1.75
03/12/2024,4.0,1.67
03/12/2024,5.0,12.0
03/12/2024,6.0,3.6
04/01/2024,1.0,0.88
04/01/2024,2.0,0.62
04/01/2024,3.0,1.22
04/01/2024,4.0,1.24
04/01/2024,5.0,3.28
04/01/2024,6.0,1.25
04/01/2025,1.0,2.2
04/01/2025,2.0,1.25
04/01/2025,3.0,2.08
04/01/2025,4.0,1.45
04/01/2025,5.0,3.4
04/01/2025,6.0,1.92
04/02/2024,1.0,0.45
04/02/2024,2.0,0.52
04/02/2024,3.0,0.99
04/02/2024,4.0,0.87
04/02/2024,5.0,4.0
04/02/2024,6.0,1.2
04/02/2025,1.0,3.0
04/02/2025,2.0,4.25
04/02/2025,3.0,6.4
04/02/2025,4.0,4.39
04/02/2025,5.0,9.4
04/02/2025,6.0,4.33
04/03/2024,1.0,0.67
04/03/2024,2.0,0.9
04/03/2024,3.0,1.53
04/03/2024,4.0,0.59
04/03/2024,5.0,1.9
04/03/2024,6.0,1.15
04/03/2025,1.0,4.22
04/03/2025,2.0,4.0
04/03/2025,3.0,7.300000000000001
04/03/2025,4.0,3.32
04/03/2025,5.0,8.78
04/03/2025,6.0,5.5
04/04/2024,1.0,0.89
04/04/2024,2.0,1.63
04/04/2024,3.0,0.96
04/04/2024,4.0,1.49
04/04/2024,5.0,1.64
04/04/2024,6.0,1.08
04/04/2025,1.0,2.9
04/04/2025,2.0,6.690000000000001
04/04/2025,3.0,5.22
04/04/2025,4.0,6.219999999999999
04/04/2025,5.0,5.85
04/04/2025,6.0,3.61
04/05/2024,1.0,0.87
04/05/2024,2.0,2.02
04/05/2024,3.0,1.27
04/05/2024,4.0,4.0
04/05/2024,5.0,3.23
04/05/2024,6.0,0.8
04/05/2025,1.0,4.27
04/05/2025,2.0,3.1700000000000004
04/05/2025,3.0,2.03
04/05/2025,4.0,6.25
04/05/2025,5.0,6.12
04/05/2025,6.0,2.66
04/06/2024,1.0,3.44
04/06/2024,2.0,6.06
04/06/2024,3.0,3.25
04/06/2024,4.0,3.2400000000000007
04/06/2024,5.0,6.75
04/06/2024,6.0,1.6899999999999997
04/06/2025,1.0,2.3
04/06/2025,2.0,6.02
04/06/2025,3.0,1.58
04/06/2025,4.0,2.96
04/06/2025,5.0,5.98
04/06/2025,6.0,1.87
04/07/2024,1.0,0.55
04/07/2024,2.0,5.0
04/07/2024,3.0,0.75
04/07/2024,4.0,2.0
04/07/2024,5.0,5.43
04/07/2024,6.0,1.75
04/08/2024,1.0,1.35
04/08/2024,2.0,2.01
04/08/2024,3.0,2.0
04/08/2024,4.0,2.07
04/08/2024,5.0,2.02
04/08/2024,6.0,1.56
04/09/2024,1.0,1.07
04/09/2024,2.0,3.43
04/09/2024,3.0,1.12
04/09/2024,4.0,2.8
04/09/2024,5.0,2.59
04/09/2024,6.0,1.0
04/10/2024,1.0,1.8200000000000003
04/10/2024,2.0,3.62
04/10/2024,3.0,1.2
04/10/2024,4.0,3.5
04/10/2024,5.0,4.0
04/10/2024,6.0,1.47
04/11/2023,1.0,0.75
04/11/2023,2.0,0.07
04/11/2023,3.0,1.05
04/11/2023,4.0,0.28
04/11/2023,5.0,4.49
04/11/2023,6.0,1.05
04/11/2024,1.0,2.64
04/11/2024,2.0,2.29
04/11/2024,3.0,3.42
04/11/2024,4.0,2.03
04/11/2024,5.0,20.08
04/11/2024,6.0,4.25
04/12/2023,1.0,0.1
04/12/2023,2.0,-0.41
04/12/2023,3.0,0.66
04/12/2023,4.0,0.54
04/12/2023,5.0,7.58
04/12/2023,6.0,1.12
04/12/2024,1.0,2.54
04/12/2024,2.0,2.5
04/12/2024,3.0,7.7
04/12/2024,4.0,4.38
04/12/2024,5.0,13.5
04/12/2024,6.0,6.23
05/01/2024,1.0,0.78
05/01/2024,2.0,0.63
05/01/2024,3.0,1.42
05/01/2024,4.0,1.08
05/01/2024,5.0,2.5
05/01/2024,6.0,1.5
05/01/2025,1.0,2.3
05/01/2025,2.0,1.46
05/01/2025,3.0,1.88
05/01/2025,4.0,1.71
05/01/2025,5.0,2.08
05/01/2025,6.0,4.2
05/02/2024,1.0,0.45
05/02/2024,2.0,1.0
05/02/2024,3.0,1.11
05/02/2024,4.0,0.92
05/02/2024,5.0,2.0
05/02/2024,6.0,1.28
05/02/2025,1.0,4.69
05/02/2025,2.0,1.96
05/02/2025,3.0,5.0
05/02/2025,4.0,6.0
05/02/2025,5.0,6.41
05/02/2025,6.0,3.0
05/03/2024,1.0,0.4
05/03/2024,2.0,0.46
05/03/2024,3.0,1.35
05/03/2024,4.0,0.5
05/03/2024,5.0,3.0
05/03/2024,6.0,1.0
05/03/2025,1.0,5.69
05/03/2025,2.0,7.4
05/03/2025,3.0,9.74
05/03/2025,4.0,3.9800000000000004
05/03/2025,5.0,11.5
05/03/2025,6.0,7.22
05/04/2024,1.0,0.85
05/04/2024,2.0,4.19
05/04/2024,3.0,2.69
05/04/2024,4.0,2.52
05/04/2024,5.0,2.9
05/04/2024,6.0,1.2
05/04/2025,1.0,1.11
05/04/2025,2.0,6.38
05/04/2025,3.0,6.69
05/04/2025,4.0,6.480000000000001
05/04/2025,5.0,5.6
05/04/2025,6.0,2.95
05/05/2024,1.0,1.0
05/05/2024,2.0,2.0
05/05/2024,3.0,1.84
05/05/2024,4.0,2.5
05/05/2024,5.0,2.75
05/05/2024,6.0,0.87
05/05/2025,1.0,3.14
05/05/2025,2.0,4.69
05/05/2025,3.0,3.69
05/05/2025,4.0,4.69
05/05/2025,5.0,5.58
05/05/2025,6.0,1.8300000000000003
05/06/2024,1.0,1.8
05/06/2024,2.0,10.0
05/06/2024,3.0,2.34
05/06/2024,4.0,3.1499999999999995
05/06/2024,5.0,5.5
05/06/2024,6.0,1.0
05/06/2025,1.0,2.78
05/06/2025,2.0,3.2100000000000004
05/06/2025,3.0,6.22
05/06/2025,4.0,2.0
05/06/2025,5.0,4.71
05/06/2025,6.0,2.64
05/07/2024,1.0,1.15
05/07/2024,2.0,1.77
05/07/2024,3.0,1.6
05/07/2024,4.0,3.0
05/07/2024,5.0,3.45
05/07/2024,6.0,1.5
05/08/2024,1.0,1.39
05/08/2024,2.0,1.88
05/08/2024,3.0,0.81
05/08/2024,4.0,1.66
05/08/2024,5.0,3.0
05/08/2024,6.0,0.9
05/09/2024,1.0,1.06
05/09/2024,2.0,3.05
05/09/2024,3.0,1.0
05/09/2024,4.0,1.88
05/09/2024,5.0,2.5
05/09/2024,6.0,1.83
05/10/2024,1.0,1.28
05/10/2024,2.0,2.62
05/10/2024,3.0,1.44
05/10/2024,4.0,4.79
05/10/2024,5.0,3.0
05/10/2024,6.0,1.7700000000000002
05/11/2023,1.0,0.3
05/11/2023,2.0,0.5
05/11/2023,3.0,1.5
05/11/2023,4.0,1.5
05/11/2023,5.0,7.61
05/11/2023,6.0,1.05
05/11/2024,1.0,3.73
05/11/2024,2.0,2.52
05/11/2024,3.0,3.25
05/11/2024,4.0,2.51
05/11/2024,5.0,27.6
05/11/2024,6.0,5.51
05/12/2023,1.0,0.6
05/12/2023,2.0,0.66
05/12/2023,3.0,0.88
05/12/2023,4.0,0.3
05/12/2023,5.0,3.15
05/12/2023,6.0,1.49
05/12/2024,1.0,5.69
05/12/2024,2.0,6.93
05/12/2024,3.0,7.0
05/12/2024,4.0,5.69
05/12/2024,5.0,7.5
05/12/2024,6.0,6.28
06/01/2024,1.0,0.43
06/01/2024,2.0,0.55
06/01/2024,3.0,1.41
06/01/2024,4.0,1.05
06/01/2024,5.0,2.68
06/01/2024,6.0,1.51
06/01/2025,1.0,2.4
06/01/2025,2.0,3.96
06/01/2025,3.0,3.57
06/01/2025,4.0,1.8699999999999999
06/01/2025,5.0,7.08
06/01/2025,6.0,3.44
06/02/2024,1.0,0.51
06/02/2024,2.0,0.5
06/02/2024,3.0,1.49
06/02/2024,4.0,1.05
06/02/2024,5.0,2.2
06/02/2024,6.0,1.5
06/02/2025,1.0,1.31
06/02/2025,2.0,4.69
06/02/2025,3.0,8.38
06/02/2025,4.0,3.36
06/02/2025,5.0,6.2
06/02/2025,6.0,3.58
06/03/2024,1.0,0.5
06/03/2024,2.0,0.52
06/03/2024,3.0,1.3800000000000001
06/03/2024,4.0,0.49
06/03/2024,5.0,2.41
06/03/2024,6.0,1.48
06/03/2025,1.0,6.21
06/03/2025,2.0,7.5
06/03/2025,3.0,9.94
06/03/2025,4.0,5.26
06/03/2025,5.0,12.19
06/03/2025,6.0,5.0
06/04/2024,1.0,1.49
06/04/2024,2.0,2.75
06/04/2024,3.0,1.37
06/04/2024,4.0,3.28
06/04/2024,5.0,3.39
06/04/2024,6.0,0.57
06/04/2025,1.0,1.98
06/04/2025,2.0,4.9
06/04/2025,3.0,3.1599999999999997
06/04/2025,4.0,3.08
06/04/2025,5.0,4.89
06/04/2025,6.0,2.25
06/05/2024,1.0,1.43
06/05/2024,2.0,1.75
06/05/2024,3.0,1.04
06/05/2024,4.0,2.04
06/05/2024,5.0,2.38
06/05/2024,6.0,1.0
06/05/2025,1.0,2.91
06/05/2025,2.0,6.43
06/05/2025,3.0,5.69
06/05/2025,4.0,4.0
06/05/2025,5.0,5.98
06/05/2025,6.0,1.28
06/06/2024,1.0,2.25
06/06/2024,2.0,2.01
06/06/2024,3.0,1.75
06/06/2024,4.0,2.75
06/06/2024,5.0,3.8999999999999995
06/06/2024,6.0,1.13
06/06/2025,1.0,1.68
06/06/2025,2.0,4.87
06/06/2025,3.0,3.13
06/06/2025,4.0,2.72
06/06/2025,5.0,3.61
06/06/2025,6.0,1.7
06/07/2024,1.0,0.55
06/07/2024,2.0,2.8
06/07/2024,3.0,2.25
06/07/2024,4.0,1.43
06/07/2024,5.0,3.27
06/07/2024,6.0,1.04
06/08/2024,1.0,0.75
06/08/2024,2.0,3.04
06/08/2024,3.0,1.03
06/08/2024,4.0,1.5
06/08/2024,5.0,2.81
06/08/2024,6.0,1.4
06/09/2024,1.0,0.88
06/09/2024,2.0,1.79
06/09/2024,3.0,1.21
06/09/2024,4.0,1.5
06/09/2024,5.0,2.0
06/09/2024,6.0,1.03
06/10/2024,1.0,1.1
06/10/2024,2.0,1.21
06/10/2024,3.0,1.91
06/10/2024,4.0,3.48
06/10/2024,5.0,2.5
06/10/2024,6.0,1.6
06/11/2023,1.0,0.3
06/11/2023,2.0,0.3
06/11/2023,3.0,2.54
06/11/2023,4.0,1.04
06/11/2023,5.0,4.02
06/11/2023,6.0,0.6
06/11/2024,1.0,2.67
06/11/2024,2.0,1.46
06/11/2024,3.0,2.37
06/11/2024,4.0,2.57
06/11/2024,5.0,29.0
06/11/2024,6.0,4.75
06/12/2023,1.0,0.6
06/12/2023,2.0,0.9900000000000001
06/12/2023,3.0,1.17
06/12/2023,4.0,0.3
06/12/2023,5.0,2.26
06/12/2023,6.0,1.49
06/12/2024,1.0,2.0
06/12/2024,2.0,3.05
06/12/2024,3.0,4.25
06/12/2024,4.0,2.0
06/12/2024,5.0,5.25
06/12/2024,6.0,4.0
07/01/2024,1.0,0.7
07/01/2024,2.0,0.95
07/01/2024,3.0,1.46
07/01/2024,4.0,0.86
07/01/2024,5.0,2.84
07/01/2024,6.0,1.56
07/01/2025,1.0,2.25
07/01/2025,2.0,1.25
07/01/2025,3.0,4.33
07/01/2025,4.0,2.0
07/01/2025,5.0,7.68
07/01/2025,6.0,2.58
07/02/2024,1.0,0.61
07/02/2024,2.0,0.61
07/02/2024,3.0,1.2
07/02/2024,4.0,0.89
07/02/2024,5.0,8.25
07/02/2024,6.0,1.49
07/02/2025,1.0,1.89
07/02/2025,2.0,5.69
07/02/2025,3.0,5.92
07/02/2025,4.0,2.01
07/02/2025,5.0,4.62
07/02/2025,6.0,3.68
07/03/2024,1.0,0.5
07/03/2024,2.0,0.74
07/03/2024,3.0,2.35
07/03/2024,4.0,0.75
07/03/2024,5.0,1.77
07/03/2024,6.0,1.25
07/03/2025,1.0,4.27
07/03/2025,2.0,2.24
07/03/2025,3.0,5.02
07/03/2025,4.0,4.0
07/03/2025,5.0,5.52
07/03/2025,6.0,5.4
07/04/2024,1.0,0.4
07/04/2024,2.0,1.2
07/04/2024,3.0,0.51
07/04/2024,4.0,2.89
07/04/2024,5.0,2.93
07/04/2024,6.0,1.5
07/04/2025,1.0,4.01
07/04/2025,2.0,5.95
07/04/2025,3.0,3.4400000000000004
07/04/2025,4.0,6.69
07/04/2025,5.0,5.23
07/04/2025,6.0,2.25
07/05/2024,1.0,1.0
07/05/2024,2.0,3.5
07/05/2024,3.0,1.5
07/05/2024,4.0,1.68
07/05/2024,5.0,2.37
07/05/2024,6.0,1.0
07/05/2025,1.0,2.3
07/05/2025,2.0,3.25
07/05/2025,3.0,2.67
07/05/2025,4.0,2.22
07/05/2025,5.0,4.89
07/05/2025,6.0,1.08
07/06/2024,1.0,1.65
07/06/2024,2.0,2.45
07/06/2024,3.0,2.75
07/06/2024,4.0,2.76
07/06/2024,5.0,4.72
07/06/2024,6.0,2.2
07/06/2025,1.0,1.35
07/06/2025,2.0,4.87
07/06/2025,3.0,2.0
07/06/2025,4.0,2.7
07/06/2025,5.0,4.89
07/06/2025,6.0,4.86
07/07/2024,1.0,1.39
07/07/2024,2.0,1.6300000000000001
07/07/2024,3.0,1.0
07/07/2024,4.0,1.66
07/07/2024,5.0,3.51
07/07/2024,6.0,0.8
07/08/2024,1.0,0.75
07/08/2024,2.0,2.5
07/08/2024,3.0,0.81
07/08/2024,4.0,1.5
07/08/2024,5.0,3.25
07/08/2024,6.0,1.35
07/09/2024,1.0,0.85
07/09/2024,2.0,1.36
07/09/2024,3.0,0.96
07/09/2024,4.0,2.45
07/09/2024,5.0,1.19
07/09/2024,6.0,1.54
07/10/2024,1.0,1.08
07/10/2024,2.0,2.38
07/10/2024,3.0,1.45
07/10/2024,4.0,5.3
07/10/2024,5.0,4.43
07/10/2024,6.0,1.49
07/11/2023,1.0,1.07
07/11/2023,2.0,2.25
07/11/2023,3.0,4.5
07/11/2023,4.0,1.87
07/11/2023,5.0,12.72
07/11/2023,6.0,3.61
07/11/2024,1.0,2.71
07/11/2024,2.0,2.01
07/11/2024,3.0,2.27
07/11/2024,4.0,1.88
07/11/2024,5.0,6.43
07/11/2024,6.0,2.0
07/12/2023,1.0,0.31
07/12/2023,2.0,-0.47
07/12/2023,3.0,0.9400000000000001
07/12/2023,4.0,0.79
07/12/2023,5.0,1.17
07/12/2023,6.0,0.71
07/12/2024,1.0,3.8100000000000005
07/12/2024,2.0,5.69
07/12/2024,3.0,5.69
07/12/2024,4.0,4.35
07/12/2024,5.0,5.69
07/12/2024,6.0,4.5
08/01/2024,1.0,0.72
08/01/2024,2.0,0.85
08/01/2024,3.0,1.19
08/01/2024,4.0,0.96
08/01/2024,5.0,9.21
08/01/2024,6.0,1.57
08/01/2025,1.0,2.8
08/01/2025,2.0,3.2
08/01/2025,3.0,3.8299999999999996
08/01/2025,4.0,3.75
08/01/2025,5.0,53.69
08/01/2025,6.0,7.0
08/02/2024,1.0,0.67
08/02/2024,2.0,0.76
08/02/2024,3.0,1.94
08/02/2024,4.0,0.91
08/02/2024,5.0,1.5
08/02/2024,6.0,1.5
08/02/2025,1.0,5.69
08/02/2025,2.0,1.59
08/02/2025,3.0,2.17
08/02/2025,4.0,0.92
08/02/2025,5.0,4.3
08/02/2025,6.0,1.59
08/03/2024,1.0,0.5
08/03/2024,2.0,0.51
08/03/2024,3.0,1.21
08/03/2024,4.0,0.75
08/03/2024,5.0,1.8
08/03/2024,6.0,1.2
08/03/2025,1.0,2.8
08/03/2025,2.0,2.47
08/03/2025,3.0,5.5
08/03/2025,4.0,6.5
08/03/2025,5.0,6.5
08/03/2025,6.0,3.79
08/04/2024,1.0,0.96
08/04/2024,2.0,1.73
08/04/2024,3.0,0.9900000000000001
08/04/2024,4.0,2.5
08/04/2024,5.0,2.98
08/04/2024,6.0,1.2
08/04/2025,1.0,6.0
08/04/2025,2.0,5.16
08/04/2025,3.0,2.94
08/04/2025,4.0,6.02
08/04/2025,5.0,5.0
08/04/2025,6.0,2.67
08/05/2024,1.0,0.9900000000000001
08/05/2024,2.0,3.3
08/05/2024,3.0,1.22
08/05/2024,4.0,1.51
08/05/2024,5.0,2.0
08/05/2024,6.0,1.05
08/05/2025,1.0,1.11
08/05/2025,2.0,3.4200000000000004
08/05/2025,3.0,2.87
08/05/2025,4.0,3.1800000000000006
08/05/2025,5.0,4.68
08/05/2025,6.0,1.7
08/06/2024,1.0,1.3
08/06/2024,2.0,1.83
08/06/2024,3.0,1.5
08/06/2024,4.0,2.41
08/06/2024,5.0,7.0
08/06/2024,6.0,1.56
08/06/2025,1.0,3.89
08/06/2025,2.0,1.5299999999999998
08/06/2025,3.0,1.42
08/06/2025,4.0,3.18
08/06/2025,5.0,5.69
08/06/2025,6.0,1.6499999999999997
08/07/2024,1.0,1.01
08/07/2024,2.0,1.0
08/07/2024,3.0,0.75
08/07/2024,4.0,2.0
08/07/2024,5.0,2.43
08/07/2024,6.0,0.94
08/08/2024,1.0,1.67
08/08/2024,2.0,2.61
08/08/2024,3.0,1.25
08/08/2024,4.0,1.32
08/08/2024,5.0,1.65
08/08/2024,6.0,2.08
08/09/2024,1.0,0.99
08/09/2024,2.0,1.33
08/09/2024,3.0,1.14
08/09/2024,4.0,1.9
08/09/2024,5.0,2.0
08/09/2024,6.0,1.16
08/10/2024,1.0,1.64
08/10/2024,2.0,2.5
08/10/2024,3.0,1.48
08/10/2024,4.0,6.14
08/10/2024,5.0,2.82
08/10/2024,6.0,2.5
08/11/2023,1.0,0.4
08/11/2023,2.0,0.5
08/11/2023,3.0,1.78
08/11/2023,4.0,0.5
08/11/2023,5.0,4.11
08/11/2023,6.0,1.51
08/11/2024,1.0,2.29
08/11/2024,2.0,1.6
08/11/2024,3.0,1.87
08/11/2024,4.0,1.45
08/11/2024,5.0,2.56
08/11/2024,6.0,1.8
08/12/2023,1.0,0.77
08/12/2023,2.0,0.6
08/12/2023,3.0,0.89
08/12/2023,4.0,0.37
08/12/2023,5.0,1.07
08/12/2023,6.0,0.99
08/12/2024,1.0,5.38
08/12/2024,2.0,7.24
08/12/2024,3.0,5.69
08/12/2024,4.0,2.75
08/12/2024,5.0,7.8
08/12/2024,6.0,3.25
09/01/2024,1.0,0.94
09/01/2024,2.0,0.87
09/01/2024,3.0,1.28
09/01/2024,4.0,1.13
09/01/2024,5.0,9.82
09/01/2024,6.0,1.6799999999999997
09/01/2025,1.0,1.32
09/01/2025,2.0,1.2
09/01/2025,3.0,5.75
09/01/2025,4.0,3.69
09/01/2025,5.0,6.69
09/01/2025,6.0,2.67
09/02/2024,1.0,0.6400000000000001
09/02/2024,2.0,0.5
09/02/2024,3.0,1.4
09/02/2024,4.0,0.8399999999999999
09/02/2024,5.0,1.74
09/02/2024,6.0,1.49
09/02/2025,1.0,2.08
09/02/2025,2.0,1.0
09/02/2025,3.0,1.77
09/02/2025,4.0,1.31
09/02/2025,5.0,3.7
09/02/2025,6.0,2.95
09/03/2024,1.0,0.5
09/03/2024,2.0,0.71
09/03/2024,3.0,0.84
09/03/2024,4.0,0.84
09/03/2024,5.0,2.87
09/03/2024,6.0,1.43
09/03/2025,1.0,2.34
09/03/2025,2.0,2.92
09/03/2025,3.0,4.5
09/03/2025,4.0,4.69
09/03/2025,5.0,7.2
09/03/2025,6.0,2.0
09/04/2024,1.0,0.9
09/04/2024,2.0,3.0
09/04/2024,3.0,2.0
09/04/2024,4.0,2.94
09/04/2024,5.0,3.31
09/04/2024,6.0,0.78
09/04/2025,1.0,3.48
09/04/2025,2.0,4.41
09/04/2025,3.0,5.69
09/04/2025,4.0,4.31
09/04/2025,5.0,4.89
09/04/2025,6.0,1.8299999999999998
09/05/2024,1.0,1.0
09/05/2024,2.0,2.25
09/05/2024,3.0,1.42
09/05/2024,4.0,1.8599999999999999
09/05/2024,5.0,2.94
09/05/2024,6.0,1.16
09/05/2025,1.0,2.7
09/05/2025,2.0,3.6799999999999997
09/05/2025,3.0,2.93
09/05/2025,4.0,4.48
09/05/2025,5.0,5.36
09/05/2025,6.0,2.63
09/06/2024,1.0,1.43
09/06/2024,2.0,0.75
09/06/2024,3.0,1.29
09/06/2024,4.0,3.31
09/06/2024,5.0,7.5
09/06/2024,6.0,1.12
09/06/2025,1.0,1.53
09/06/2025,2.0,3.25
09/06/2025,3.0,1.86
09/06/2025,4.0,2.76
09/06/2025,5.0,4.56
09/06/2025,6.0,2.25
09/07/2024,1.0,1.16
09/07/2024,2.0,1.1
09/07/2024,3.0,1.25
09/07/2024,4.0,1.69
09/07/2024,5.0,3.74
09/07/2024,6.0,1.5
09/08/2024,1.0,1.8999999999999997
09/08/2024,2.0,3.86
09/08/2024,3.0,1.42
09/08/2024,4.0,1.5
09/08/2024,5.0,5.6
09/08/2024,6.0,2.04
09/09/2024,1.0,1.42
09/09/2024,2.0,2.52
09/09/2024,3.0,1.25
09/09/2024,4.0,1.65
09/09/2024,5.0,2.62
09/09/2024,6.0,2.13
09/10/2024,1.0,2.57
09/10/2024,2.0,3.06
09/10/2024,3.0,2.03
09/10/2024,4.0,4.05
09/10/2024,5.0,3.52
09/10/2024,6.0,1.61
09/11/2023,1.0,0.6
09/11/2023,2.0,0.4
09/11/2023,3.0,1.98
09/11/2023,4.0,1.5
09/11/2023,5.0,2.66
09/11/2023,6.0,1.5
09/11/2024,1.0,1.85
09/11/2024,2.0,1.67
09/11/2024,3.0,1.75
09/11/2024,4.0,1.45
09/11/2024,5.0,3.98
09/11/2024,6.0,2.08
09/12/2023,1.0,0.3
09/12/2023,2.0,0.41
09/12/2023,3.0,0.98
09/12/2023,4.0,0.85
09/12/2023,5.0,1.75
09/12/2023,6.0,1.06
09/12/2024,1.0,2.5
09/12/2024,2.0,3.12
09/12/2024,3.0,3.0
09/12/2024,4.0,1.63
09/12/2024,5.0,12.0
09/12/2024,6.0,3.0
10/01/2024,1.0,0.69
10/01/2024,2.0,0.9
10/01/2024,3.0,1.28
10/01/2024,4.0,1.1
10/01/2024,5.0,5.07
10/01/2024,6.0,1.62
10/01/2025,1.0,2.25
10/01/2025,2.0,4.25
10/01/2025,3.0,23.02
10/01/2025,4.0,8.09
10/01/2025,5.0,53.69
10/01/2025,6.0,14.5
10/02/2024,1.0,0.59
10/02/2024,2.0,0.5
10/02/2024,3.0,0.97
10/02/2024,4.0,0.95
10/02/2024,5.0,1.95
10/02/2024,6.0,1.0
10/02/2025,1.0,4.0
10/02/2025,2.0,3.18
10/02/2025,3.0,4.58
10/02/2025,4.0,3.25
10/02/2025,5.0,5.13
10/02/2025,6.0,4.5
10/03/2024,1.0,0.75
10/03/2024,2.0,0.41
10/03/2024,3.0,1.1
10/03/2024,4.0,0.7
10/03/2024,5.0,1.57
10/03/2024,6.0,2.2
10/03/2025,1.0,4.69
10/03/2025,2.0,4.5
10/03/2025,3.0,9.65
10/03/2025,4.0,6.69
10/03/2025,5.0,6.69
10/03/2025,6.0,4.43
10/04/2024,1.0,1.77
10/04/2024,2.0,5.0
10/04/2024,3.0,1.16
10/04/2024,4.0,1.55
10/04/2024,5.0,3.11
10/04/2024,6.0,1.68
10/04/2025,1.0,2.27
10/04/2025,2.0,4.98
10/04/2025,3.0,4.69
10/04/2025,4.0,4.5
10/04/2025,5.0,6.69
10/04/2025,6.0,2.72
10/05/2024,1.0,1.28
10/05/2024,2.0,2.23
10/05/2024,3.0,1.29
10/05/2024,4.0,2.47
10/05/2024,5.0,2.0
10/05/2024,6.0,1.06
10/05/2025,1.0,2.16
10/05/2025,2.0,4.96
10/05/2025,3.0,4.36
10/05/2025,4.0,3.58
10/05/2025,5.0,8.0
10/05/2025,6.0,4.69
10/06/2024,1.0,1.8
10/06/2024,2.0,3.23
10/06/2024,3.0,1.75
10/06/2024,4.0,3.49
10/06/2024,5.0,2.7
10/06/2024,6.0,1.7099999999999997
10/06/2025,1.0,1.01
10/06/2025,2.0,3.4
10/06/2025,3.0,1.62
10/06/2025,4.0,3.1499999999999995
10/06/2025,5.0,3.14
10/06/2025,6.0,1.8799999999999997
10/07/2024,1.0,1.01
10/07/2024,2.0,2.24
10/07/2024,3.0,0.62
10/07/2024,4.0,1.2
10/07/2024,5.0,2.58
10/07/2024,6.0,1.0
10/08/2024,1.0,1.0
10/08/2024,2.0,1.77
10/08/2024,3.0,1.16
10/08/2024,4.0,1.5
10/08/2024,5.0,4.25
10/08/2024,6.0,0.9599999999999999
10/09/2024,1.0,2.01
10/09/2024,2.0,3.79
10/09/2024,3.0,1.5
10/09/2024,4.0,2.43
10/09/2024,5.0,4.56
10/09/2024,6.0,1.25
10/10/2024,1.0,2.0
10/10/2024,2.0,3.19
10/10/2024,3.0,1.82
10/10/2024,4.0,3.75
10/10/2024,5.0,2.45
10/10/2024,6.0,1.9599999999999997
10/11/2023,1.0,0.6
10/11/2023,2.0,0.81
10/11/2023,3.0,2.07
10/11/2023,4.0,1.55
10/11/2023,5.0,2.89
10/11/2023,6.0,1.34
10/11/2024,1.0,1.6
10/11/2024,2.0,1.58
10/11/2024,3.0,1.56
10/11/2024,4.0,1.37
10/11/2024,5.0,2.72
10/11/2024,6.0,2.1
10/12/2023,1.0,0.99
10/12/2023,2.0,0.13
10/12/2023,3.0,1.08
10/12/2023,4.0,0.62
10/12/2023,5.0,1.73
10/12/2023,6.0,0.95
10/12/2024,1.0,1.79
10/12/2024,2.0,2.34
10/12/2024,3.0,5.69
10/12/2024,4.0,2.92
10/12/2024,5.0,20.0
10/12/2024,6.0,3.5
11/01/2024,1.0,1.3
11/01/2024,2.0,0.82
11/01/2024,3.0,1.91
11/01/2024,4.0,1.12
11/01/2024,5.0,3.17
11/01/2024,6.0,1.44
11/01/2025,1.0,1.25
11/01/2025,2.0,1.6
11/01/2025,3.0,2.29
11/01/2025,4.0,1.54
11/01/2025,5.0,10.17
11/01/2025,6.0,3.17
11/02/2024,1.0,0.5
11/02/2024,2.0,0.59
11/02/2024,3.0,1.02
11/02/2024,4.0,1.08
11/02/2024,5.0,2.08
11/02/2024,6.0,0.99
11/02/2025,1.0,1.96
11/02/2025,2.0,3.6
11/02/2025,3.0,3.58
11/02/2025,4.0,1.74
11/02/2025,5.0,9.0
11/02/2025,6.0,2.96
11/03/2024,1.0,0.66
11/03/2024,2.0,0.75
11/03/2024,3.0,1.0
11/03/2024,4.0,0.47
11/03/2024,5.0,3.0
11/03/2024,6.0,1.14
11/03/2025,1.0,5.54
11/03/2025,2.0,4.34
11/03/2025,3.0,7.6899999999999995
11/03/2025,4.0,2.82
11/03/2025,5.0,7.33
11/03/2025,6.0,4.33
11/04/2024,1.0,0.87
11/04/2024,2.0,1.33
11/04/2024,3.0,0.97
11/04/2024,4.0,1.84
11/04/2024,5.0,4.0
11/04/2024,6.0,0.64
11/04/2025,1.0,2.56
11/04/2025,2.0,6.38
11/04/2025,3.0,4.0
11/04/2025,4.0,6.42
11/04/2025,5.0,4.89
11/04/2025,6.0,2.76
11/05/2024,1.0,1.4
11/05/2024,2.0,1.5699999999999998
11/05/2024,3.0,2.03
11/05/2024,4.0,2.45
11/05/2024,5.0,3.5199999999999996
11/05/2024,6.0,2.54
11/05/2025,1.0,4.27
11/05/2025,2.0,4.73
11/05/2025,3.0,2.4
11/05/2025,4.0,2.99
11/05/2025,5.0,7.38
11/05/2025,6.0,2.74
11/06/2024,1.0,1.65
11/06/2024,2.0,1.65
11/06/2024,3.0,1.0
11/06/2024,4.0,1.94
11/06/2024,5.0,3.73
11/06/2024,6.0,0.82
11/06/2025,1.0,2.38
11/06/2025,2.0,3.69
11/06/2025,3.0,2.47
11/06/2025,4.0,1.54
11/06/2025,5.0,6.84
11/06/2025,6.0,3.72
11/07/2024,1.0,1.06
11/07/2024,2.0,1.5
11/07/2024,3.0,0.68
11/07/2024,4.0,1.37
11/07/2024,5.0,2.04
11/07/2024,6.0,0.5
11/08/2024,1.0,1.0
11/08/2024,2.0,1.6
11/08/2024,3.0,1.0
11/08/2024,4.0,1.58
11/08/2024,5.0,1.9600000000000002
11/08/2024,6.0,1.17
11/09/2024,1.0,1.63
11/09/2024,2.0,4.0
11/09/2024,3.0,1.17
11/09/2024,4.0,2.34
11/09/2024,5.0,3.4
11/09/2024,6.0,1.27
11/10/2024,1.0,1.97
11/10/2024,2.0,3.25
11/10/2024,3.0,1.86
11/10/2024,4.0,5.11
11/10/2024,5.0,2.0
11/10/2024,6.0,1.7
11/11/2023,1.0,0.83
11/11/2023,2.0,0.6
11/11/2023,3.0,1.16
11/11/2023,4.0,0.88
11/11/2023,5.0,4.0
11/11/2023,6.0,1.03
11/11/2024,1.0,3.39
11/11/2024,2.0,2.23
11/11/2024,3.0,2.15
11/11/2024,4.0,1.73
11/11/2024,5.0,7.78
11/11/2024,6.0,2.1
11/12/2023,1.0,0.6
11/12/2023,2.0,0.47
11/12/2023,3.0,1.07
11/12/2023,4.0,0.73
11/12/2023,5.0,2.03
11/12/2023,6.0,1.07
11/12/2024,1.0,3.06
11/12/2024,2.0,4.0
11/12/2024,3.0,7.69
11/12/2024,4.0,3.18
11/12/2024,5.0,56.9
11/12/2024,6.0,12.92
12/01/2024,1.0,0.69
12/01/2024,2.0,0.82
12/01/2024,3.0,1.4
12/01/2024,4.0,0.7200000000000001
12/01/2024,5.0,1.6100000000000003
12/01/2024,6.0,1.33
12/01/2025,1.0,1.85
12/01/2025,2.0,1.25
12/01/2025,3.0,1.51
12/01/2025,4.0,1.25
12/01/2025,5.0,4.07
12/01/2025,6.0,3.02
12/02/2024,1.0,0.5
12/02/2024,2.0,0.7
12/02/2024,3.0,1.78
12/02/2024,4.0,1.23
12/02/2024,5.0,2.25
12/02/2024,6.0,1.6
12/02/2025,1.0,4.69
12/02/2025,2.0,2.05
12/02/2025,3.0,5.83
12/02/2025,4.0,1.93
12/02/2025,5.0,12.69
12/02/2025,6.0,4.42
12/03/2024,1.0,0.9
12/03/2024,2.0,0.69
12/03/2024,3.0,1.89
12/03/2024,4.0,0.94
12/03/2024,5.0,2.3
12/03/2024,6.0,1.96
12/03/2025,1.0,4.17
12/03/2025,2.0,4.5
12/03/2025,3.0,3.16
12/03/2025,4.0,3.9500000000000006
12/03/2025,5.0,8.8
12/03/2025,6.0,4.69
12/04/2024,1.0,1.0
12/04/2024,2.0,4.03
12/04/2024,3.0,1.0
12/04/2024,4.0,1.94
12/04/2024,5.0,4.37
12/04/2024,6.0,1.2
12/04/2025,1.0,1.49
12/04/2025,2.0,3.1999999999999997
12/04/2025,3.0,3.91
12/04/2025,4.0,7.409999999999999
12/04/2025,5.0,4.67
12/04/2025,6.0,2.94
12/05/2024,1.0,1.75
12/05/2024,2.0,1.9299999999999997
12/05/2024,3.0,1.47
12/05/2024,4.0,2.17
12/05/2024,5.0,4.23
12/05/2024,6.0,1.3
12/05/2025,1.0,0.9899999999999999
12/05/2025,2.0,6.84
12/05/2025,3.0,2.71
12/05/2025,4.0,3.67
12/05/2025,5.0,6.05
12/05/2025,6.0,1.83
12/06/2024,1.0,1.0
12/06/2024,2.0,1.17
12/06/2024,3.0,0.75
12/06/2024,4.0,1.49
12/06/2024,5.0,2.5
12/06/2024,6.0,1.48
12/06/2025,1.0,3.2400000000000007
12/06/2025,2.0,6.38
12/06/2025,3.0,2.22
12/06/2025,4.0,2.57
12/06/2025,5.0,7.449999999999999
12/06/2025,6.0,1.83
12/07/2024,1.0,1.09
12/07/2024,2.0,1.29
12/07/2024,3.0,0.89
12/07/2024,4.0,1.32
12/07/2024,5.0,1.29
12/07/2024,6.0,0.5
12/08/2024,1.0,1.05
12/08/2024,2.0,1.58
12/08/2024,3.0,0.55
12/08/2024,4.0,2.89
12/08/2024,5.0,3.17
12/08/2024,6.0,1.0
12/09/2024,1.0,1.64
12/09/2024,2.0,2.51
12/09/2024,3.0,1.31
12/09/2024,4.0,2.1
12/09/2024,5.0,1.75
12/09/2024,6.0,1.01
12/10/2024,1.0,2.1
12/10/2024,2.0,3.5
12/10/2024,3.0,2.02
12/10/2024,4.0,3.5599999999999996
12/10/2024,5.0,3.7600000000000002
12/10/2024,6.0,1.75
12/11/2023,1.0,0.7199999999999999
12/11/2023,2.0,0.71
12/11/2023,3.0,1.33
12/11/2023,4.0,0.95
12/11/2023,5.0,4.07
12/11/2023,6.0,0.88
12/11/2024,1.0,1.77
12/11/2024,2.0,1.04
12/11/2024,3.0,1.78
12/11/2024,4.0,1.59
12/11/2024,5.0,22.26
12/11/2024,6.0,3.28
12/12/2023,1.0,0.6
12/12/2023,2.0,0.45
12/12/2023,3.0,1.09
12/12/2023,4.0,0.76
12/12/2023,5.0,2.86
12/12/2023,6.0,1.16
12/12/2024,1.0,2.25
12/12/2024,2.0,4.0
12/12/2024,3.0,6.31
12/12/2024,4.0,3.69
12/12/2024,5.0,70.69
12/12/2024,6.0,14.0
13/01/2024,1.0,-0.25
13/01/2024,2.0,0.02
13/01/2024,3.0,1.11
13/01/2024,4.0,0.6
13/01/2024,5.0,1.26
13/01/2024,6.0,0.95
13/01/2025,1.0,1.33
13/01/2025,2.0,1.54
13/01/2025,3.0,4.5
13/01/2025,4.0,2.5
13/01/2025,5.0,4.23
13/01/2025,6.0,3.17
13/02/2024,1.0,0.58
13/02/2024,2.0,0.58
13/02/2024,3.0,1.67
13/02/2024,4.0,0.9
13/02/2024,5.0,2.6
13/02/2024,6.0,1.5
13/02/2025,1.0,3.18
13/02/2025,2.0,3.49
13/02/2025,3.0,4.98
13/02/2025,4.0,2.98
13/02/2025,5.0,15.0
13/02/2025,6.0,6.0
13/03/2024,1.0,0.65
13/03/2024,2.0,1.3
13/03/2024,3.0,3.17
13/03/2024,4.0,0.93
13/03/2024,5.0,4.63
13/03/2024,6.0,2.68
13/03/2025,1.0,4.69
13/03/2025,2.0,3.8199999999999994
13/03/2025,3.0,6.34
13/03/2025,4.0,4.69
13/03/2025,5.0,7.2
13/03/2025,6.0,3.0
13/04/2024,1.0,1.0
13/04/2024,2.0,3.27
13/04/2024,3.0,2.76
13/04/2024,4.0,3.3599999999999994
13/04/2024,5.0,3.48
13/04/2024,6.0,1.21
13/04/2025,1.0,2.11
13/04/2025,2.0,6.69
13/04/2025,3.0,2.62
13/04/2025,4.0,8.69
13/04/2025,5.0,4.89
13/04/2025,6.0,4.69
13/05/2024,1.0,1.7
13/05/2024,2.0,4.0
13/05/2024,3.0,1.25
13/05/2024,4.0,3.87
13/05/2024,5.0,3.8
13/05/2024,6.0,1.94
13/05/2025,1.0,1.43
13/05/2025,2.0,4.88
13/05/2025,3.0,2.86
13/05/2025,4.0,5.18
13/05/2025,5.0,4.76
13/05/2025,6.0,2.39
13/06/2024,1.0,0.5
13/06/2024,2.0,2.5
13/06/2024,3.0,1.14
13/06/2024,4.0,1.17
13/06/2024,5.0,2.63
13/06/2024,6.0,1.26
13/06/2025,1.0,2.13
13/06/2025,2.0,4.2
13/06/2025,3.0,2.15
13/06/2025,4.0,5.19
13/06/2025,5.0,4.08
13/06/2025,6.0,2.71
13/07/2024,1.0,1.04
13/07/2024,2.0,1.5
13/07/2024,3.0,1.07
13/07/2024,4.0,1.47
13/07/2024,5.0,1.75
13/07/2024,6.0,1.27
13/08/2024,1.0,1.2
13/08/2024,2.0,3.0
13/08/2024,3.0,1.5
13/08/2024,4.0,2.06
13/08/2024,5.0,3.0
13/08/2024,6.0,1.0
13/09/2024,1.0,1.22
13/09/2024,2.0,3.5
13/09/2024,3.0,1.26
13/09/2024,4.0,1.62
13/09/2024,5.0,2.21
13/09/2024,6.0,2.06
13/10/2024,1.0,1.5
13/10/2024,2.0,1.6
13/10/2024,3.0,1.43
13/10/2024,4.0,2.25
13/10/2024,5.0,2.76
13/10/2024,6.0,1.33
13/11/2023,1.0,0.79
13/11/2023,2.0,0.53
13/11/2023,3.0,0.99
13/11/2023,4.0,0.81
13/11/2023,5.0,3.5
13/11/2023,6.0,0.95
13/11/2024,1.0,2.0
13/11/2024,2.0,1.45
13/11/2024,3.0,3.24
13/11/2024,4.0,2.09
13/11/2024,5.0,10.33
13/11/2024,6.0,2.78
13/12/2023,1.0,0.51
13/12/2023,2.0,1.0
13/12/2023,3.0,1.08
13/12/2023,4.0,0.76
13/12/2023,5.0,4.47
13/12/2023,6.0,1.5
13/12/2024,1.0,2.0
13/12/2024,2.0,4.0
13/12/2024,3.0,8.96
13/12/2024,4.0,4.0
13/12/2024,5.0,17.69
13/12/2024,6.0,4.25
14/01/2024,1.0,0.22
14/01/2024,2.0,-0.02
14/01/2024,3.0,1.0
14/01/2024,4.0,0.5
14/01/2024,5.0,1.4299999999999997
14/01/2024,6.0,0.9
14/01/2025,1.0,3.0
14/01/2025,2.0,3.69
14/01/2025,3.0,3.42
14/01/2025,4.0,1.0
14/01/2025,5.0,3.75
14/01/2025,6.0,2.5
14/02/2024,1.0,0.51
14/02/2024,2.0,0.55
14/02/2024,3.0,1.35
14/02/2024,4.0,0.8399999999999999
14/02/2024,5.0,2.16
14/02/2024,6.0,1.3
14/02/2025,1.0,3.28
14/02/2025,2.0,2.09
14/02/2025,3.0,7.5
14/02/2025,4.0,3.49
14/02/2025,5.0,14.6
14/02/2025,6.0,3.25
14/03/2024,1.0,0.41
14/03/2024,2.0,1.0
14/03/2024,3.0,1.57
14/03/2024,4.0,1.0
14/03/2024,5.0,2.5
14/03/2024,6.0,1.88
14/03/2025,1.0,2.05
14/03/2025,2.0,4.0
14/03/2025,3.0,5.25
14/03/2025,4.0,5.69
14/03/2025,5.0,4.51
14/03/2025,6.0,3.48
14/04/2024,1.0,1.04
14/04/2024,2.0,1.36
14/04/2024,3.0,1.2
14/04/2024,4.0,1.76
14/04/2024,5.0,5.18
14/04/2024,6.0,1.21
14/04/2025,1.0,3.29
14/04/2025,2.0,6.76
14/04/2025,3.0,4.69
14/04/2025,4.0,2.67
14/04/2025,5.0,5.4
14/04/2025,6.0,1.8300000000000003
14/05/2024,1.0,1.26
14/05/2024,2.0,3.45
14/05/2024,3.0,1.29
14/05/2024,4.0,2.53
14/05/2024,5.0,3.14
14/05/2024,6.0,1.02
14/05/2025,1.0,2.7
14/05/2025,2.0,3.85
14/05/2025,3.0,4.41
14/05/2025,4.0,6.29
14/05/2025,5.0,6.6
14/05/2025,6.0,1.8699999999999999
14/06/2024,1.0,1.73
14/06/2024,2.0,3.0
14/06/2024,3.0,1.25
14/06/2024,4.0,1.94
14/06/2024,5.0,3.37
14/06/2024,6.0,0.9699999999999999
14/06/2025,1.0,1.88
14/06/2025,2.0,2.71
14/06/2025,3.0,4.0
14/06/2025,4.0,2.78
14/06/2025,5.0,5.98
14/06/2025,6.0,3.0
14/07/2024,1.0,1.25
14/07/2024,2.0,1.59
14/07/2024,3.0,1.14
14/07/2024,4.0,1.55
14/07/2024,5.0,2.4
14/07/2024,6.0,0.86
14/08/2024,1.0,1.24
14/08/2024,2.0,2.95
14/08/2024,3.0,1.14
14/08/2024,4.0,1.82
14/08/2024,5.0,2.5
14/08/2024,6.0,1.75
14/09/2024,1.0,0.94
14/09/2024,2.0,1.67
14/09/2024,3.0,1.46
14/09/2024,4.0,2.38
14/09/2024,5.0,2.0
14/09/2024,6.0,1.11
14/10/2024,1.0,1.7899999999999998
14/10/2024,2.0,2.75
14/10/2024,3.0,1.59
14/10/2024,4.0,8.75
14/10/2024,5.0,6.2
14/10/2024,6.0,1.59
14/11/2023,1.0,0.94
14/11/2023,2.0,0.87
14/11/2023,3.0,1.63
14/11/2023,4.0,0.55
14/11/2023,5.0,4.0
14/11/2023,6.0,1.32
14/11/2024,1.0,1.7900000000000003
14/11/2024,2.0,1.48
14/11/2024,3.0,1.63
14/11/2024,4.0,1.59
14/11/2024,5.0,5.0
14/11/2024,6.0,2.25
14/12/2023,1.0,0.6
14/12/2023,2.0,0.61
14/12/2023,3.0,1.16
14/12/2023,4.0,0.96
14/12/2023,5.0,3.9
14/12/2023,6.0,1.69
14/12/2024,1.0,2.4
14/12/2024,2.0,1.89
14/12/2024,3.0,3.5800000000000005
14/12/2024,4.0,1.31
14/12/2024,5.0,6.99
14/12/2024,6.0,2.78
15/01/2024,1.0,-0.29000000000000004
15/01/2024,2.0,-0.71
15/01/2024,3.0,1.1700000000000002
15/01/2024,4.0,0.74
15/01/2024,5.0,6.2
15/01/2024,6.0,1.4600000000000002
15/01/2025,1.0,1.8500000000000003
15/01/2025,2.0,1.52
15/01/2025,3.0,7.48
15/01/2025,4.0,2.02
15/01/2025,5.0,13.4
15/01/2025,6.0,2.9
15/02/2024,1.0,0.5
15/02/2024,2.0,0.5
15/02/2024,3.0,1.3
15/02/2024,4.0,0.82
15/02/2024,5.0,1.75
15/02/2024,6.0,1.14
15/02/2025,1.0,1.95
15/02/2025,2.0,2.04
15/02/2025,3.0,2.75
15/02/2025,4.0,1.8
15/02/2025,5.0,4.1
15/02/2025,6.0,4.41
15/03/2024,1.0,0.91
15/03/2024,2.0,0.99
15/03/2024,3.0,1.49
15/03/2024,4.0,0.91
15/03/2024,5.0,3.8999999999999995
15/03/2024,6.0,2.06
15/03/2025,1.0,2.53
15/03/2025,2.0,2.59
15/03/2025,3.0,3.69
15/03/2025,4.0,4.25
15/03/2025,5.0,6.61
15/03/2025,6.0,2.51
15/04/2024,1.0,1.3
15/04/2024,2.0,4.18
15/04/2024,3.0,2.06
15/04/2024,4.0,3.6000000000000005
15/04/2024,5.0,4.5
15/04/2024,6.0,3.0
15/04/2025,1.0,1.71
15/04/2025,2.0,6.38
15/04/2025,3.0,2.99
15/04/2025,4.0,6.17
15/04/2025,5.0,4.89
15/04/2025,6.0,4.69
15/05/2024,1.0,0.93
15/05/2024,2.0,2.5
15/05/2024,3.0,1.42
15/05/2024,4.0,3.5
15/05/2024,5.0,3.0
15/05/2024,6.0,1.0
15/05/2025,1.0,2.5
15/05/2025,2.0,5.68
15/05/2025,3.0,3.88
15/05/2025,4.0,4.16
15/05/2025,5.0,4.89
15/05/2025,6.0,2.51
15/06/2024,1.0,0.7
15/06/2024,2.0,2.5
15/06/2024,3.0,1.64
15/06/2024,4.0,2.53
15/06/2024,5.0,2.02
15/06/2024,6.0,1.1
15/06/2025,1.0,3.73
15/06/2025,2.0,3.8500000000000005
15/06/2025,3.0,2.46
15/06/2025,4.0,2.41
15/06/2025,5.0,5.22
15/06/2025,6.0,1.18
15/07/2024,1.0,0.9
15/07/2024,2.0,1.0
15/07/2024,3.0,0.75
15/07/2024,4.0,1.68
15/07/2024,5.0,2.0
15/07/2024,6.0,0.9700000000000001
15/08/2024,1.0,0.95
15/08/2024,2.0,3.25
15/08/2024,3.0,1.7900000000000003
15/08/2024,4.0,2.15
15/08/2024,5.0,4.59
15/08/2024,6.0,0.94
15/09/2024,1.0,1.54
15/09/2024,2.0,1.23
15/09/2024,3.0,1.14
15/09/2024,4.0,1.55
15/09/2024,5.0,1.75
15/09/2024,6.0,1.0
15/10/2024,1.0,1.76
15/10/2024,2.0,7.0
15/10/2024,3.0,0.87
15/10/2024,4.0,3.51
15/10/2024,5.0,3.0
15/10/2024,6.0,2.0
15/11/2023,1.0,0.6
15/11/2023,2.0,0.65
15/11/2023,3.0,1.96
15/11/2023,4.0,1.22
15/11/2023,5.0,5.67
15/11/2023,6.0,1.95
15/11/2024,1.0,1.83
15/11/2024,2.0,1.61
15/11/2024,3.0,2.8
15/11/2024,4.0,1.72
15/11/2024,5.0,2.8
15/11/2024,6.0,1.68
15/12/2023,1.0,0.6
15/12/2023,2.0,0.73
15/12/2023,3.0,1.13
15/12/2023,4.0,0.87
15/12/2023,5.0,1.12
15/12/2023,6.0,1.13
15/12/2024,1.0,3.25
15/12/2024,2.0,1.69
15/12/2024,3.0,2.62
15/12/2024,4.0,2.19
15/12/2024,5.0,8.51
15/12/2024,6.0,4.33
16/01/2024,1.0,0.63
16/01/2024,2.0,0.7
16/01/2024,3.0,1.53
16/01/2024,4.0,1.06
16/01/2024,5.0,5.5
16/01/2024,6.0,1.4899999999999998
16/01/2025,1.0,1.35
16/01/2025,2.0,1.7199999999999998
16/01/2025,3.0,7.0
16/01/2025,4.0,5.5
16/01/2025,5.0,9.75
16/01/2025,6.0,3.0
16/02/2024,1.0,0.7
16/02/2024,2.0,0.6
16/02/2024,3.0,1.3
16/02/2024,4.0,1.14
16/02/2024,5.0,2.2
16/02/2024,6.0,1.37
16/02/2025,1.0,2.96
16/02/2025,2.0,2.38
16/02/2025,3.0,5.0
16/02/2025,4.0,4.25
16/02/2025,5.0,4.09
16/02/2025,6.0,4.41
16/03/2024,1.0,0.82
16/03/2024,2.0,0.95
16/03/2024,3.0,1.49
16/03/2024,4.0,0.95
16/03/2024,5.0,1.5
16/03/2024,6.0,1.01
16/03/2025,1.0,2.73
16/03/2025,2.0,2.76
16/03/2025,3.0,8.45
16/03/2025,4.0,2.55
16/03/2025,5.0,4.3
16/03/2025,6.0,2.5
16/04/2024,1.0,1.31
16/04/2024,2.0,5.5
16/04/2024,3.0,1.48
16/04/2024,4.0,4.0
16/04/2024,5.0,5.25
16/04/2024,6.0,1.61
16/04/2025,1.0,4.48
16/04/2025,2.0,6.6899999999999995
16/04/2025,3.0,6.6899999999999995
16/04/2025,4.0,5.42
16/04/2025,5.0,6.95
16/04/2025,6.0,3.0
16/05/2024,1.0,0.92
16/05/2024,2.0,2.85
16/05/2024,3.0,1.66
16/05/2024,4.0,2.8
16/05/2024,5.0,2.56
16/05/2024,6.0,0.89
16/05/2025,1.0,1.25
16/05/2025,2.0,5.69
16/05/2025,3.0,4.46
16/05/2025,4.0,4.07
16/05/2025,5.0,5.98
16/05/2025,6.0,1.49
16/06/2024,1.0,0.7
16/06/2024,2.0,1.61
16/06/2024,3.0,1.5
16/06/2024,4.0,1.56
16/06/2024,5.0,2.76
16/06/2024,6.0,1.1
16/06/2025,1.0,2.52
16/06/2025,2.0,4.37
16/06/2025,3.0,3.67
16/06/2025,4.0,3.73
16/06/2025,5.0,4.89
16/06/2025,6.0,2.64
16/07/2024,1.0,1.2
16/07/2024,2.0,1.77
16/07/2024,3.0,1.05
16/07/2024,4.0,1.5
16/07/2024,5.0,2.75
16/07/2024,6.0,0.83
16/08/2024,1.0,1.19
16/08/2024,2.0,3.0
16/08/2024,3.0,2.0
16/08/2024,4.0,1.87
16/08/2024,5.0,3.28
16/08/2024,6.0,1.25
16/09/2024,1.0,1.17
16/09/2024,2.0,3.0
16/09/2024,3.0,1.38
16/09/2024,4.0,1.6
16/09/2024,5.0,2.42
16/09/2024,6.0,1.25
16/10/2024,1.0,1.49
16/10/2024,2.0,2.5
16/10/2024,3.0,1.5
16/10/2024,4.0,3.25
16/10/2024,5.0,2.0
16/10/2024,6.0,1.9
16/11/2023,1.0,0.88
16/11/2023,2.0,0.75
16/11/2023,3.0,1.8
16/11/2023,4.0,1.47
16/11/2023,5.0,20.0
16/11/2023,6.0,8.0
16/11/2024,1.0,2.6
16/11/2024,2.0,1.5
16/11/2024,3.0,1.9600000000000002
16/11/2024,4.0,1.83
16/11/2024,5.0,4.25
16/11/2024,6.0,2.37
16/12/2023,1.0,0.88
16/12/2023,2.0,0.73
16/12/2023,3.0,0.96
16/12/2023,4.0,0.98
16/12/2023,5.0,1.56
16/12/2023,6.0,0.99
16/12/2024,1.0,4.0
16/12/2024,2.0,3.89
16/12/2024,3.0,6.0
16/12/2024,4.0,2.0
16/12/2024,5.0,6.6
16/12/2024,6.0,2.51
17/01/2024,1.0,0.69
17/01/2024,2.0,0.5
17/01/2024,3.0,1.44
17/01/2024,4.0,0.98
17/01/2024,5.0,8.75
17/01/2024,6.0,1.81
17/01/2025,1.0,1.7
17/01/2025,2.0,1.6499999999999997
17/01/2025,3.0,2.92
17/01/2025,4.0,1.59
17/01/2025,5.0,6.48
17/01/2025,6.0,2.25
17/02/2024,1.0,0.7
17/02/2024,2.0,0.7
17/02/2024,3.0,1.29
17/02/2024,4.0,1.0
17/02/2024,5.0,1.49
17/02/2024,6.0,0.93
17/02/2025,1.0,3.96
17/02/2025,2.0,3.6
17/02/2025,3.0,7.33
17/02/2025,4.0,2.76
17/02/2025,5.0,11.69
17/02/2025,6.0,5.18
17/03/2024,1.0,0.85
17/03/2024,2.0,0.76
17/03/2024,3.0,0.92
17/03/2024,4.0,0.9
17/03/2024,5.0,3.39
17/03/2024,6.0,1.28
17/03/2025,1.0,5.69
17/03/2025,2.0,1.8200000000000003
17/03/2025,3.0,3.75
17/03/2025,4.0,2.94
17/03/2025,5.0,5.69
17/03/2025,6.0,4.18
17/04/2024,1.0,1.0
17/04/2024,2.0,3.51
17/04/2024,3.0,1.58
17/04/2024,4.0,2.4
17/04/2024,5.0,4.55
17/04/2024,6.0,1.0
17/04/2025,1.0,1.5900000000000003
17/04/2025,2.0,6.38
17/04/2025,3.0,4.93
17/04/2025,4.0,6.84
17/04/2025,5.0,4.18
17/04/2025,6.0,1.28
17/05/2024,1.0,0.8
17/05/2024,2.0,2.15
17/05/2024,3.0,1.12
17/05/2024,4.0,2.33
17/05/2024,5.0,3.1
17/05/2024,6.0,1.08
17/05/2025,1.0,2.25
17/05/2025,2.0,2.95
17/05/2025,3.0,4.05
17/05/2025,4.0,2.99
17/05/2025,5.0,5.02
17/05/2025,6.0,2.87
17/06/2024,1.0,2.19
17/06/2024,2.0,4.49
17/06/2024,3.0,1.3
17/06/2024,4.0,1.75
17/06/2024,5.0,4.0
17/06/2024,6.0,0.9
17/06/2025,1.0,4.49
17/06/2025,2.0,4.14
17/06/2025,3.0,2.29
17/06/2025,4.0,3.15
17/06/2025,5.0,4.56
17/06/2025,6.0,2.04
17/07/2024,1.0,1.09
17/07/2024,2.0,2.08
17/07/2024,3.0,1.0
17/07/2024,4.0,1.5
17/07/2024,5.0,2.75
17/07/2024,6.0,1.1
17/08/2024,1.0,1.27
17/08/2024,2.0,1.8000000000000003
17/08/2024,3.0,2.23
17/08/2024,4.0,1.88
17/08/2024,5.0,3.82
17/08/2024,6.0,1.75
17/09/2024,1.0,1.17
17/09/2024,2.0,2.64
17/09/2024,3.0,0.9100000000000001
17/09/2024,4.0,2.5
17/09/2024,5.0,1.49
17/09/2024,6.0,1.02
17/10/2024,1.0,1.53
17/10/2024,2.0,2.74
17/10/2024,3.0,2.01
17/10/2024,4.0,7.0
17/10/2024,5.0,2.5
17/10/2024,6.0,1.8000000000000003
17/11/2023,1.0,1.16
17/11/2023,2.0,1.18
17/11/2023,3.0,2.43
17/11/2023,4.0,1.66
17/11/2023,5.0,8.0
17/11/2023,6.0,3.0
17/11/2024,1.0,2.56
17/11/2024,2.0,3.1399999999999997
17/11/2024,3.0,2.05
17/11/2024,4.0,1.49
17/11/2024,5.0,4.12
17/11/2024,6.0,1.75
17/12/2023,1.0,1.0
17/12/2023,2.0,1.0
17/12/2023,3.0,0.94
17/12/2023,4.0,0.91
17/12/2023,5.0,3.08
17/12/2023,6.0,1.29
17/12/2024,1.0,4.76
17/12/2024,2.0,3.11
17/12/2024,3.0,6.36
17/12/2024,4.0,2.0
17/12/2024,5.0,7.5
17/12/2024,6.0,3.75
18/01/2024,1.0,0.63
18/01/2024,2.0,0.64
18/01/2024,3.0,1.5
18/01/2024,4.0,0.71
18/01/2024,5.0,11.82
18/01/2024,6.0,1.28
18/01/2025,1.0,2.2
18/01/2025,2.0,3.3300000000000005
18/01/2025,3.0,2.5
18/01/2025,4.0,2.53
18/01/2025,5.0,4.1
18/01/2025,6.0,2.42
18/02/2024,1.0,0.4
18/02/2024,2.0,0.21
18/02/2024,3.0,1.0
18/02/2024,4.0,0.82
18/02/2024,5.0,2.35
18/02/2024,6.0,1.0
18/02/2025,1.0,2.96
18/02/2025,2.0,3.05
18/02/2025,3.0,8.17
18/02/2025,4.0,6.0
18/02/2025,5.0,8.08
18/02/2025,6.0,4.57
18/03/2024,1.0,0.4
18/03/2024,2.0,0.6
18/03/2024,3.0,1.49
18/03/2024,4.0,1.5
18/03/2024,5.0,2.53
18/03/2024,6.0,1.5
18/03/2025,1.0,2.63
18/03/2025,2.0,4.69
18/03/2025,3.0,3.17
18/03/2025,4.0,4.12
18/03/2025,5.0,7.92
18/03/2025,6.0,4.75
18/04/2024,1.0,1.2
18/04/2024,2.0,6.25
18/04/2024,3.0,2.0
18/04/2024,4.0,3.13
18/04/2024,5.0,2.6
18/04/2024,6.0,1.59
18/04/2025,1.0,1.32
18/04/2025,2.0,5.11
18/04/2025,3.0,1.44
18/04/2025,4.0,4.93
18/04/2025,5.0,5.42
18/04/2025,6.0,4.08
18/05/2024,1.0,0.91
18/05/2024,2.0,3.5
18/05/2024,3.0,2.65
18/05/2024,4.0,2.54
18/05/2024,5.0,2.99
18/05/2024,6.0,1.06
18/05/2025,1.0,2.11
18/05/2025,2.0,2.51
18/05/2025,3.0,2.4
18/05/2025,4.0,2.55
18/05/2025,5.0,4.53
18/05/2025,6.0,1.98
18/06/2024,1.0,1.5
18/06/2024,2.0,2.11
18/06/2024,3.0,1.8199999999999998
18/06/2024,4.0,2.45
18/06/2024,5.0,2.97
18/06/2024,6.0,1.0
18/06/2025,1.0,1.9
18/06/2025,2.0,5.69
18/06/2025,3.0,5.5
18/06/2025,4.0,5.23
18/06/2025,5.0,7.17
18/06/2025,6.0,1.8299999999999998
18/07/2024,1.0,0.84
18/07/2024,2.0,2.0
18/07/2024,3.0,1.0
18/07/2024,4.0,1.5
18/07/2024,5.0,2.86
18/07/2024,6.0,1.04
18/08/2024,1.0,1.4
18/08/2024,2.0,2.01
18/08/2024,3.0,1.53
18/08/2024,4.0,1.69
18/08/2024,5.0,4.39
18/08/2024,6.0,0.5
18/09/2024,1.0,1.01
18/09/2024,2.0,2.5
18/09/2024,3.0,1.23
18/09/2024,4.0,2.75
18/09/2024,5.0,1.5
18/09/2024,6.0,1.5
18/10/2024,1.0,2.15
18/10/2024,2.0,5.3
18/10/2024,3.0,1.45
18/10/2024,4.0,5.08
18/10/2024,5.0,2.67
18/10/2024,6.0,2.01
18/11/2023,1.0,0.72
18/11/2023,2.0,0.4
18/11/2023,3.0,1.11
18/11/2023,4.0,0.5
18/11/2023,5.0,1.4
18/11/2023,6.0,0.9899999999999999
18/11/2024,1.0,1.79
18/11/2024,2.0,2.0
18/11/2024,3.0,1.26
18/11/2024,4.0,1.27
18/11/2024,5.0,7.63
18/11/2024,6.0,2.55
18/12/2023,1.0,0.88
18/12/2023,2.0,0.78
18/12/2023,3.0,1.05
18/12/2023,4.0,1.23
18/12/2023,5.0,1.5
18/12/2023,6.0,1.01
18/12/2024,1.0,4.69
18/12/2024,2.0,4.69
18/12/2024,3.0,5.0
18/12/2024,4.0,3.0
18/12/2024,5.0,3.33
18/12/2024,6.0,2.76
19/01/2024,1.0,0.66
19/01/2024,2.0,0.78
19/01/2024,3.0,1.35
19/01/2024,4.0,0.95
19/01/2024,5.0,1.49
19/01/2024,6.0,1.22
19/01/2025,1.0,1.68
19/01/2025,2.0,1.54
19/01/2025,3.0,3.33
19/01/2025,4.0,2.0
19/01/2025,5.0,7.83
19/01/2025,6.0,3.0
19/02/2024,1.0,0.52
19/02/2024,2.0,0.2
19/02/2024,3.0,1.17
19/02/2024,4.0,0.91
19/02/2024,5.0,2.16
19/02/2024,6.0,1.06
19/02/2025,1.0,5.69
19/02/2025,2.0,3.11
19/02/2025,3.0,8.69
19/02/2025,4.0,5.5
19/02/2025,5.0,6.61
19/02/2025,6.0,4.5
19/03/2024,1.0,0.5
19/03/2024,2.0,1.07
19/03/2024,3.0,2.0
19/03/2024,4.0,1.0
19/03/2024,5.0,5.0
19/03/2024,6.0,2.55
19/03/2025,1.0,2.78
19/03/2025,2.0,4.69
19/03/2025,3.0,5.36
19/03/2025,4.0,6.69
19/03/2025,5.0,8.5
19/03/2025,6.0,3.7
19/04/2024,1.0,0.5
19/04/2024,2.0,5.0
19/04/2024,3.0,1.82
19/04/2024,4.0,4.81
19/04/2024,5.0,4.75
19/04/2024,6.0,1.28
19/04/2025,1.0,2.94
19/04/2025,2.0,3.0
19/04/2025,3.0,4.36
19/04/2025,4.0,4.69
19/04/2025,5.0,4.89
19/04/2025,6.0,1.7100000000000002
19/05/2024,1.0,1.0
19/05/2024,2.0,1.5
19/05/2024,3.0,1.5
19/05/2024,4.0,2.0
19/05/2024,5.0,3.0
19/05/2024,6.0,1.03
19/05/2025,1.0,2.3
19/05/2025,2.0,4.69
19/05/2025,3.0,3.69
19/05/2025,4.0,2.16
19/05/2025,5.0,4.34
19/05/2025,6.0,2.05
19/06/2024,1.0,0.1
19/06/2024,2.0,3.0
19/06/2024,3.0,1.2
19/06/2024,4.0,0.99
19/06/2024,5.0,2.0
19/06/2024,6.0,0.95
19/06/2025,1.0,1.19
19/06/2025,2.0,2.94
19/06/2025,3.0,2.18
19/06/2025,4.0,1.6
19/06/2025,5.0,3.8099999999999996
19/06/2025,6.0,1.75
19/07/2024,1.0,1.09
19/07/2024,2.0,2.02
19/07/2024,3.0,1.24
19/07/2024,4.0,1.33
19/07/2024,5.0,2.0
19/07/2024,6.0,0.9
19/08/2024,1.0,1.26
19/08/2024,2.0,2.54
19/08/2024,3.0,1.5
19/08/2024,4.0,1.99
19/08/2024,5.0,2.59
19/08/2024,6.0,1.39
19/09/2024,1.0,1.15
19/09/2024,2.0,4.26
19/09/2024,3.0,1.25
19/09/2024,4.0,3.75
19/09/2024,5.0,2.0
19/09/2024,6.0,1.0
19/10/2024,1.0,1.27
19/10/2024,2.0,1.75
19/10/2024,3.0,1.42
19/10/2024,4.0,3.47
19/10/2024,5.0,1.78
19/10/2024,6.0,4.5
19/11/2023,1.0,0.66
19/11/2023,2.0,0.81
19/11/2023,3.0,1.18
19/11/2023,4.0,1.6899999999999997
19/11/2023,5.0,2.85
19/11/2023,6.0,0.82
19/11/2024,1.0,2.02
19/11/2024,2.0,2.02
19/11/2024,3.0,2.26
19/11/2024,4.0,1.67
19/11/2024,5.0,7.0
19/11/2024,6.0,2.72
19/12/2023,1.0,0.64
19/12/2023,2.0,0.88
19/12/2023,3.0,1.79
19/12/2023,4.0,1.0
19/12/2023,5.0,1.12
19/12/2023,6.0,1.4
19/12/2024,1.0,2.25
19/12/2024,2.0,4.69
19/12/2024,3.0,4.69
19/12/2024,4.0,1.28
19/12/2024,5.0,3.6
19/12/2024,6.0,2.25
20/01/2024,1.0,0.55
20/01/2024,2.0,0.7
20/01/2024,3.0,1.25
20/01/2024,4.0,0.7400000000000001
20/01/2024,5.0,1.14
20/01/2024,6.0,1.0
20/01/2025,1.0,4.27
20/01/2025,2.0,3.5
20/01/2025,3.0,8.75
20/01/2025,4.0,4.27
20/01/2025,5.0,65.0
20/01/2025,6.0,9.0
20/02/2024,1.0,0.5
20/02/2024,2.0,0.71
20/02/2024,3.0,1.16
20/02/2024,4.0,0.9
20/02/2024,5.0,1.51
20/02/2024,6.0,1.0
20/02/2025,1.0,6.69
20/02/2025,2.0,3.04
20/02/2025,3.0,7.08
20/02/2025,4.0,1.7899999999999998
20/02/2025,5.0,9.2
20/02/2025,6.0,5.53
20/03/2024,1.0,0.97
20/03/2024,2.0,1.0
20/03/2024,3.0,1.38
20/03/2024,4.0,-0.36
20/03/2024,5.0,5.5
20/03/2024,6.0,1.53
20/03/2025,1.0,1.78
20/03/2025,2.0,2.32
20/03/2025,3.0,4.54
20/03/2025,4.0,4.0
20/03/2025,5.0,6.61
20/03/2025,6.0,3.88
20/04/2024,1.0,0.63
20/04/2024,2.0,1.85
20/04/2024,3.0,0.5
20/04/2024,4.0,1.77
20/04/2024,5.0,3.18
20/04/2024,6.0,1.07
20/04/2025,1.0,4.37
20/04/2025,2.0,4.25
20/04/2025,3.0,4.02
20/04/2025,4.0,4.32
20/04/2025,5.0,3.3
20/04/2025,6.0,2.13
20/05/2024,1.0,1.12
20/05/2024,2.0,2.5
20/05/2024,3.0,1.47
20/05/2024,4.0,3.0
20/05/2024,5.0,3.13
20/05/2024,6.0,1.0
20/05/2025,1.0,2.54
20/05/2025,2.0,2.95
20/05/2025,3.0,3.69
20/05/2025,4.0,3.5
20/05/2025,5.0,4.23
20/05/2025,6.0,2.25
20/06/2024,1.0,0.5
20/06/2024,2.0,1.9299999999999997
20/06/2024,3.0,0.75
20/06/2024,4.0,2.08
20/06/2024,5.0,2.34
20/06/2024,6.0,0.6
20/06/2025,1.0,0.9500000000000001
20/06/2025,2.0,3.52
20/06/2025,3.0,4.43
20/06/2025,4.0,2.6
20/06/2025,5.0,3.23
20/06/2025,6.0,3.3799999999999994
20/07/2024,1.0,0.9
20/07/2024,2.0,1.22
20/07/2024,3.0,1.08
20/07/2024,4.0,1.5
20/07/2024,5.0,1.75
20/07/2024,6.0,0.75
20/08/2024,1.0,1.9
20/08/2024,2.0,4.0
20/08/2024,3.0,2.0
20/08/2024,4.0,3.01
20/08/2024,5.0,5.13
20/08/2024,6.0,1.97
20/09/2024,1.0,1.12
20/09/2024,2.0,2.5
20/09/2024,3.0,1.09
20/09/2024,4.0,3.54
20/09/2024,5.0,1.25
20/09/2024,6.0,1.24
20/10/2024,1.0,3.5100000000000002
20/10/2024,2.0,1.8499999999999999
20/10/2024,3.0,2.33
20/10/2024,4.0,7.39
20/10/2024,5.0,5.44
20/10/2024,6.0,4.48
20/11/2023,1.0,0.6
20/11/2023,2.0,0.4
20/11/2023,3.0,1.2
20/11/2023,4.0,1.27
20/11/2023,5.0,4.5
20/11/2023,6.0,1.0
20/11/2024,1.0,2.0
20/11/2024,2.0,2.0
20/11/2024,3.0,2.75
20/11/2024,4.0,1.9699999999999998
20/11/2024,5.0,15.69
20/11/2024,6.0,2.5
20/12/2023,1.0,0.53
20/12/2023,2.0,0.5
20/12/2023,3.0,1.34
20/12/2023,4.0,1.06
20/12/2023,5.0,2.36
20/12/2023,6.0,1.29
20/12/2024,1.0,2.66
20/12/2024,2.0,1.9
20/12/2024,3.0,6.0
20/12/2024,4.0,4.69
20/12/2024,5.0,2.75
20/12/2024,6.0,2.5
21/01/2024,1.0,0.55
21/01/2024,2.0,0.55
21/01/2024,3.0,0.94
21/01/2024,4.0,0.71
21/01/2024,5.0,1.83
21/01/2024,6.0,1.08
21/01/2025,1.0,3.5
21/01/2025,2.0,2.7
21/01/2025,3.0,6.82
21/01/2025,4.0,3.77
21/01/2025,5.0,55.0
21/01/2025,6.0,9.0
21/02/2024,1.0,0.5
21/02/2024,2.0,0.49
21/02/2024,3.0,1.1899999999999997
21/02/2024,4.0,0.8
21/02/2024,5.0,1.56
21/02/2024,6.0,1.44
21/02/2025,1.0,6.6899999999999995
21/02/2025,2.0,3.16
21/02/2025,3.0,8.69
21/02/2025,4.0,5.66
21/02/2025,5.0,9.63
21/02/2025,6.0,5.84
21/03/2024,1.0,0.88
21/03/2024,2.0,1.0
21/03/2024,3.0,1.89
21/03/2024,4.0,1.25
21/03/2024,5.0,6.69
21/03/2024,6.0,1.82
21/03/2025,1.0,5.14
21/03/2025,2.0,6.24
21/03/2025,3.0,6.38
21/03/2025,4.0,5.69
21/03/2025,5.0,6.04
21/03/2025,6.0,7.69
21/04/2024,1.0,1.31
21/04/2024,2.0,1.86
21/04/2024,3.0,1.0
21/04/2024,4.0,3.01
21/04/2024,5.0,3.0
21/04/2024,6.0,1.27
21/04/2025,1.0,0.84
21/04/2025,2.0,2.0
21/04/2025,3.0,2.11
21/04/2025,4.0,6.980000000000001
21/04/2025,5.0,4.0
21/04/2025,6.0,1.83
21/05/2024,1.0,1.19
21/05/2024,2.0,2.05
21/05/2024,3.0,1.38
21/05/2024,4.0,3.0
21/05/2024,5.0,3.45
21/05/2024,6.0,1.2
21/05/2025,1.0,1.25
21/05/2025,2.0,6.38
21/05/2025,3.0,2.85
21/05/2025,4.0,4.2
21/05/2025,5.0,4.51
21/05/2025,6.0,1.62
21/06/2024,1.0,1.19
21/06/2024,2.0,2.3
21/06/2024,3.0,1.5
21/06/2024,4.0,1.65
21/06/2024,5.0,2.06
21/06/2024,6.0,0.6
21/06/2025,1.0,1.25
21/06/2025,2.0,5.09
21/06/2025,3.0,4.36
21/06/2025,4.0,1.79
21/06/2025,5.0,4.5
21/06/2025,6.0,3.8900000000000006
21/07/2024,1.0,0.82
21/07/2024,2.0,1.15
21/07/2024,3.0,1.75
21/07/2024,4.0,2.06
21/07/2024,5.0,2.08
21/07/2024,6.0,1.16
21/08/2024,1.0,1.7
21/08/2024,2.0,5.5
21/08/2024,3.0,1.75
21/08/2024,4.0,2.5
21/08/2024,5.0,5.76
21/08/2024,6.0,2.0
21/09/2024,1.0,0.96
21/09/2024,2.0,1.2
21/09/2024,3.0,0.9400000000000001
21/09/2024,4.0,2.95
21/09/2024,5.0,1.25
21/09/2024,6.0,1.37
21/10/2024,1.0,1.67
21/10/2024,2.0,3.4099999999999997
21/10/2024,3.0,2.18
21/10/2024,4.0,6.5
21/10/2024,5.0,3.22
21/10/2024,6.0,3.4599999999999995
21/11/2023,1.0,0.89
21/11/2023,2.0,0.88
21/11/2023,3.0,1.83
21/11/2023,4.0,1.17
21/11/2023,5.0,6.0
21/11/2023,6.0,1.25
21/11/2024,1.0,2.01
21/11/2024,2.0,2.11
21/11/2024,3.0,1.75
21/11/2024,4.0,1.32
21/11/2024,5.0,15.0
21/11/2024,6.0,2.25
21/12/2023,1.0,0.84
21/12/2023,2.0,0.8
21/12/2023,3.0,1.22
21/12/2023,4.0,1.02
21/12/2023,5.0,2.5100000000000002
21/12/2023,6.0,1.22
21/12/2024,1.0,2.75
21/12/2024,2.0,4.69
21/12/2024,3.0,4.1
21/12/2024,4.0,2.6
21/12/2024,5.0,5.8
21/12/2024,6.0,2.25
22/01/2024,1.0,0.75
22/01/2024,2.0,0.98
22/01/2024,3.0,1.81
22/01/2024,4.0,1.08
22/01/2024,5.0,2.61
22/01/2024,6.0,1.49
22/01/2025,1.0,5.91
22/01/2025,2.0,5.0
22/01/2025,3.0,10.24
22/01/2025,4.0,9.0
22/01/2025,5.0,75.0
22/01/2025,6.0,26.73
22/02/2024,1.0,0.4
22/02/2024,2.0,0.57
22/02/2024,3.0,1.0
22/02/2024,4.0,0.75
22/02/2024,5.0,1.69
22/02/2024,6.0,1.23
22/02/2025,1.0,7.87
22/02/2025,2.0,4.57
22/02/2025,3.0,8.42
22/02/2025,4.0,5.88
22/02/2025,5.0,8.8
22/02/2025,6.0,5.23
22/03/2024,1.0,0.73
22/03/2024,2.0,0.9800000000000001
22/03/2024,3.0,2.0
22/03/2024,4.0,0.88
22/03/2024,5.0,5.23
22/03/2024,6.0,2.58
22/03/2025,1.0,7.69
22/03/2025,2.0,3.31
22/03/2025,3.0,4.91
22/03/2025,4.0,3.17
22/03/2025,5.0,6.33
22/03/2025,6.0,4.6
22/04/2024,1.0,1.75
22/04/2024,2.0,3.22
22/04/2024,3.0,0.93
22/04/2024,4.0,3.0
22/04/2024,5.0,2.67
22/04/2024,6.0,1.13
22/04/2025,1.0,2.9
22/04/2025,2.0,6.379999999999999
22/04/2025,3.0,5.54
22/04/2025,4.0,6.6000000000000005
22/04/2025,5.0,3.16
22/04/2025,6.0,1.51
22/05/2024,1.0,0.93
22/05/2024,2.0,2.37
22/05/2024,3.0,1.25
22/05/2024,4.0,1.66
22/05/2024,5.0,1.83
22/05/2024,6.0,1.55
22/05/2025,1.0,1.6799999999999997
22/05/2025,2.0,3.38
22/05/2025,3.0,2.37
22/05/2025,4.0,3.2399999999999998
22/05/2025,5.0,2.52
22/05/2025,6.0,0.97
22/06/2024,1.0,1.0
22/06/2024,2.0,1.97
22/06/2024,3.0,1.28
22/06/2024,4.0,1.52
22/06/2024,5.0,2.24
22/06/2024,6.0,1.25
22/06/2025,1.0,5.08
22/06/2025,2.0,5.38
22/06/2025,3.0,1.74
22/06/2025,4.0,1.9300000000000002
22/06/2025,5.0,7.470000000000001
22/06/2025,6.0,3.77
22/07/2024,1.0,0.9600000000000001
22/07/2024,2.0,1.9200000000000002
22/07/2024,3.0,1.5
22/07/2024,4.0,1.9599999999999997
22/07/2024,5.0,2.25
22/07/2024,6.0,0.94
22/08/2024,1.0,2.13
22/08/2024,2.0,4.35
22/08/2024,3.0,1.51
22/08/2024,4.0,2.31
22/08/2024,5.0,5.5
22/08/2024,6.0,3.0
22/09/2024,1.0,0.87
22/09/2024,2.0,1.11
22/09/2024,3.0,1.46
22/09/2024,4.0,2.5
22/09/2024,5.0,2.05
22/09/2024,6.0,1.13
22/10/2024,1.0,2.08
22/10/2024,2.0,4.7
22/10/2024,3.0,1.94
22/10/2024,4.0,7.15
22/10/2024,5.0,5.0
22/10/2024,6.0,1.9200000000000002
22/11/2023,1.0,0.68
22/11/2023,2.0,0.68
22/11/2023,3.0,2.23
22/11/2023,4.0,0.9900000000000001
22/11/2023,5.0,1.67
22/11/2023,6.0,1.11
22/11/2024,1.0,2.59
22/11/2024,2.0,2.12
22/11/2024,3.0,1.94
22/11/2024,4.0,1.39
22/11/2024,5.0,10.0
22/11/2024,6.0,2.25
22/12/2023,1.0,0.85
22/12/2023,2.0,0.53
22/12/2023,3.0,1.32
22/12/2023,4.0,1.17
22/12/2023,5.0,2.77
22/12/2023,6.0,2.12
22/12/2024,1.0,2.75
22/12/2024,2.0,3.03
22/12/2024,3.0,3.0
22/12/2024,4.0,1.7000000000000002
22/12/2024,5.0,9.69
22/12/2024,6.0,4.25
23/01/2024,1.0,0.6
23/01/2024,2.0,0.89
23/01/2024,3.0,4.31
23/01/2024,4.0,0.8
23/01/2024,5.0,2.37
23/01/2024,6.0,1.12
23/01/2025,1.0,1.7
23/01/2025,2.0,1.52
23/01/2025,3.0,3.6
23/01/2025,4.0,1.45
23/01/2025,5.0,4.69
23/01/2025,6.0,2.4
23/02/2024,1.0,0.51
23/02/2024,2.0,0.5
23/02/2024,3.0,1.25
23/02/2024,4.0,1.02
23/02/2024,5.0,1.9
23/02/2024,6.0,2.32
23/02/2025,1.0,8.53
23/02/2025,2.0,4.5
23/02/2025,3.0,5.5
23/02/2025,4.0,6.19
23/02/2025,5.0,8.58
23/02/2025,6.0,6.84
23/03/2024,1.0,0.5
23/03/2024,2.0,0.92
23/03/2024,3.0,1.98
23/03/2024,4.0,1.0
23/03/2024,5.0,3.83
23/03/2024,6.0,3.18
23/03/2025,1.0,2.98
23/03/2025,2.0,3.82
23/03/2025,3.0,3.71
23/03/2025,4.0,4.69
23/03/2025,5.0,8.2
23/03/2025,6.0,3.5399999999999996
23/04/2024,1.0,2.51
23/04/2024,2.0,4.5
23/04/2024,3.0,1.56
23/04/2024,4.0,2.46
23/04/2024,5.0,2.62
23/04/2024,6.0,1.05
23/04/2025,1.0,1.8
23/04/2025,2.0,6.38
23/04/2025,3.0,4.05
23/04/2025,4.0,7.6899999999999995
23/04/2025,5.0,5.2
23/04/2025,6.0,1.49
23/05/2024,1.0,1.36
23/05/2024,2.0,2.38
23/05/2024,3.0,1.24
23/05/2024,4.0,1.78
23/05/2024,5.0,3.23
23/05/2024,6.0,0.8
23/05/2025,1.0,0.9
23/05/2025,2.0,2.68
23/05/2025,3.0,1.52
23/05/2025,4.0,2.57
23/05/2025,5.0,2.52
23/05/2025,6.0,2.29
23/06/2024,1.0,1.28
23/06/2024,2.0,1.5
23/06/2024,3.0,1.5
23/06/2024,4.0,1.81
23/06/2024,5.0,2.41
23/06/2024,6.0,0.6
23/06/2025,1.0,1.0
23/06/2025,2.0,6.6899999999999995
23/06/2025,3.0,2.42
23/06/2025,4.0,3.0199999999999996
23/06/2025,5.0,7.69
23/06/2025,6.0,3.0
23/07/2024,1.0,1.05
23/07/2024,2.0,2.0
23/07/2024,3.0,1.25
23/07/2024,4.0,1.6
23/07/2024,5.0,2.0
23/07/2024,6.0,1.82
23/08/2024,1.0,1.83
23/08/2024,2.0,3.0
23/08/2024,3.0,2.02
23/08/2024,4.0,2.12
23/08/2024,5.0,7.0
23/08/2024,6.0,1.1
23/09/2024,1.0,1.34
23/09/2024,2.0,2.5
23/09/2024,3.0,1.3
23/09/2024,4.0,2.3
23/09/2024,5.0,3.15
23/09/2024,6.0,1.44
23/10/2024,1.0,2.54
23/10/2024,2.0,6.0
23/10/2024,3.0,1.7
23/10/2024,4.0,6.5
23/10/2024,5.0,3.75
23/10/2024,6.0,2.56
23/11/2023,1.0,0.73
23/11/2023,2.0,1.06
23/11/2023,3.0,3.38
23/11/2023,4.0,0.94
23/11/2023,5.0,7.24
23/11/2023,6.0,1.6799999999999997
23/11/2024,1.0,2.04
23/11/2024,2.0,2.2
23/11/2024,3.0,2.42
23/11/2024,4.0,2.09
23/11/2024,5.0,4.0
23/11/2024,6.0,5.05
23/12/2023,1.0,1.04
23/12/2023,2.0,0.91
23/12/2023,3.0,1.09
23/12/2023,4.0,1.02
23/12/2023,5.0,2.04
23/12/2023,6.0,1.49
23/12/2024,1.0,1.66
23/12/2024,2.0,4.04
23/12/2024,3.0,4.0
23/12/2024,4.0,2.25
23/12/2024,5.0,4.69
23/12/2024,6.0,3.17
24/01/2024,1.0,0.58
24/01/2024,2.0,1.0
24/01/2024,3.0,1.49
24/01/2024,4.0,1.08
24/01/2024,5.0,1.86
24/01/2024,6.0,2.0
24/01/2025,1.0,5.2
24/01/2025,2.0,2.23
24/01/2025,3.0,4.7
24/01/2025,4.0,2.75
24/01/2025,5.0,6.01
24/01/2025,6.0,2.43
24/02/2024,1.0,0.5
24/02/2024,2.0,0.51
24/02/2024,3.0,1.08
24/02/2024,4.0,0.6799999999999999
24/02/2024,5.0,2.25
24/02/2024,6.0,1.02
24/02/2025,1.0,8.63
24/02/2025,2.0,2.98
24/02/2025,3.0,3.8300000000000005
24/02/2025,4.0,3.2
24/02/2025,5.0,9.58
24/02/2025,6.0,3.7399999999999998
24/03/2024,1.0,0.72
24/03/2024,2.0,0.53
24/03/2024,3.0,1.15
24/03/2024,4.0,0.8
24/03/2024,5.0,2.1
24/03/2024,6.0,3.3
24/03/2025,1.0,4.65
24/03/2025,2.0,4.69
24/03/2025,3.0,6.37
24/03/2025,4.0,3.8300000000000005
24/03/2025,5.0,10.48
24/03/2025,6.0,5.59
24/04/2024,1.0,0.9700000000000001
24/04/2024,2.0,3.75
24/04/2024,3.0,1.2
24/04/2024,4.0,1.59
24/04/2024,5.0,2.17
24/04/2024,6.0,1.41
24/04/2025,1.0,1.31
24/04/2025,2.0,4.71
24/04/2025,3.0,5.23
24/04/2025,4.0,7.83
24/04/2025,5.0,5.13
24/04/2025,6.0,2.57
24/05/2024,1.0,0.73
24/05/2024,2.0,1.68
24/05/2024,3.0,1.35
24/05/2024,4.0,2.27
24/05/2024,5.0,2.01
24/05/2024,6.0,1.1
24/05/2025,1.0,1.88
24/05/2025,2.0,4.1
24/05/2025,3.0,2.47
24/05/2025,4.0,4.93
24/05/2025,5.0,7.62
24/05/2025,6.0,5.69
24/06/2024,1.0,1.25
24/06/2024,2.0,1.56
24/06/2024,3.0,0.9400000000000001
24/06/2024,4.0,1.68
24/06/2024,5.0,2.36
24/06/2024,6.0,1.05
24/06/2025,1.0,3.22
24/06/2025,2.0,6.02
24/06/2025,3.0,4.1
24/06/2025,4.0,5.41
24/06/2025,5.0,4.73
24/06/2025,6.0,1.25
24/07/2024,1.0,1.03
24/07/2024,2.0,4.0
24/07/2024,3.0,1.14
24/07/2024,4.0,1.9400000000000002
24/07/2024,5.0,2.32
24/07/2024,6.0,1.0
24/08/2024,1.0,2.5
24/08/2024,2.0,3.1
24/08/2024,3.0,3.0
24/08/2024,4.0,3.0
24/08/2024,5.0,2.75
24/08/2024,6.0,2.07
24/09/2024,1.0,1.27
24/09/2024,2.0,2.43
24/09/2024,3.0,1.34
24/09/2024,4.0,3.5
24/09/2024,5.0,2.0
24/09/2024,6.0,1.12
24/10/2024,1.0,3.2200000000000006
24/10/2024,2.0,5.5
24/10/2024,3.0,1.71
24/10/2024,4.0,3.55
24/10/2024,5.0,2.5
24/10/2024,6.0,5.5
24/11/2023,1.0,0.6
24/11/2023,2.0,0.6600000000000001
24/11/2023,3.0,3.39
24/11/2023,4.0,1.09
24/11/2023,5.0,4.36
24/11/2023,6.0,1.82
24/11/2024,1.0,3.5
24/11/2024,2.0,3.07
24/11/2024,3.0,2.82
24/11/2024,4.0,1.94
24/11/2024,5.0,10.0
24/11/2024,6.0,4.92
24/12/2023,1.0,1.11
24/12/2023,2.0,0.76
24/12/2023,3.0,1.0
24/12/2023,4.0,0.66
24/12/2023,5.0,1.9
24/12/2023,6.0,1.2
24/12/2024,1.0,1.8300000000000003
24/12/2024,2.0,2.18
24/12/2024,3.0,5.0
24/12/2024,4.0,1.78
24/12/2024,5.0,5.1
24/12/2024,6.0,4.0
25/01/2024,1.0,1.0
25/01/2024,2.0,0.96
25/01/2024,3.0,2.0
25/01/2024,4.0,1.0
25/01/2024,5.0,2.0
25/01/2024,6.0,1.27
25/01/2025,1.0,8.69
25/01/2025,2.0,3.69
25/01/2025,3.0,2.5
25/01/2025,4.0,2.99
25/01/2025,5.0,7.75
25/01/2025,6.0,2.92
25/02/2024,1.0,0.08000000000000002
25/02/2024,2.0,0.4
25/02/2024,3.0,0.9
25/02/2024,4.0,0.7
25/02/2024,5.0,1.43
25/02/2024,6.0,0.86
25/02/2025,1.0,4.69
25/02/2025,2.0,5.0
25/02/2025,3.0,5.58
25/02/2025,4.0,5.5
25/02/2025,5.0,6.33
25/02/2025,6.0,2.75
25/03/2024,1.0,1.15
25/03/2024,2.0,0.68
25/03/2024,3.0,1.05
25/03/2024,4.0,0.51
25/03/2024,5.0,3.5
25/03/2024,6.0,1.38
25/03/2025,1.0,4.0
25/03/2025,2.0,4.5
25/03/2025,3.0,6.22
25/03/2025,4.0,4.27
25/03/2025,5.0,7.5
25/03/2025,6.0,2.5
25/04/2024,1.0,1.37
25/04/2024,2.0,2.32
25/04/2024,3.0,1.25
25/04/2024,4.0,1.71
25/04/2024,5.0,2.7
25/04/2024,6.0,1.15
25/04/2025,1.0,1.6
25/04/2025,2.0,6.380000000000001
25/04/2025,3.0,2.74
25/04/2025,4.0,1.54
25/04/2025,5.0,11.69
25/04/2025,6.0,2.59
25/05/2024,1.0,1.02
25/05/2024,2.0,1.6600000000000001
25/05/2024,3.0,2.1
25/05/2024,4.0,1.89
25/05/2024,5.0,2.5
25/05/2024,6.0,1.12
25/05/2025,1.0,2.25
25/05/2025,2.0,5.2
25/05/2025,3.0,4.03
25/05/2025,4.0,3.31
25/05/2025,5.0,10.2
25/05/2025,6.0,4.69
25/06/2024,1.0,1.0
25/06/2024,2.0,1.5
25/06/2024,3.0,1.16
25/06/2024,4.0,2.29
25/06/2024,5.0,2.48
25/06/2024,6.0,1.06
25/06/2025,1.0,1.29
25/06/2025,2.0,2.97
25/06/2025,3.0,2.49
25/06/2025,4.0,3.01
25/06/2025,5.0,3.57
25/06/2025,6.0,2.69
25/07/2024,1.0,1.16
25/07/2024,2.0,1.5
25/07/2024,3.0,0.91
25/07/2024,4.0,1.32
25/07/2024,5.0,2.0
25/07/2024,6.0,0.9
25/08/2024,1.0,1.7199999999999998
25/08/2024,2.0,1.9199999999999997
25/08/2024,3.0,1.2
25/08/2024,4.0,1.82
25/08/2024,5.0,6.0
25/08/2024,6.0,1.5
25/09/2024,1.0,1.05
25/09/2024,2.0,1.39
25/09/2024,3.0,1.1600000000000001
25/09/2024,4.0,5.0
25/09/2024,5.0,7.0
25/09/2024,6.0,1.75
25/10/2024,1.0,2.17
25/10/2024,2.0,4.0
25/10/2024,3.0,1.95
25/10/2024,4.0,15.0
25/10/2024,5.0,3.92
25/10/2024,6.0,2.65
25/11/2023,1.0,0.64
25/11/2023,2.0,0.6
25/11/2023,3.0,1.49
25/11/2023,4.0,1.2
25/11/2023,5.0,3.0
25/11/2023,6.0,1.15
25/11/2024,1.0,5.0
25/11/2024,2.0,2.86
25/11/2024,3.0,3.5500000000000003
25/11/2024,4.0,1.9500000000000002
25/11/2024,5.0,4.86
25/11/2024,6.0,3.93
25/12/2023,1.0,0.49
25/12/2023,2.0,0.59
25/12/2023,3.0,0.98
25/12/2023,4.0,2.5
25/12/2023,5.0,1.22
25/12/2023,6.0,0.85
25/12/2024,1.0,1.5
25/12/2024,2.0,3.26
25/12/2024,3.0,6.69
25/12/2024,4.0,6.69
25/12/2024,5.0,4.69
25/12/2024,6.0,4.69
26/01/2024,1.0,0.9
26/01/2024,2.0,1.1
26/01/2024,3.0,1.91
26/01/2024,4.0,1.08
26/01/2024,5.0,2.89
26/01/2024,6.0,1.49
26/01/2025,1.0,1.8300000000000003
26/01/2025,2.0,1.5
26/01/2025,3.0,3.69
26/01/2025,4.0,1.96
26/01/2025,5.0,3.5
26/01/2025,6.0,3.15
26/02/2024,1.0,0.45
26/02/2024,2.0,1.0
26/02/2024,3.0,1.25
26/02/2024,4.0,1.1
26/02/2024,5.0,3.5
26/02/2024,6.0,1.58
26/02/2025,1.0,7.69
26/02/2025,2.0,6.69
26/02/2025,3.0,4.5
26/02/2025,4.0,7.690000000000001
26/02/2025,5.0,4.85
26/02/2025,6.0,4.39
26/03/2024,1.0,0.91
26/03/2024,2.0,1.0
26/03/2024,3.0,2.1
26/03/2024,4.0,0.99
26/03/2024,5.0,4.5
26/03/2024,6.0,2.5
26/03/2025,1.0,5.69
26/03/2025,2.0,4.25
26/03/2025,3.0,6.79
26/03/2025,4.0,1.76
26/03/2025,5.0,7.989999999999999
26/03/2025,6.0,4.58
26/04/2024,1.0,1.1
26/04/2024,2.0,2.25
26/04/2024,3.0,1.25
26/04/2024,4.0,2.23
26/04/2024,5.0,3.4
26/04/2024,6.0,0.85
26/04/2025,1.0,1.36
26/04/2025,2.0,3.42
26/04/2025,3.0,4.21
26/04/2025,4.0,4.02
26/04/2025,5.0,3.01
26/04/2025,6.0,5.62
26/05/2024,1.0,1.34
26/05/2024,2.0,1.68
26/05/2024,3.0,1.79
26/05/2024,4.0,3.0
26/05/2024,5.0,3.6
26/05/2024,6.0,0.72
26/05/2025,1.0,4.27
26/05/2025,2.0,9.15
26/05/2025,3.0,5.68
26/05/2025,4.0,1.79
26/05/2025,5.0,14.69
26/05/2025,6.0,4.69
26/06/2024,1.0,1.3
26/06/2024,2.0,1.58
26/06/2024,3.0,0.5
26/06/2024,4.0,1.51
26/06/2024,5.0,2.84
26/06/2024,6.0,0.75
26/06/2025,1.0,1.23
26/06/2025,2.0,6.92
26/06/2025,3.0,4.8
26/06/2025,4.0,2.71
26/06/2025,5.0,4.06
26/06/2025,6.0,1.42
26/07/2024,1.0,0.75
26/07/2024,2.0,1.89
26/07/2024,3.0,1.0
26/07/2024,4.0,1.25
26/07/2024,5.0,1.67
26/07/2024,6.0,1.0
26/08/2024,1.0,1.2
26/08/2024,2.0,2.0
26/08/2024,3.0,1.2
26/08/2024,4.0,2.61
26/08/2024,5.0,3.75
26/08/2024,6.0,2.73
26/09/2024,1.0,1.59
26/09/2024,2.0,2.5
26/09/2024,3.0,1.46
26/09/2024,4.0,2.08
26/09/2024,5.0,3.0
26/09/2024,6.0,2.7
26/10/2024,1.0,1.57
26/10/2024,2.0,2.25
26/10/2024,3.0,1.6999999999999997
26/10/2024,4.0,3.7899999999999996
26/10/2024,5.0,2.0
26/10/2024,6.0,5.0
26/11/2023,1.0,0.8200000000000001
26/11/2023,2.0,0.74
26/11/2023,3.0,1.27
26/11/2023,4.0,1.02
26/11/2023,5.0,2.51
26/11/2023,6.0,0.8699999999999999
26/11/2024,1.0,2.08
26/11/2024,2.0,2.06
26/11/2024,3.0,1.6
26/11/2024,4.0,1.71
26/11/2024,5.0,12.89
26/11/2024,6.0,3.5
26/12/2023,1.0,0.69
26/12/2023,2.0,1.0
26/12/2023,3.0,1.16
26/12/2023,4.0,1.3299999999999998
26/12/2023,5.0,4.0
26/12/2023,6.0,1.49
26/12/2024,1.0,1.0
26/12/2024,2.0,2.3
26/12/2024,3.0,2.92
26/12/2024,4.0,2.0
26/12/2024,5.0,4.0
26/12/2024,6.0,2.83
27/01/2024,1.0,0.61
27/01/2024,2.0,0.98
27/01/2024,3.0,1.08
27/01/2024,4.0,1.04
27/01/2024,5.0,2.44
27/01/2024,6.0,1.13
27/01/2025,1.0,2.0
27/01/2025,2.0,1.8800000000000001
27/01/2025,3.0,2.25
27/01/2025,4.0,1.87
27/01/2025,5.0,3.78
27/01/2025,6.0,2.25
27/02/2024,1.0,0.4
27/02/2024,2.0,1.0
27/02/2024,3.0,1.45
27/02/2024,4.0,0.6
27/02/2024,5.0,2.12
27/02/2024,6.0,1.33
27/02/2025,1.0,2.98
27/02/2025,2.0,4.69
27/02/2025,3.0,6.0
27/02/2025,4.0,2.53
27/02/2025,5.0,6.49
27/02/2025,6.0,3.05
27/03/2024,1.0,1.0
27/03/2024,2.0,1.24
27/03/2024,3.0,2.0
27/03/2024,4.0,0.91
27/03/2024,5.0,5.51
27/03/2024,6.0,2.0
27/03/2025,1.0,2.2
27/03/2025,2.0,4.6
27/03/2025,3.0,6.33
27/03/2025,4.0,6.46
27/03/2025,5.0,11.2
27/03/2025,6.0,5.57
27/04/2024,1.0,1.3
27/04/2024,2.0,1.39
27/04/2024,3.0,1.25
27/04/2024,4.0,1.9
27/04/2024,5.0,1.82
27/04/2024,6.0,0.98
27/04/2025,1.0,5.48
27/04/2025,2.0,5.969999999999999
27/04/2025,3.0,2.82
27/04/2025,4.0,2.95
27/04/2025,5.0,8.6
27/04/2025,6.0,2.38
27/05/2024,1.0,1.11
27/05/2024,2.0,1.7599999999999998
27/05/2024,3.0,1.5
27/05/2024,4.0,2.71
27/05/2024,5.0,2.76
27/05/2024,6.0,1.16
27/05/2025,1.0,3.69
27/05/2025,2.0,4.04
27/05/2025,3.0,3.12
27/05/2025,4.0,4.2
27/05/2025,5.0,5.6
27/05/2025,6.0,4.69
27/06/2024,1.0,0.75
27/06/2024,2.0,4.0
27/06/2024,3.0,1.5
27/06/2024,4.0,2.53
27/06/2024,5.0,3.39
27/06/2024,6.0,1.7700000000000002
27/06/2025,1.0,3.13
27/06/2025,2.0,4.84
27/06/2025,3.0,2.52
27/06/2025,4.0,2.42
27/06/2025,5.0,6.5600000000000005
27/06/2025,6.0,3.99
27/07/2024,1.0,1.16
27/07/2024,2.0,1.38
27/07/2024,3.0,1.2
27/07/2024,4.0,1.65
27/07/2024,5.0,1.8
27/07/2024,6.0,1.0
27/08/2024,1.0,1.15
27/08/2024,2.0,3.35
27/08/2024,3.0,1.63
27/08/2024,4.0,2.03
27/08/2024,5.0,3.7200000000000006
27/08/2024,6.0,1.18
27/09/2024,1.0,1.33
27/09/2024,2.0,3.5
27/09/2024,3.0,1.5
27/09/2024,4.0,2.05
27/09/2024,5.0,3.25
27/09/2024,6.0,1.45
27/10/2024,2.0,3.0
27/10/2024,3.0,3.0
27/10/2024,4.0,2.19
27/10/2024,5.0,5.81
27/10/2024,6.0,2.24
27/11/2023,1.0,0.66
27/11/2023,2.0,0.71
27/11/2023,3.0,1.6599999999999997
27/11/2023,4.0,0.99
27/11/2023,5.0,5.5
27/11/2023,6.0,1.08
27/11/2024,1.0,2.15
27/11/2024,2.0,1.65
27/11/2024,3.0,1.93
27/11/2024,4.0,1.59
27/11/2024,5.0,5.53
27/11/2024,6.0,2.2
27/12/2023,1.0,1.0
27/12/2023,2.0,0.91
27/12/2023,3.0,1.23
27/12/2023,4.0,0.75
27/12/2023,5.0,1.83
27/12/2023,6.0,1.6
27/12/2024,1.0,1.5
27/12/2024,2.0,1.44
27/12/2024,3.0,2.33
27/12/2024,4.0,1.53
27/12/2024,5.0,4.43
27/12/2024,6.0,1.9200000000000002
28/01/2024,1.0,0.5
28/01/2024,2.0,0.72
28/01/2024,3.0,1.11
28/01/2024,4.0,0.93
28/01/2024,5.0,2.87
28/01/2024,6.0,1.35
28/01/2025,1.0,1.51
28/01/2025,2.0,1.37
28/01/2025,3.0,2.64
28/01/2025,4.0,2.41
28/01/2025,5.0,2.75
28/01/2025,6.0,1.75
28/02/2024,1.0,0.65
28/02/2024,2.0,0.9
28/02/2024,3.0,2.3
28/02/2024,4.0,1.36
28/02/2024,5.0,1.5
28/02/2024,6.0,1.25
28/02/2025,1.0,4.0
28/02/2025,2.0,2.8
28/02/2025,3.0,7.6
28/02/2025,4.0,3.34
28/02/2025,5.0,6.62
28/02/2025,6.0,5.2
28/03/2024,1.0,1.22
28/03/2024,2.0,0.85
28/03/2024,3.0,1.14
28/03/2024,4.0,0.89
28/03/2024,5.0,3.0
28/03/2024,6.0,2.61
28/03/2025,1.0,5.02
28/03/2025,2.0,7.690000000000001
28/03/2025,3.0,6.38
28/03/2025,4.0,4.78
28/03/2025,5.0,6.69
28/03/2025,6.0,5.39
28/04/2024,1.0,0.72
28/04/2024,2.0,1.68
28/04/2024,3.0,1.14
28/04/2024,4.0,2.18
28/04/2024,5.0,2.38
28/04/2024,6.0,1.47
28/04/2025,1.0,6.69
28/04/2025,2.0,6.690000000000001
28/04/2025,3.0,4.21
28/04/2025,4.0,4.9
28/04/2025,5.0,7.4
28/04/2025,6.0,2.3
28/05/2024,1.0,1.2
28/05/2024,2.0,2.0
28/05/2024,3.0,1.42
28/05/2024,4.0,1.7599999999999998
28/05/2024,5.0,2.0
28/05/2024,6.0,1.11
28/05/2025,1.0,5.69
28/05/2025,2.0,4.99
28/05/2025,3.0,2.2
28/05/2025,4.0,2.14
28/05/2025,5.0,4.41
28/05/2025,6.0,3.13
28/06/2024,1.0,2.61
28/06/2024,2.0,4.29
28/06/2024,3.0,0.75
28/06/2024,4.0,2.94
28/06/2024,5.0,6.0
28/06/2024,6.0,1.0
28/06/2025,1.0,3.69
28/06/2025,2.0,5.19
28/06/2025,3.0,0.65
28/06/2025,4.0,2.53
28/06/2025,5.0,8.4
28/06/2025,6.0,2.64
28/07/2024,1.0,1.11
28/07/2024,2.0,1.38
28/07/2024,3.0,1.34
28/07/2024,4.0,1.39
28/07/2024,5.0,1.96
28/07/2024,6.0,0.99
28/08/2024,1.0,1.53
28/08/2024,2.0,2.35
28/08/2024,3.0,1.5
28/08/2024,4.0,2.42
28/08/2024,5.0,3.19
28/08/2024,6.0,0.75
28/09/2024,1.0,0.91
28/09/2024,2.0,2.0
28/09/2024,3.0,1.33
28/09/2024,4.0,2.0
28/09/2024,5.0,2.0
28/09/2024,6.0,3.12
28/10/2024,1.0,3.0
28/10/2024,2.0,2.0
28/10/2024,3.0,2.17
28/10/2024,4.0,1.57
28/10/2024,5.0,5.0
28/10/2024,6.0,2.25
28/11/2023,1.0,0.81
28/11/2023,2.0,0.75
28/11/2023,3.0,1.49
28/11/2023,4.0,0.89
28/11/2023,5.0,12.08
28/11/2023,6.0,1.49
28/11/2024,1.0,2.0
28/11/2024,2.0,1.6
28/11/2024,3.0,2.75
28/11/2024,4.0,1.5
28/11/2024,5.0,6.5
28/11/2024,6.0,2.0
28/12/2023,1.0,0.54
28/12/2023,2.0,0.76
28/12/2023,3.0,1.09
28/12/2023,4.0,0.89
28/12/2023,5.0,4.63
28/12/2023,6.0,1.05
28/12/2024,1.0,1.5
28/12/2024,2.0,1.67
28/12/2024,3.0,1.71
28/12/2024,4.0,1.31
28/12/2024,5.0,2.5
28/12/2024,6.0,2.75
29/01/2024,1.0,0.93
29/01/2024,2.0,0.79
29/01/2024,3.0,1.44
29/01/2024,4.0,0.9499999999999998
29/01/2024,5.0,5.590000000000001
29/01/2024,6.0,1.49
29/01/2025,1.0,2.25
29/01/2025,2.0,1.5
29/01/2025,3.0,2.92
29/01/2025,4.0,1.4
29/01/2025,5.0,3.24
29/01/2025,6.0,2.9
29/02/2024,1.0,0.5
29/02/2024,2.0,0.55
29/02/2024,3.0,0.75
29/02/2024,4.0,0.6
29/02/2024,5.0,1.79
29/02/2024,6.0,1.93
29/03/2024,1.0,1.07
29/03/2024,2.0,0.74
29/03/2024,3.0,2.38
29/03/2024,4.0,1.32
29/03/2024,5.0,3.32
29/03/2024,6.0,2.1
29/03/2025,1.0,4.68
29/03/2025,2.0,2.36
29/03/2025,3.0,5.67
29/03/2025,4.0,5.21
29/03/2025,5.0,8.69
29/03/2025,6.0,6.23
29/04/2024,1.0,2.56
29/04/2024,2.0,3.8000000000000003
29/04/2024,3.0,1.53
29/04/2024,4.0,3.5
29/04/2024,5.0,3.5
29/04/2024,6.0,1.57
29/04/2025,1.0,2.79
29/04/2025,2.0,6.6899999999999995
29/04/2025,3.0,2.68
29/04/2025,4.0,6.579999999999999
29/04/2025,5.0,4.74
29/04/2025,6.0,1.49
29/05/2024,1.0,0.5
29/05/2024,2.0,2.0
29/05/2024,3.0,1.3
29/05/2024,4.0,1.43
29/05/2024,5.0,2.91
29/05/2024,6.0,2.0
29/05/2025,1.0,3.59
29/05/2025,2.0,5.84
29/05/2025,3.0,3.35
29/05/2025,4.0,4.69
29/05/2025,5.0,8.0
29/05/2025,6.0,1.64
29/06/2024,1.0,0.75
29/06/2024,2.0,1.31
29/06/2024,3.0,1.0
29/06/2024,4.0,1.61
29/06/2024,5.0,2.38
29/06/2024,6.0,0.7
29/06/2025,1.0,2.03
29/06/2025,2.0,2.36
29/06/2025,3.0,0.87
29/06/2025,4.0,1.7
29/06/2025,5.0,2.9
29/06/2025,6.0,3.12
29/07/2024,1.0,1.72
29/07/2024,2.0,1.82
29/07/2024,3.0,1.6599999999999997
29/07/2024,4.0,1.71
29/07/2024,5.0,3.25
29/07/2024,6.0,1.07
29/08/2024,1.0,0.95
29/08/2024,2.0,3.0
29/08/2024,3.0,1.5
29/08/2024,4.0,2.4
29/08/2024,5.0,1.95
29/08/2024,6.0,0.87
29/09/2024,1.0,1.23
29/09/2024,2.0,2.13
29/09/2024,3.0,1.2
29/09/2024,4.0,2.75
29/09/2024,5.0,2.82
29/09/2024,6.0,1.75
29/10/2024,1.0,3.45
29/10/2024,2.0,1.63
29/10/2024,3.0,2.9
29/10/2024,4.0,2.75
29/10/2024,5.0,20.3
29/10/2024,6.0,5.4
29/11/2023,1.0,0.84
29/11/2023,2.0,0.98
29/11/2023,3.0,1.72
29/11/2023,4.0,1.43
29/11/2023,5.0,15.89
29/11/2023,6.0,3.82
29/11/2024,1.0,1.7899999999999998
29/11/2024,2.0,1.68
29/11/2024,3.0,2.2
29/11/2024,4.0,1.53
29/11/2024,5.0,4.68
29/11/2024,6.0,1.51
29/12/2023,1.0,0.5
29/12/2023,2.0,1.52
29/12/2023,3.0,1.08
29/12/2023,4.0,0.71
29/12/2023,5.0,3.23
29/12/2023,6.0,1.34
29/12/2024,1.0,2.25
29/12/2024,2.0,2.25
29/12/2024,3.0,9.69
29/12/2024,4.0,3.24
29/12/2024,5.0,5.51
29/12/2024,6.0,3.36
30/01/2024,1.0,1.01
30/01/2024,2.0,0.9
30/01/2024,3.0,1.5
30/01/2024,4.0,0.87
30/01/2024,5.0,5.43
30/01/2024,6.0,1.5
30/01/2025,1.0,1.7
30/01/2025,2.0,4.08
30/01/2025,3.0,2.75
30/01/2025,4.0,1.38
30/01/2025,5.0,13.0
30/01/2025,6.0,2.25
30/03/2024,1.0,0.9499999999999998
30/03/2024,2.0,0.5
30/03/2024,3.0,0.94
30/03/2024,4.0,0.75
30/03/2024,5.0,2.0
30/03/2024,6.0,2.5
30/03/2025,1.0,5.790953038674033
30/03/2025,2.0,4.1
30/03/2025,3.0,4.42
30/03/2025,4.0,8.69
30/03/2025,5.0,10.33
30/03/2025,6.0,3.32
30/04/2024,1.0,2.5
30/04/2024,2.0,4.55
30/04/2024,3.0,2.99
30/04/2024,4.0,4.22
30/04/2024,5.0,3.83
30/04/2024,6.0,1.13
30/04/2025,1.0,1.87
30/04/2025,2.0,4.35
30/04/2025,3.0,4.5
30/04/2025,4.0,3.2200000000000006
30/04/2025,5.0,5.98
30/04/2025,6.0,2.15
30/05/2024,1.0,1.25
30/05/2024,2.0,3.75
30/05/2024,3.0,1.8500000000000003
30/05/2024,4.0,2.37
30/05/2024,5.0,3.25
30/05/2024,6.0,1.5
30/05/2025,1.0,1.25
30/05/2025,2.0,2.3
30/05/2025,3.0,2.52
30/05/2025,4.0,4.96
30/05/2025,5.0,3.16
30/05/2025,6.0,2.0
30/06/2024,1.0,1.6
30/06/2024,2.0,1.18
30/06/2024,3.0,0.53
30/06/2024,4.0,1.54
30/06/2024,5.0,2.0
30/06/2024,6.0,0.72
30/06/2025,1.0,2.5
30/06/2025,2.0,4.87
30/06/2025,3.0,2.87
30/06/2025,4.0,3.15
30/06/2025,5.0,4.29
30/06/2025,6.0,1.38
30/07/2024,1.0,1.12
30/07/2024,2.0,2.44
30/07/2024,3.0,1.09
30/07/2024,4.0,1.64
30/07/2024,5.0,2.9
30/07/2024,6.0,1.03
30/08/2024,1.0,1.19
30/08/2024,2.0,3.25
30/08/2024,3.0,1.61
30/08/2024,4.0,1.9200000000000002
30/08/2024,5.0,1.96
30/08/2024,6.0,0.88
30/09/2024,1.0,1.5
30/09/2024,2.0,2.08
30/09/2024,3.0,1.76
30/09/2024,4.0,1.67
30/09/2024,5.0,2.55
30/09/2024,6.0,2.5
30/10/2024,1.0,1.66
30/10/2024,2.0,2.16
30/10/2024,3.0,2.75
30/10/2024,4.0,1.25
30/10/2024,5.0,14.4
30/10/2024,6.0,3.0
30/11/2023,1.0,0.82
30/11/2023,2.0,1.04
30/11/2023,3.0,1.4799999999999998
30/11/2023,4.0,3.75
30/11/2023,5.0,25.0
30/11/2023,6.0,4.78
30/11/2024,1.0,1.6999999999999997
30/11/2024,2.0,1.65
30/11/2024,3.0,2.12
30/11/2024,4.0,1.51
30/11/2024,5.0,3.61
30/11/2024,6.0,2.12
30/12/2023,1.0,0.46
30/12/2023,2.0,0.71
30/12/2023,3.0,1.49
30/12/2023,4.0,1.09
30/12/2023,5.0,1.36
30/12/2023,6.0,1.0
30/12/2024,1.0,1.0
30/12/2024,2.0,3.23
30/12/2024,3.0,2.54
30/12/2024,4.0,1.73
30/12/2024,5.0,5.5
30/12/2024,6.0,4.0
31/01/2024,1.0,0.9
31/01/2024,2.0,0.92
31/01/2024,3.0,1.56
31/01/2024,4.0,1.0
31/01/2024,5.0,1.28
31/01/2024,6.0,1.25
31/01/2025,1.0,1.72
31/01/2025,2.0,1.34
31/01/2025,3.0,1.83
31/01/2025,4.0,2.73
31/01/2025,5.0,13.96
31/01/2025,6.0,2.5
31/03/2024,1.0,1.0342843691148775
31/03/2024,2.0,0.96
31/03/2024,3.0,1.07
31/03/2024,4.0,2.15
31/03/2024,5.0,1.82
31/03/2024,6.0,1.14
31/03/2025,1.0,4.01
31/03/2025,2.0,8.67
31/03/2025,3.0,6.69
31/03/2025,4.0,13.799999999999999
31/03/2025,5.0,6.0
31/03/2025,6.0,3.69
31/05/2024,1.0,1.22
31/05/2024,2.0,3.25
31/05/2024,3.0,1.83
31/05/2024,4.0,2.69
31/05/2024,5.0,3.45
31/05/2024,6.0,1.02
31/05/2025,1.0,2.85
31/05/2025,2.0,5.86
31/05/2025,3.0,2.4
31/05/2025,4.0,2.04
31/05/2025,5.0,8.69
31/05/2025,6.0,7.62
31/07/2024,1.0,1.82
31/07/2024,2.0,2.01
31/07/2024,3.0,1.05
31/07/2024,4.0,1.62
31/07/2024,5.0,2.18
31/07/2024,6.0,1.0
31/08/2024,1.0,0.9
31/08/2024,2.0,1.75
31/08/2024,3.0,1.6599999999999997
31/08/2024,4.0,2.53
31/08/2024,5.0,3.21
31/08/2024,6.0,1.8299999999999998
31/10/2024,1.0,4.03
31/10/2024,2.0,2.11
31/10/2024,3.0,3.17
31/10/2024,4.0,2.04
31/10/2024,5.0,7.0
31/10/2024,6.0,2.15
31/12/2023,1.0,1.05
31/12/2023,2.0,0.51
31/12/2023,3.0,1.19
31/12/2023,4.0,0.87
31/12/2023,5.0,2.94
31/12/2023,6.0,1.45
31/12/2024,1.0,4.0
31/12/2024,2.0,4.69
31/12/2024,3.0,4.69
31/12/2024,4.0,2.14
31/12/2024,5.0,6.08
31/12/2024,6.0,4.4
