Delivery_Date,EFA_Block,Average_DAM_Price
2023-11-02,1,15.275
2023-11-02,2,24.6
2023-11-02,3,96.14
2023-11-02,4,90.075
2023-11-02,5,92.7625
2023-11-02,6,73.7375
2023-11-03,1,23.3125
2023-11-03,2,40.675
2023-11-03,3,84.45
2023-11-03,4,73.525
2023-11-03,5,93.0
2023-11-03,6,79.3
2023-11-04,1,91.64
2023-11-04,2,80.9
2023-11-04,3,92.95
2023-11-04,4,87.575
2023-11-04,5,106.9175
2023-11-04,6,98.0175
2023-11-05,1,101.3375
2023-11-05,2,77.725
2023-11-05,3,77.075
2023-11-05,4,86.6375
2023-11-05,5,114.975
2023-11-05,6,97.3
2023-11-06,1,87.575
2023-11-06,2,83.775
2023-11-06,3,103.875
2023-11-06,4,90.6
2023-11-06,5,112.95
2023-11-06,6,91.175
2023-11-07,1,75.28999999999999
2023-11-07,2,76.3
2023-11-07,3,95.4
2023-11-07,4,83.75
2023-11-07,5,115.025
2023-11-07,6,92.0
2023-11-08,1,73.725
2023-11-08,2,70.425
2023-11-08,3,93.325
2023-11-08,4,85.375
2023-11-08,5,110.9
2023-11-08,6,92.6125
2023-11-09,1,86.125
2023-11-09,2,85.075
2023-11-09,3,101.775
2023-11-09,4,90.8275
2023-11-09,5,118.515
2023-11-09,6,96.025
2023-11-10,1,87.3825
2023-11-10,2,91.97
2023-11-10,3,114.65
2023-11-10,4,87.35
2023-11-10,5,112.25
2023-11-10,6,94.395
2023-11-11,1,84.9
2023-11-11,2,82.175
2023-11-11,3,91.775
2023-11-11,4,90.2125
2023-11-11,5,116.0
2023-11-11,6,97.0
2023-11-12,1,95.8575
2023-11-12,2,84.145
2023-11-12,3,91.3375
2023-11-12,4,100.725
2023-11-12,5,116.7875
2023-11-12,6,92.8875
2023-11-13,1,90.85
2023-11-13,2,78.075
2023-11-13,3,93.0
2023-11-13,4,85.5875
2023-11-13,5,101.8125
2023-11-13,6,85.2875
2023-11-14,1,51.6375
2023-11-14,2,57.65
2023-11-14,3,89.2
2023-11-14,4,90.2625
2023-11-14,5,108.5025
2023-11-14,6,89.0
2023-11-15,1,68.0
2023-11-15,2,72.0
2023-11-15,3,91.7875
2023-11-15,4,81.8125
2023-11-15,5,108.0
2023-11-15,6,90.4
2023-11-16,1,96.3
2023-11-16,2,95.69999999999999
2023-11-16,3,127.825
2023-11-16,4,130.35
2023-11-16,5,186.825
2023-11-16,6,116.0
2023-11-17,1,89.2
2023-11-17,2,90.81
2023-11-17,3,120.95
2023-11-17,4,119.1325
2023-11-17,5,152.6725
2023-11-17,6,104.0325
2023-11-18,1,96.4375
2023-11-18,2,77.125
2023-11-18,3,87.275
2023-11-18,4,91.8875
2023-11-18,5,97.7375
2023-11-18,6,66.95
2023-11-19,1,23.0
2023-11-19,2,6.85
2023-11-19,3,56.05
2023-11-19,4,90.1875
2023-11-19,5,109.725
2023-11-19,6,88.975
2023-11-20,1,69.8
2023-11-20,2,80.2
2023-11-20,3,101.45
2023-11-20,4,94.7375
2023-11-20,5,116.45
2023-11-20,6,95.0875
2023-11-21,1,83.525
2023-11-21,2,89.4
2023-11-21,3,110.9375
2023-11-21,4,109.125
2023-11-21,5,123.85
2023-11-21,6,103.1375
2023-11-22,1,91.4875
2023-11-22,2,92.5
2023-11-22,3,110.075
2023-11-22,4,97.55
2023-11-22,5,107.4
2023-11-22,6,84.725
2023-11-23,1,45.325
2023-11-23,2,54.675
2023-11-23,3,97.4375
2023-11-23,4,85.5
2023-11-23,5,104.0
2023-11-23,6,77.525
2023-11-24,1,18.15
2023-11-24,2,35.275
2023-11-24,3,105.1125
2023-11-24,4,93.075
2023-11-24,5,116.725
2023-11-24,6,100.95
2023-11-25,1,97.2
2023-11-25,2,92.575
2023-11-25,3,106.075
2023-11-25,4,104.675
2023-11-25,5,127.1
2023-11-25,6,113.5625
2023-11-26,1,103.65
2023-11-26,2,94.69
2023-11-26,3,107.15
2023-11-26,4,117.15
2023-11-26,5,136.5
2023-11-26,6,109.5875
2023-11-27,1,98.45
2023-11-27,2,99.175
2023-11-27,3,125.275
2023-11-27,4,114.825
2023-11-27,5,118.625
2023-11-27,6,99.4
2023-11-28,1,88.9
2023-11-28,2,95.1
2023-11-28,3,124.76249999999999
2023-11-28,4,119.25
2023-11-28,5,137.6
2023-11-28,6,106.0
2023-11-29,1,89.9
2023-11-29,2,94.3
2023-11-29,3,126.275
2023-11-29,4,127.17500000000001
2023-11-29,5,175.6125
2023-11-29,6,119.7
2023-11-30,1,90.375
2023-11-30,2,96.0
2023-11-30,3,160.05
2023-11-30,4,155.225
2023-11-30,5,202.9
2023-11-30,6,121.825
2023-12-01,1,83.525
2023-12-01,2,97.64999999999999
2023-12-01,3,180.25
2023-12-01,4,161.225
2023-12-01,5,206.925
2023-12-01,6,121.225
2023-12-02,1,92.1
2023-12-02,2,89.9
2023-12-02,3,119.475
2023-12-02,4,111.775
2023-12-02,5,145.5875
2023-12-02,6,105.175
2023-12-03,1,94.6
2023-12-03,2,82.825
2023-12-03,3,97.0875
2023-12-03,4,106.075
2023-12-03,5,134.0
2023-12-03,6,100.025
2023-12-04,1,89.775
2023-12-04,2,86.625
2023-12-04,3,110.925
2023-12-04,4,112.95
2023-12-04,5,121.0575
2023-12-04,6,95.045
2023-12-05,1,79.175
2023-12-05,2,85.825
2023-12-05,3,108.6
2023-12-05,4,108.7375
2023-12-05,5,126.825
2023-12-05,6,100.275
2023-12-06,1,82.125
2023-12-06,2,89.875
2023-12-06,3,136.15
2023-12-06,4,122.4
2023-12-06,5,140.175
2023-12-06,6,95.275
2023-12-07,1,78.75
2023-12-07,2,72.9
2023-12-07,3,95.325
2023-12-07,4,83.85
2023-12-07,5,98.375
2023-12-07,6,82.0
2023-12-08,1,75.9075
2023-12-08,2,81.34
2023-12-08,3,101.75
2023-12-08,4,92.8
2023-12-08,5,98.2875
2023-12-08,6,85.0
2023-12-09,1,69.2875
2023-12-09,2,58.7125
2023-12-09,3,82.75
2023-12-09,4,82.825
2023-12-09,5,93.35
2023-12-09,6,80.475
2023-12-10,1,37.425000000000004
2023-12-10,2,22.575
2023-12-10,3,74.1
2023-12-10,4,84.975
2023-12-10,5,98.2
2023-12-10,6,76.125
2023-12-11,1,50.9
2023-12-11,2,63.0875
2023-12-11,3,88.425
2023-12-11,4,90.625
2023-12-11,5,111.55
2023-12-11,6,92.225
2023-12-12,1,72.675
2023-12-12,2,76.15
2023-12-12,3,90.4625
2023-12-12,4,89.1
2023-12-12,5,99.4875
2023-12-12,6,80.0
2023-12-13,1,71.225
2023-12-13,2,70.775
2023-12-13,3,88.75
2023-12-13,4,86.975
2023-12-13,5,92.2225
2023-12-13,6,80.0525
2023-12-14,1,69.475
2023-12-14,2,72.4625
2023-12-14,3,94.0875
2023-12-14,4,85.925
2023-12-14,5,96.15
2023-12-14,6,80.6125
2023-12-15,1,70.35
2023-12-15,2,72.975
2023-12-15,3,91.0
2023-12-15,4,76.025
2023-12-15,5,85.375
2023-12-15,6,73.9
2023-12-16,1,57.4
2023-12-16,2,52.6275
2023-12-16,3,71.825
2023-12-16,4,65.65
2023-12-16,5,79.125
2023-12-16,6,67.875
2023-12-17,1,35.65
2023-12-17,2,23.9
2023-12-17,3,46.3
2023-12-17,4,53.75
2023-12-17,5,78.0
2023-12-17,6,69.0375
2023-12-18,1,47.625
2023-12-18,2,59.8
2023-12-18,3,80.2
2023-12-18,4,70.375
2023-12-18,5,81.1
2023-12-18,6,70.475
2023-12-19,1,56.7625
2023-12-19,2,63.3
2023-12-19,3,77.725
2023-12-19,4,65.75
2023-12-19,5,76.625
2023-12-19,6,63.2375
2023-12-20,1,37.1
2023-12-20,2,40.9
2023-12-20,3,71.075
2023-12-20,4,65.95
2023-12-20,5,74.675
2023-12-20,6,57.725
2023-12-21,1,14.225
2023-12-21,2,14.325
2023-12-21,3,70.0
2023-12-21,4,60.175
2023-12-21,5,73.825
2023-12-21,6,44.85
2023-12-22,1,-1.525
2023-12-22,2,2.8249999999999997
2023-12-22,3,64.725
2023-12-22,4,54.625
2023-12-22,5,68.1
2023-12-22,6,35.45
2023-12-23,1,2.975
2023-12-23,2,0.825
2023-12-23,3,33.95
2023-12-23,4,34.0
2023-12-23,5,48.95
2023-12-23,6,30.275
2023-12-24,1,-4.8
2023-12-24,2,-14.175
2023-12-24,3,-7.075
2023-12-24,4,4.275
2023-12-24,5,21.7
2023-12-24,6,-0.8250000000000002
2023-12-25,1,-0.575
2023-12-25,2,-6.825
2023-12-25,3,36.550000000000004
2023-12-25,4,65.175
2023-12-25,5,30.0
2023-12-25,6,3.7
2023-12-26,1,3.85
2023-12-26,2,3.7
2023-12-26,3,49.4
2023-12-26,4,76.5
2023-12-26,5,89.775
2023-12-26,6,76.535
2023-12-27,1,57.75
2023-12-27,2,44.0
2023-12-27,3,66.925
2023-12-27,4,67.9
2023-12-27,5,72.4
2023-12-27,6,32.775
2023-12-28,1,-0.925
2023-12-28,2,4.9
2023-12-28,3,40.8
2023-12-28,4,46.975
2023-12-28,5,68.225
2023-12-28,6,33.699999999999996
2023-12-29,1,0.425
2023-12-29,2,0.12499999999999999
2023-12-29,3,41.65
2023-12-29,4,57.45
2023-12-29,5,74.9
2023-12-29,6,56.0
2023-12-30,1,39.625
2023-12-30,2,44.55
2023-12-30,3,76.25
2023-12-30,4,62.375
2023-12-30,5,71.325
2023-12-30,6,62.05
2023-12-31,1,43.6
2023-12-31,2,25.925
2023-12-31,3,68.3
2023-12-31,4,82.4375
2023-12-31,5,93.75
2023-12-31,6,77.6
2024-01-01,1,45.8
2024-01-01,2,21.675
2024-01-01,3,64.5
2024-01-01,4,78.275
2024-01-01,5,97.95
2024-01-01,6,69.0875
2024-01-02,1,27.1
2024-01-02,2,33.275
2024-01-02,3,73.6
2024-01-02,4,81.8375
2024-01-02,5,84.125
2024-01-02,6,58.775
2024-01-03,1,36.025
2024-01-03,2,41.9
2024-01-03,3,74.3
2024-01-03,4,75.7
2024-01-03,5,86.45
2024-01-03,6,73.975
2024-01-04,1,65.45
2024-01-04,2,66.55
2024-01-04,3,78.35
2024-01-04,4,83.875
2024-01-04,5,104.7525
2024-01-04,6,83.63749999999999
2024-01-05,1,76.25
2024-01-05,2,72.625
2024-01-05,3,85.15
2024-01-05,4,83.675
2024-01-05,5,97.15
2024-01-05,6,82.2875
2024-01-06,1,77.575
2024-01-06,2,72.425
2024-01-06,3,82.1125
2024-01-06,4,83.0375
2024-01-06,5,95.6
2024-01-06,6,81.25
2024-01-07,1,80.9
2024-01-07,2,71.0625
2024-01-07,3,79.3125
2024-01-07,4,86.875
2024-01-07,5,104.25
2024-01-07,6,86.0
2024-01-08,1,77.5
2024-01-08,2,80.225
2024-01-08,3,97.525
2024-01-08,4,89.55
2024-01-08,5,108.325
2024-01-08,6,85.125
2024-01-09,1,73.6875
2024-01-09,2,78.325
2024-01-09,3,98.95
2024-01-09,4,88.025
2024-01-09,5,114.725
2024-01-09,6,90.7875
2024-01-10,1,72.1075
2024-01-10,2,75.895
2024-01-10,3,102.0
2024-01-10,4,91.7
2024-01-10,5,116.075
2024-01-10,6,90.025
2024-01-11,1,70.1
2024-01-11,2,74.15
2024-01-11,3,106.2025
2024-01-11,4,89.0
2024-01-11,5,113.65
2024-01-11,6,86.89750000000001
2024-01-12,1,69.05
2024-01-12,2,74.95
2024-01-12,3,104.745
2024-01-12,4,92.575
2024-01-12,5,109.25
2024-01-12,6,82.965
2024-01-13,1,72.7375
2024-01-13,2,68.02499999999999
2024-01-13,3,78.95
2024-01-13,4,75.05
2024-01-13,5,89.375
2024-01-13,6,74.8375
2024-01-14,1,72.15
2024-01-14,2,67.875
2024-01-14,3,74.825
2024-01-14,4,73.575
2024-01-14,5,85.975
2024-01-14,6,72.375
2024-01-15,1,64.0475
2024-01-15,2,66.75
2024-01-15,3,81.25
2024-01-15,4,75.8125
2024-01-15,5,97.1
2024-01-15,6,85.8375
2024-01-16,1,69.4
2024-01-16,2,74.6
2024-01-16,3,102.9225
2024-01-16,4,84.2
2024-01-16,5,100.2
2024-01-16,6,77.47749999999999
2024-01-17,1,64.9
2024-01-17,2,70.1
2024-01-17,3,102.1625
2024-01-17,4,90.2375
2024-01-17,5,101.0
2024-01-17,6,77.5125
2024-01-18,1,66.125
2024-01-18,2,68.125
2024-01-18,3,90.5
2024-01-18,4,73.075
2024-01-18,5,86.875
2024-01-18,6,73.3125
2024-01-19,1,63.15
2024-01-19,2,64.8625
2024-01-19,3,83.5375
2024-01-19,4,65.85
2024-01-19,5,78.10000000000001
2024-01-19,6,68.8775
2024-01-20,1,62.325
2024-01-20,2,57.6875
2024-01-20,3,70.975
2024-01-20,4,65.2
2024-01-20,5,75.0125
2024-01-20,6,64.8
2024-01-21,1,49.875
2024-01-21,2,35.75
2024-01-21,3,49.1
2024-01-21,4,61.0
2024-01-21,5,71.7
2024-01-21,6,56.525000000000006
2024-01-22,1,31.799999999999997
2024-01-22,2,26.825
2024-01-22,3,69.125
2024-01-22,4,64.25
2024-01-22,5,75.025
2024-01-22,6,62.599999999999994
2024-01-23,1,35.5
2024-01-23,2,47.875
2024-01-23,3,77.7
2024-01-23,4,63.65
2024-01-23,5,70.2875
2024-01-23,6,56.775
2024-01-24,1,16.8
2024-01-24,2,28.8825
2024-01-24,3,69.1825
2024-01-24,4,60.1
2024-01-24,5,73.0
2024-01-24,6,70.0325
2024-01-25,1,60.175
2024-01-25,2,61.65
2024-01-25,3,76.35
2024-01-25,4,65.65
2024-01-25,5,74.125
2024-01-25,6,63.4875
2024-01-26,1,47.8625
2024-01-26,2,46.2625
2024-01-26,3,71.1
2024-01-26,4,56.25
2024-01-26,5,73.65
2024-01-26,6,67.875
2024-01-27,1,55.4875
2024-01-27,2,53.125
2024-01-27,3,63.845
2024-01-27,4,56.925
2024-01-27,5,74.6
2024-01-27,6,68.0
2024-01-28,1,56.9725
2024-01-28,2,49.03
2024-01-28,3,51.55
2024-01-28,4,52.5
2024-01-28,5,72.4
2024-01-28,6,61.025
2024-01-29,1,53.825
2024-01-29,2,64.35
2024-01-29,3,78.825
2024-01-29,4,73.625
2024-01-29,5,85.375
2024-01-29,6,69.375
2024-01-30,1,58.825
2024-01-30,2,61.474999999999994
2024-01-30,3,74.675
2024-01-30,4,66.1
2024-01-30,5,82.725
2024-01-30,6,70.2
2024-01-31,1,60.65
2024-01-31,2,60.7
2024-01-31,3,74.125
2024-01-31,4,59.25
2024-01-31,5,70.0
2024-01-31,6,59.75
2024-02-01,1,44.575
2024-02-01,2,56.425
2024-02-01,3,75.825
2024-02-01,4,65.025
2024-02-01,5,80.6125
2024-02-01,6,69.9
2024-02-02,1,48.5
2024-02-02,2,49.775
2024-02-02,3,73.725
2024-02-02,4,59.475
2024-02-02,5,70.8
2024-02-02,6,58.0
2024-02-03,1,27.875
2024-02-03,2,21.65
2024-02-03,3,52.75
2024-02-03,4,48.875
2024-02-03,5,63.825
2024-02-03,6,49.0
2024-02-04,1,17.15
2024-02-04,2,3.675
2024-02-04,3,24.65
2024-02-04,4,43.7
2024-02-04,5,67.6
2024-02-04,6,47.65
2024-02-05,1,20.025
2024-02-05,2,34.849999999999994
2024-02-05,3,72.3
2024-02-05,4,63.75
2024-02-05,5,75.55
2024-02-05,6,58.725
2024-02-06,1,18.75
2024-02-06,2,28.125
2024-02-06,3,70.575
2024-02-06,4,66.425
2024-02-06,5,78.85
2024-02-06,6,71.0625
2024-02-07,1,62.3875
2024-02-07,2,65.325
2024-02-07,3,78.675
2024-02-07,4,71.35
2024-02-07,5,94.175
2024-02-07,6,78.0
2024-02-08,1,65.8
2024-02-08,2,63.625
2024-02-08,3,78.625
2024-02-08,4,70.1
2024-02-08,5,71.275
2024-02-08,6,62.0
2024-02-09,1,39.9375
2024-02-09,2,39.85
2024-02-09,3,67.125
2024-02-09,4,65.15
2024-02-09,5,75.475
2024-02-09,6,66.9875
2024-02-10,1,57.625
2024-02-10,2,58.375
2024-02-10,3,68.6
2024-02-10,4,65.45
2024-02-10,5,79.575
2024-02-10,6,71.3625
2024-02-11,1,66.595
2024-02-11,2,61.1
2024-02-11,3,67.0
2024-02-11,4,67.225
2024-02-11,5,77.9
2024-02-11,6,65.7775
2024-02-12,1,57.3
2024-02-12,2,64.325
2024-02-12,3,77.0375
2024-02-12,4,59.875
2024-02-12,5,74.35
2024-02-12,6,64.9375
2024-02-13,1,53.7
2024-02-13,2,58.775
2024-02-13,3,69.475
2024-02-13,4,63.0
2024-02-13,5,77.0875
2024-02-13,6,65.0
2024-02-14,1,57.05
2024-02-14,2,58.95
2024-02-14,3,67.475
2024-02-14,4,60.925
2024-02-14,5,74.7
2024-02-14,6,64.825
2024-02-15,1,53.6625
2024-02-15,2,56.325
2024-02-15,3,65.225
2024-02-15,4,60.725
2024-02-15,5,74.0375
2024-02-15,6,65.0
2024-02-16,1,56.35
2024-02-16,2,56.375
2024-02-16,3,65.05
2024-02-16,4,58.5
2024-02-16,5,71.125
2024-02-16,6,67.0
2024-02-17,1,61.9
2024-02-17,2,56.7
2024-02-17,3,63.15
2024-02-17,4,56.6
2024-02-17,5,65.0025
2024-02-17,6,60.587500000000006
2024-02-18,1,53.625
2024-02-18,2,48.975
2024-02-18,3,58.075
2024-02-18,4,58.65
2024-02-18,5,66.25
2024-02-18,6,59.575
2024-02-19,1,50.75
2024-02-19,2,54.525
2024-02-19,3,62.975
2024-02-19,4,51.575
2024-02-19,5,65.8
2024-02-19,6,59.3
2024-02-20,1,49.45
2024-02-20,2,54.425
2024-02-20,3,63.7875
2024-02-20,4,50.2
2024-02-20,5,63.9375
2024-02-20,6,60.0125
2024-02-21,1,47.675
2024-02-21,2,46.3
2024-02-21,3,59.5
2024-02-21,4,50.5
2024-02-21,5,60.625
2024-02-21,6,56.275
2024-02-22,1,29.7
2024-02-22,2,40.35
2024-02-22,3,63.775
2024-02-22,4,60.224999999999994
2024-02-22,5,62.275
2024-02-22,6,53.7175
2024-02-23,1,36.65
2024-02-23,2,41.35
2024-02-23,3,62.725
2024-02-23,4,57.225
2024-02-23,5,71.2125
2024-02-23,6,68.9875
2024-02-24,1,57.05
2024-02-24,2,54.225
2024-02-24,3,61.45
2024-02-24,4,54.55
2024-02-24,5,67.675
2024-02-24,6,64.7
2024-02-25,1,60.0
2024-02-25,2,53.975
2024-02-25,3,58.075
2024-02-25,4,63.2
2024-02-25,5,69.0125
2024-02-25,6,58.575
2024-02-26,1,48.5625
2024-02-26,2,52.6425
2024-02-26,3,63.3425
2024-02-26,4,57.725
2024-02-26,5,69.05
2024-02-26,6,62.675
2024-02-27,1,52.475
2024-02-27,2,56.125
2024-02-27,3,66.45
2024-02-27,4,57.475
2024-02-27,5,71.725
2024-02-27,6,63.55
2024-02-28,1,55.525
2024-02-28,2,60.475
2024-02-28,3,69.2
2024-02-28,4,55.8
2024-02-28,5,67.0
2024-02-28,6,56.599999999999994
2024-02-29,1,40.875
2024-02-29,2,45.575
2024-02-29,3,62.025
2024-02-29,4,59.4375
2024-02-29,5,69.2
2024-02-29,6,66.225
2024-03-01,1,58.3
2024-03-01,2,59.349999999999994
2024-03-01,3,66.7
2024-03-01,4,58.125
2024-03-01,5,71.05
2024-03-01,6,66.0
2024-03-02,1,61.1425
2024-03-02,2,57.775
2024-03-02,3,66.28
2024-03-02,4,60.0
2024-03-02,5,71.575
2024-03-02,6,65.425
2024-03-03,1,62.4
2024-03-03,2,59.525
2024-03-03,3,62.599999999999994
2024-03-03,4,65.0
2024-03-03,5,79.85
2024-03-03,6,73.925
2024-03-04,1,61.025
2024-03-04,2,64.4125
2024-03-04,3,76.6
2024-03-04,4,63.1
2024-03-04,5,75.1175
2024-03-04,6,63.2625
2024-03-05,1,52.8
2024-03-05,2,60.9625
2024-03-05,3,69.225
2024-03-05,4,58.225
2024-03-05,5,77.0
2024-03-05,6,70.15
2024-03-06,1,63.7
2024-03-06,2,67.85
2024-03-06,3,75.675
2024-03-06,4,63.45
2024-03-06,5,82.875
2024-03-06,6,70.0
2024-03-07,1,62.8375
2024-03-07,2,68.1625
2024-03-07,3,73.95
2024-03-07,4,58.3875
2024-03-07,5,74.65
2024-03-07,6,65.8625
2024-03-08,1,59.05
2024-03-08,2,62.95
2024-03-08,3,68.25
2024-03-08,4,48.95
2024-03-08,5,69.0
2024-03-08,6,62.675
2024-03-09,1,46.775
2024-03-09,2,43.1125
2024-03-09,3,47.05
2024-03-09,4,40.95
2024-03-09,5,66.0
2024-03-09,6,62.1
2024-03-10,1,43.912499999999994
2024-03-10,2,32.25
2024-03-10,3,43.849999999999994
2024-03-10,4,60.025000000000006
2024-03-10,5,72.125
2024-03-10,6,68.025
2024-03-11,1,58.15
2024-03-11,2,61.7
2024-03-11,3,71.85
2024-03-11,4,68.55
2024-03-11,5,82.3625
2024-03-11,6,70.325
2024-03-12,1,61.6
2024-03-12,2,63.99
2024-03-12,3,73.8275
2024-03-12,4,62.75
2024-03-12,5,72.83
2024-03-12,6,64.5875
2024-03-13,1,49.5925
2024-03-13,2,54.4075
2024-03-13,3,65.5
2024-03-13,4,55.425000000000004
2024-03-13,5,67.5
2024-03-13,6,63.225
2024-03-14,1,50.35
2024-03-14,2,57.225
2024-03-14,3,67.775
2024-03-14,4,57.625
2024-03-14,5,69.3
2024-03-14,6,61.2625
2024-03-15,1,43.0
2024-03-15,2,47.0
2024-03-15,3,62.9
2024-03-15,4,59.1
2024-03-15,5,68.0
2024-03-15,6,65.0
2024-03-16,1,59.6875
2024-03-16,2,60.275
2024-03-16,3,72.825
2024-03-16,4,63.699999999999996
2024-03-16,5,69.5
2024-03-16,6,62.0
2024-03-17,1,48.725
2024-03-17,2,46.775
2024-03-17,3,60.8
2024-03-17,4,61.1875
2024-03-17,5,72.475
2024-03-17,6,67.625
2024-03-18,1,60.65
2024-03-18,2,66.975
2024-03-18,3,79.0
2024-03-18,4,61.7
2024-03-18,5,76.775
2024-03-18,6,68.3
2024-03-19,1,50.85
2024-03-19,2,58.575
2024-03-19,3,72.9125
2024-03-19,4,65.75
2024-03-19,5,85.375
2024-03-19,6,79.275
2024-03-20,1,65.575
2024-03-20,2,70.425
2024-03-20,3,78.525
2024-03-20,4,68.25
2024-03-20,5,89.225
2024-03-20,6,78.5125
2024-03-21,1,66.275
2024-03-21,2,65.6
2024-03-21,3,74.125
2024-03-21,4,57.825
2024-03-21,5,73.55
2024-03-21,6,65.55
2024-03-22,1,40.8625
2024-03-22,2,42.1
2024-03-22,3,68.0875
2024-03-22,4,53.75
2024-03-22,5,70.15
2024-03-22,6,60.85
2024-03-23,1,11.75
2024-03-23,2,1.65
2024-03-23,3,0.975
2024-03-23,4,-8.025
2024-03-23,5,28.875
2024-03-23,6,30.775
2024-03-24,1,1.7999999999999998
2024-03-24,2,-1.775
2024-03-24,3,4.325
2024-03-24,4,42.575
2024-03-24,5,73.7125
2024-03-24,6,79.25
2024-03-25,1,66.2
2024-03-25,2,65.5625
2024-03-25,3,80.35
2024-03-25,4,67.775
2024-03-25,5,80.95
2024-03-25,6,66.95
2024-03-26,1,60.875
2024-03-26,2,64.65
2024-03-26,3,77.95
2024-03-26,4,69.65
2024-03-26,5,81.0
2024-03-26,6,68.8
2024-03-27,1,50.125
2024-03-27,2,52.65
2024-03-27,3,67.325
2024-03-27,4,58.675
2024-03-27,5,78.25
2024-03-27,6,69.85
2024-03-28,1,51.15
2024-03-28,2,47.475
2024-03-28,3,62.075
2024-03-28,4,54.125
2024-03-28,5,68.0
2024-03-28,6,62.0
2024-03-29,1,41.15
2024-03-29,2,45.85
2024-03-29,3,72.65
2024-03-29,4,53.3375
2024-03-29,5,71.875
2024-03-29,6,71.0
2024-03-30,1,60.05
2024-03-30,2,60.225
2024-03-30,3,70.375
2024-03-30,4,62.5
2024-03-30,5,77.35
2024-03-30,6,77.4
2024-03-31,1,73.2
2024-03-31,2,63.9
2024-03-31,3,64.775
2024-03-31,4,59.95
2024-03-31,5,58.35
2024-03-31,6,73.625
2024-04-01,1,56.2
2024-04-01,2,53.475
2024-04-01,3,66.3
2024-04-01,4,68.3
2024-04-01,5,63.1
2024-04-01,6,80.29
2024-04-02,1,59.975
2024-04-02,2,56.875
2024-04-02,3,74.6375
2024-04-02,4,70.3375
2024-04-02,5,69.5575
2024-04-02,6,78.545
2024-04-03,1,53.35
2024-04-03,2,47.05
2024-04-03,3,71.575
2024-04-03,4,62.275000000000006
2024-04-03,5,60.5625
2024-04-03,6,71.175
2024-04-04,1,49.375
2024-04-04,2,50.8
2024-04-04,3,73.775
2024-04-04,4,61.625
2024-04-04,5,64.15
2024-04-04,6,71.1
2024-04-05,1,42.175
2024-04-05,2,23.5
2024-04-05,3,61.325
2024-04-05,4,39.15
2024-04-05,5,29.35
2024-04-05,6,59.375
2024-04-06,1,26.549999999999997
2024-04-06,2,6.2
2024-04-06,3,2.35
2024-04-06,4,-10.524999999999999
2024-04-06,5,-2.4000000000000004
2024-04-06,6,30.425
2024-04-07,1,1.625
2024-04-07,2,-3.5
2024-04-07,3,-3.2750000000000004
2024-04-07,4,-6.9
2024-04-07,5,3.925
2024-04-07,6,46.175
2024-04-08,1,24.275
2024-04-08,2,40.125
2024-04-08,3,71.7
2024-04-08,4,62.675
2024-04-08,5,70.1875
2024-04-08,6,79.075
2024-04-09,1,58.85
2024-04-09,2,45.2
2024-04-09,3,70.625
2024-04-09,4,50.425
2024-04-09,5,33.599999999999994
2024-04-09,6,62.8
2024-04-10,1,29.799999999999997
2024-04-10,2,41.5
2024-04-10,3,75.4
2024-04-10,4,60.85
2024-04-10,5,45.75
2024-04-10,6,63.2
2024-04-11,1,11.9
2024-04-11,2,3.125
2024-04-11,3,60.474999999999994
2024-04-11,4,59.175
2024-04-11,5,62.025000000000006
2024-04-11,6,75.75
2024-04-12,1,25.7
2024-04-12,2,11.375
2024-04-12,3,59.425
2024-04-12,4,14.4
2024-04-12,5,18.975
2024-04-12,6,60.45
2024-04-13,1,12.15
2024-04-13,2,13.75
2024-04-13,3,29.5
2024-04-13,4,-7.699999999999999
2024-04-13,5,-6.15
2024-04-13,6,29.45
2024-04-14,1,2.025
2024-04-14,2,0.9875
2024-04-14,3,9.025
2024-04-14,4,16.175
2024-04-14,5,27.75
2024-04-14,6,69.45
2024-04-15,1,14.3625
2024-04-15,2,1.4000000000000001
2024-04-15,3,51.9
2024-04-15,4,19.625
2024-04-15,5,18.65
2024-04-15,6,61.099999999999994
2024-04-16,1,1.3250000000000002
2024-04-16,2,-1.725
2024-04-16,3,51.175
2024-04-16,4,27.15
2024-04-16,5,43.9
2024-04-16,6,84.8
2024-04-17,1,58.425
2024-04-17,2,50.7
2024-04-17,3,79.65
2024-04-17,4,66.175
2024-04-17,5,72.2
2024-04-17,6,92.45
2024-04-18,1,73.95
2024-04-18,2,73.7
2024-04-18,3,89.85
2024-04-18,4,66.425
2024-04-18,5,64.2875
2024-04-18,6,79.725
2024-04-19,1,41.4
2024-04-19,2,17.575000000000003
2024-04-19,3,62.575
2024-04-19,4,32.325
2024-04-19,5,32.975
2024-04-19,6,77.125
2024-04-20,1,58.3375
2024-04-20,2,53.675
2024-04-20,3,75.7
2024-04-20,4,66.975
2024-04-20,5,63.95
2024-04-20,6,87.19749999999999
2024-04-21,1,69.125
2024-04-21,2,59.85
2024-04-21,3,61.75
2024-04-21,4,70.325
2024-04-21,5,71.825
2024-04-21,6,88.35
2024-04-22,1,69.05000000000001
2024-04-22,2,67.8
2024-04-22,3,88.65
2024-04-22,4,69.925
2024-04-22,5,73.85249999999999
2024-04-22,6,88.7175
2024-04-23,1,67.775
2024-04-23,2,67.3375
2024-04-23,3,88.85
2024-04-23,4,65.35
2024-04-23,5,65.85
2024-04-23,6,86.45
2024-04-24,1,62.6875
2024-04-24,2,59.525
2024-04-24,3,82.625
2024-04-24,4,63.875
2024-04-24,5,65.7
2024-04-24,6,85.6125
2024-04-25,1,69.7
2024-04-25,2,66.125
2024-04-25,3,85.8375
2024-04-25,4,64.475
2024-04-25,5,71.725
2024-04-25,6,94.675
2024-04-26,1,69.075
2024-04-26,2,67.65
2024-04-26,3,88.3
2024-04-26,4,71.95
2024-04-26,5,73.125
2024-04-26,6,92.7125
2024-04-27,1,73.7625
2024-04-27,2,67.625
2024-04-27,3,72.975
2024-04-27,4,73.425
2024-04-27,5,69.6625
2024-04-27,6,79.7875
2024-04-28,1,60.775
2024-04-28,2,44.1
2024-04-28,3,56.875
2024-04-28,4,67.8
2024-04-28,5,55.947500000000005
2024-04-28,6,80.975
2024-04-29,1,58.1
2024-04-29,2,56.55
2024-04-29,3,77.05000000000001
2024-04-29,4,54.275
2024-04-29,5,59.05
2024-04-29,6,86.15
2024-04-30,1,59.925
2024-04-30,2,59.475
2024-04-30,3,78.42500000000001
2024-04-30,4,50.7
2024-04-30,5,55.5625
2024-04-30,6,83.6625
2024-05-01,1,62.025
2024-05-01,2,60.85
2024-05-01,3,79.8
2024-05-01,4,68.325
2024-05-01,5,66.8
2024-05-01,6,78.45
2024-05-02,1,59.175
2024-05-02,2,49.025
2024-05-02,3,77.625
2024-05-02,4,60.3125
2024-05-02,5,56.2
2024-05-02,6,77.875
2024-05-03,1,62.075
2024-05-03,2,57.4
2024-05-03,3,78.325
2024-05-03,4,71.475
2024-05-03,5,65.4875
2024-05-03,6,79.0
2024-05-04,1,67.825
2024-05-04,2,64.9125
2024-05-04,3,74.17500000000001
2024-05-04,4,74.025
2024-05-04,5,65.275
2024-05-04,6,88.35
2024-05-05,1,77.7
2024-05-05,2,70.85
2024-05-05,3,73.15
2024-05-05,4,76.85
2024-05-05,5,72.7
2024-05-05,6,91.275
2024-05-06,1,72.25
2024-05-06,2,70.85
2024-05-06,3,81.575
2024-05-06,4,72.1875
2024-05-06,5,74.9
2024-05-06,6,90.9
2024-05-07,1,69.975
2024-05-07,2,68.225
2024-05-07,3,88.925
2024-05-07,4,67.8125
2024-05-07,5,69.5375
2024-05-07,6,91.1
2024-05-08,1,73.575
2024-05-08,2,71.2
2024-05-08,3,90.4
2024-05-08,4,67.0375
2024-05-08,5,71.425
2024-05-08,6,90.425
2024-05-09,1,69.6
2024-05-09,2,63.175
2024-05-09,3,79.375
2024-05-09,4,67.075
2024-05-09,5,69.4
2024-05-09,6,90.975
2024-05-10,1,73.375
2024-05-10,2,67.65
2024-05-10,3,84.1375
2024-05-10,4,68.4
2024-05-10,5,68.075
2024-05-10,6,89.0375
2024-05-11,1,75.4875
2024-05-11,2,69.375
2024-05-11,3,72.125
2024-05-11,4,60.5
2024-05-11,5,52.1
2024-05-11,6,84.05
2024-05-12,1,58.375
2024-05-12,2,39.375
2024-05-12,3,38.6
2024-05-12,4,38.125
2024-05-12,5,50.125
2024-05-12,6,82.0
2024-05-13,1,62.224999999999994
2024-05-13,2,57.8
2024-05-13,3,82.15
2024-05-13,4,70.375
2024-05-13,5,61.45
2024-05-13,6,82.25
2024-05-14,1,54.15
2024-05-14,2,41.6
2024-05-14,3,74.05
2024-05-14,4,67.8
2024-05-14,5,64.8625
2024-05-14,6,84.02250000000001
2024-05-15,1,65.6875
2024-05-15,2,60.125
2024-05-15,3,80.225
2024-05-15,4,69.725
2024-05-15,5,63.75
2024-05-15,6,87.05
2024-05-16,1,70.275
2024-05-16,2,66.225
2024-05-16,3,81.5
2024-05-16,4,70.2
2024-05-16,5,68.85
2024-05-16,6,85.0
2024-05-17,1,67.65
2024-05-17,2,65.225
2024-05-17,3,81.675
2024-05-17,4,67.5
2024-05-17,5,70.3625
2024-05-17,6,88.6
2024-05-18,1,74.3875
2024-05-18,2,63.8675
2024-05-18,3,73.275
2024-05-18,4,73.7
2024-05-18,5,64.75
2024-05-18,6,85.925
2024-05-19,1,77.5
2024-05-19,2,69.85
2024-05-19,3,72.8
2024-05-19,4,65.1875
2024-05-19,5,61.35
2024-05-19,6,86.75
2024-05-20,1,71.35
2024-05-20,2,64.15
2024-05-20,3,86.825
2024-05-20,4,69.605
2024-05-20,5,67.2925
2024-05-20,6,91.075
2024-05-21,1,70.9
2024-05-21,2,67.45
2024-05-21,3,86.575
2024-05-21,4,76.775
2024-05-21,5,76.8
2024-05-21,6,93.5125
2024-05-22,1,77.35
2024-05-22,2,66.925
2024-05-22,3,86.6875
2024-05-22,4,80.025
2024-05-22,5,69.2
2024-05-22,6,80.8375
2024-05-23,1,47.15
2024-05-23,2,27.674999999999997
2024-05-23,3,73.875
2024-05-23,4,61.575
2024-05-23,5,70.875
2024-05-23,6,93.175
2024-05-24,1,78.575
2024-05-24,2,77.7
2024-05-24,3,94.85
2024-05-24,4,82.6675
2024-05-24,5,79.75
2024-05-24,6,99.4425
2024-05-25,1,85.8675
2024-05-25,2,78.75
2024-05-25,3,83.3
2024-05-25,4,71.825
2024-05-25,5,66.8
2024-05-25,6,96.225
2024-05-26,1,81.55
2024-05-26,2,73.025
2024-05-26,3,70.875
2024-05-26,4,73.55
2024-05-26,5,65.1375
2024-05-26,6,91.75
2024-05-27,1,72.55
2024-05-27,2,68.92500000000001
2024-05-27,3,86.325
2024-05-27,4,76.425
2024-05-27,5,76.5375
2024-05-27,6,98.85
2024-05-28,1,81.075
2024-05-28,2,73.57499999999999
2024-05-28,3,93.625
2024-05-28,4,81.975
2024-05-28,5,76.175
2024-05-28,6,91.075
2024-05-29,1,65.1
2024-05-29,2,55.675
2024-05-29,3,81.925
2024-05-29,4,78.475
2024-05-29,5,74.8
2024-05-29,6,96.8625
2024-05-30,1,75.175
2024-05-30,2,59.05
2024-05-30,3,78.725
2024-05-30,4,66.2
2024-05-30,5,58.95
2024-05-30,6,89.85
2024-05-31,1,60.375
2024-05-31,2,45.125
2024-05-31,3,76.8
2024-05-31,4,69.45
2024-05-31,5,59.6
2024-05-31,6,85.125
2024-06-01,1,63.3
2024-06-01,2,50.375
2024-06-01,3,54.525
2024-06-01,4,47.1
2024-06-01,5,42.975
2024-06-01,6,83.9
2024-06-02,1,72.5
2024-06-02,2,46.45
2024-06-02,3,50.9
2024-06-02,4,46.95
2024-06-02,5,51.05
2024-06-02,6,94.9625
2024-06-03,1,78.55
2024-06-03,2,68.05
2024-06-03,3,88.55
2024-06-03,4,81.9
2024-06-03,5,79.2
2024-06-03,6,103.625
2024-06-04,1,84.125
2024-06-04,2,76.65
2024-06-04,3,91.125
2024-06-04,4,50.625
2024-06-04,5,50.875
2024-06-04,6,90.7
2024-06-05,1,56.55
2024-06-05,2,43.45
2024-06-05,3,81.05
2024-06-05,4,53.25
2024-06-05,5,50.974999999999994
2024-06-05,6,102.675
2024-06-06,1,76.0125
2024-06-06,2,68.0
2024-06-06,3,92.85
2024-06-06,4,69.525
2024-06-06,5,68.075
2024-06-06,6,101.575
2024-06-07,1,80.95
2024-06-07,2,70.05
2024-06-07,3,80.825
2024-06-07,4,42.825
2024-06-07,5,39.587500000000006
2024-06-07,6,91.925
2024-06-08,1,66.8
2024-06-08,2,37.4125
2024-06-08,3,23.4875
2024-06-08,4,-1.4375
2024-06-08,5,11.450000000000001
2024-06-08,6,84.1
2024-06-09,1,49.5625
2024-06-09,2,11.6
2024-06-09,3,-3.325
2024-06-09,4,-5.25
2024-06-09,5,37.125
2024-06-09,6,93.475
2024-06-10,1,73.125
2024-06-10,2,59.075
2024-06-10,3,88.375
2024-06-10,4,60.75
2024-06-10,5,52.525
2024-06-10,6,92.325
2024-06-11,1,63.724999999999994
2024-06-11,2,50.7
2024-06-11,3,80.525
2024-06-11,4,74.525
2024-06-11,5,74.125
2024-06-11,6,97.375
2024-06-12,1,74.9125
2024-06-12,2,71.0625
2024-06-12,3,84.92500000000001
2024-06-12,4,84.875
2024-06-12,5,83.19999999999999
2024-06-12,6,106.5375
2024-06-13,1,83.525
2024-06-13,2,74.65
2024-06-13,3,91.775
2024-06-13,4,77.775
2024-06-13,5,70.0
2024-06-13,6,90.1875
2024-06-14,1,51.175
2024-06-14,2,40.4
2024-06-14,3,84.1
2024-06-14,4,76.975
2024-06-14,5,70.25
2024-06-14,6,98.4
2024-06-15,1,80.4
2024-06-15,2,60.925
2024-06-15,3,77.2
2024-06-15,4,63.725
2024-06-15,5,59.825
2024-06-15,6,92.35
2024-06-16,1,75.725
2024-06-16,2,47.6
2024-06-16,3,56.75
2024-06-16,4,78.0
2024-06-16,5,69.7
2024-06-16,6,97.7125
2024-06-17,1,75.95
2024-06-17,2,69.8375
2024-06-17,3,91.0
2024-06-17,4,79.475
2024-06-17,5,81.55
2024-06-17,6,109.25
2024-06-18,1,81.325
2024-06-18,2,76.175
2024-06-18,3,94.325
2024-06-18,4,82.875
2024-06-18,5,78.7
2024-06-18,6,100.625
2024-06-19,1,75.6375
2024-06-19,2,71.175
2024-06-19,3,93.05
2024-06-19,4,81.5
2024-06-19,5,75.075
2024-06-19,6,93.875
2024-06-20,1,76.5
2024-06-20,2,73.05
2024-06-20,3,95.8875
2024-06-20,4,77.075
2024-06-20,5,73.75
2024-06-20,6,103.35
2024-06-21,1,79.575
2024-06-21,2,74.15
2024-06-21,3,95.3275
2024-06-21,4,69.9
2024-06-21,5,69.8
2024-06-21,6,94.1
2024-06-22,1,75.875
2024-06-22,2,65.525
2024-06-22,3,84.05
2024-06-22,4,81.5
2024-06-22,5,66.425
2024-06-22,6,92.75
2024-06-23,1,73.1
2024-06-23,2,63.75
2024-06-23,3,70.0
2024-06-23,4,83.9
2024-06-23,5,78.975
2024-06-23,6,96.3125
2024-06-24,1,78.44
2024-06-24,2,74.975
2024-06-24,3,89.575
2024-06-24,4,79.9125
2024-06-24,5,75.5125
2024-06-24,6,100.525
2024-06-25,1,74.475
2024-06-25,2,73.725
2024-06-25,3,89.775
2024-06-25,4,72.875
2024-06-25,5,77.2
2024-06-25,6,103.125
2024-06-26,1,82.19749999999999
2024-06-26,2,73.77
2024-06-26,3,99.3
2024-06-26,4,72.6875
2024-06-26,5,75.9525
2024-06-26,6,102.375
2024-06-27,1,77.8875
2024-06-27,2,63.9675
2024-06-27,3,80.7125
2024-06-27,4,32.55
2024-06-27,5,35.775
2024-06-27,6,84.0
2024-06-28,1,41.725
2024-06-28,2,19.2
2024-06-28,3,42.5225
2024-06-28,4,4.45
2024-06-28,5,23.3925
2024-06-28,6,91.625
2024-06-29,1,81.225
2024-06-29,2,70.28
2024-06-29,3,74.375
2024-06-29,4,69.02250000000001
2024-06-29,5,63.3475
2024-06-29,6,94.4
2024-06-30,1,81.6
2024-06-30,2,63.800000000000004
2024-06-30,3,56.269999999999996
2024-06-30,4,80.7775
2024-06-30,5,79.5975
2024-06-30,6,94.225
2024-07-01,1,78.325
2024-07-01,2,71.725
2024-07-01,3,89.75999999999999
2024-07-01,4,78.64750000000001
2024-07-01,5,69.9375
2024-07-01,6,88.25
2024-07-02,1,64.9625
2024-07-02,2,53.7875
2024-07-02,3,81.775
2024-07-02,4,80.425
2024-07-02,5,79.5225
2024-07-02,6,97.0775
2024-07-03,1,76.1375
2024-07-03,2,56.364999999999995
2024-07-03,3,86.2925
2024-07-03,4,75.7875
2024-07-03,5,62.6025
2024-07-03,6,74.175
2024-07-04,1,18.5
2024-07-04,2,-1.2750000000000001
2024-07-04,3,21.575
2024-07-04,4,-3.325
2024-07-04,5,2.535
2024-07-04,6,50.165
2024-07-05,1,23.3625
2024-07-05,2,10.1225
2024-07-05,3,62.7525
2024-07-05,4,78.2375
2024-07-05,5,80.775
2024-07-05,6,92.05
2024-07-06,1,78.775
2024-07-06,2,45.9675
2024-07-06,3,55.1475
2024-07-06,4,21.5275
2024-07-06,5,8.1825
2024-07-06,6,73.7025
2024-07-07,1,54.9875
2024-07-07,2,29.002499999999998
2024-07-07,3,43.81
2024-07-07,4,73.945
2024-07-07,5,71.2375
2024-07-07,6,89.875
2024-07-08,1,75.575
2024-07-08,2,71.9975
2024-07-08,3,85.68
2024-07-08,4,85.3675
2024-07-08,5,86.3225
2024-07-08,6,105.445
2024-07-09,1,75.375
2024-07-09,2,60.0275
2024-07-09,3,77.95
2024-07-09,4,73.6625
2024-07-09,5,75.085
2024-07-09,6,89.775
2024-07-10,1,65.91
2024-07-10,2,47.85
2024-07-10,3,78.0575
2024-07-10,4,60.2325
2024-07-10,5,58.260000000000005
2024-07-10,6,88.4725
2024-07-11,1,69.75
2024-07-11,2,62.525
2024-07-11,3,83.6
2024-07-11,4,69.275
2024-07-11,5,65.875
2024-07-11,6,91.2
2024-07-12,1,74.275
2024-07-12,2,63.3275
2024-07-12,3,78.215
2024-07-12,4,71.32
2024-07-12,5,66.0
2024-07-12,6,81.3375
2024-07-13,1,68.2325
2024-07-13,2,49.5925
2024-07-13,3,69.2875
2024-07-13,4,73.0875
2024-07-13,5,62.5
2024-07-13,6,80.9475
2024-07-14,1,62.2025
2024-07-14,2,36.045
2024-07-14,3,37.3725
2024-07-14,4,68.715
2024-07-14,5,67.9075
2024-07-14,6,83.7875
2024-07-15,1,69.035
2024-07-15,2,64.4175
2024-07-15,3,79.1125
2024-07-15,4,78.1
2024-07-15,5,74.825
2024-07-15,6,92.275
2024-07-16,1,70.35
2024-07-16,2,54.7525
2024-07-16,3,77.9825
2024-07-16,4,71.38
2024-07-16,5,63.2575
2024-07-16,6,85.575
2024-07-17,1,72.425
2024-07-17,2,63.2625
2024-07-17,3,80.175
2024-07-17,4,68.775
2024-07-17,5,67.875
2024-07-17,6,95.5
2024-07-18,1,74.52250000000001
2024-07-18,2,65.7625
2024-07-18,3,83.68
2024-07-18,4,64.775
2024-07-18,5,71.725
2024-07-18,6,100.75
2024-07-19,1,77.35
2024-07-19,2,66.875
2024-07-19,3,82.185
2024-07-19,4,62.1575
2024-07-19,5,63.925
2024-07-19,6,91.575
2024-07-20,1,72.7
2024-07-20,2,63.7725
2024-07-20,3,73.325
2024-07-20,4,76.3625
2024-07-20,5,71.875
2024-07-20,6,89.4075
2024-07-21,1,70.675
2024-07-21,2,55.38
2024-07-21,3,59.3125
2024-07-21,4,74.125
2024-07-21,5,68.5675
2024-07-21,6,87.8725
2024-07-22,1,72.68
2024-07-22,2,63.0
2024-07-22,3,80.6525
2024-07-22,4,67.75
2024-07-22,5,60.3475
2024-07-22,6,90.95
2024-07-23,1,68.575
2024-07-23,2,63.845
2024-07-23,3,82.56
2024-07-23,4,67.795
2024-07-23,5,62.35
2024-07-23,6,93.9175
2024-07-24,1,75.775
2024-07-24,2,66.14750000000001
2024-07-24,3,85.725
2024-07-24,4,74.3325
2024-07-24,5,65.65
2024-07-24,6,85.77250000000001
2024-07-25,1,63.17
2024-07-25,2,58.05
2024-07-25,3,77.975
2024-07-25,4,73.05
2024-07-25,5,68.5175
2024-07-25,6,88.025
2024-07-26,1,67.64750000000001
2024-07-26,2,61.6025
2024-07-26,3,80.695
2024-07-26,4,71.525
2024-07-26,5,67.65
2024-07-26,6,89.8375
2024-07-27,1,75.0925
2024-07-27,2,69.3075
2024-07-27,3,73.1625
2024-07-27,4,71.075
2024-07-27,5,68.775
2024-07-27,6,90.4975
2024-07-28,1,77.84
2024-07-28,2,64.265
2024-07-28,3,63.985
2024-07-28,4,63.54
2024-07-28,5,65.4
2024-07-28,6,85.1
2024-07-29,1,70.4
2024-07-29,2,63.45
2024-07-29,3,79.5075
2024-07-29,4,68.95
2024-07-29,5,67.25
2024-07-29,6,98.6875
2024-07-30,1,70.775
2024-07-30,2,67.925
2024-07-30,3,83.5075
2024-07-30,4,67.775
2024-07-30,5,69.2675
2024-07-30,6,97.4
2024-07-31,1,74.0825
2024-07-31,2,68.1675
2024-07-31,3,85.125
2024-07-31,4,71.8925
2024-07-31,5,74.325
2024-07-31,6,97.5375
2024-08-01,1,75.99
2024-08-01,2,70.05
2024-08-01,3,89.66499999999999
2024-08-01,4,77.3625
2024-08-01,5,76.8925
2024-08-01,6,100.01
2024-08-02,1,81.85
2024-08-02,2,69.025
2024-08-02,3,83.75
2024-08-02,4,63.08
2024-08-02,5,59.4375
2024-08-02,6,90.135
2024-08-03,1,78.6675
2024-08-03,2,71.695
2024-08-03,3,82.8
2024-08-03,4,81.095
2024-08-03,5,68.065
2024-08-03,6,92.625
2024-08-04,1,81.2225
2024-08-04,2,70.49
2024-08-04,3,76.335
2024-08-04,4,75.8275
2024-08-04,5,55.0575
2024-08-04,6,81.45
2024-08-05,1,47.9525
2024-08-05,2,36.1
2024-08-05,3,68.47749999999999
2024-08-05,4,56.39
2024-08-05,5,62.55
2024-08-05,6,92.4625
2024-08-06,1,68.6625
2024-08-06,2,59.97
2024-08-06,3,86.725
2024-08-06,4,71.31
2024-08-06,5,58.195
2024-08-06,6,89.625
2024-08-07,1,68.0975
2024-08-07,2,45.0875
2024-08-07,3,56.545
2024-08-07,4,26.95
2024-08-07,5,37.2675
2024-08-07,6,85.85
2024-08-08,1,54.975
2024-08-08,2,40.447500000000005
2024-08-08,3,77.685
2024-08-08,4,79.53999999999999
2024-08-08,5,66.15
2024-08-08,6,73.35
2024-08-09,1,16.525
2024-08-09,2,-6.275
2024-08-09,3,16.9875
2024-08-09,4,-2.375
2024-08-09,5,4.25
2024-08-09,6,67.7375
2024-08-10,1,37.0
2024-08-10,2,14.7
2024-08-10,3,17.8
2024-08-10,4,8.61
2024-08-10,5,18.525
2024-08-10,6,87.82
2024-08-11,1,76.775
2024-08-11,2,64.2
2024-08-11,3,72.25
2024-08-11,4,74.675
2024-08-11,5,67.4525
2024-08-11,6,80.1225
2024-08-12,1,38.45
2024-08-12,2,10.175
2024-08-12,3,37.03
2024-08-12,4,30.472500000000004
2024-08-12,5,67.1
2024-08-12,6,98.495
2024-08-13,1,74.175
2024-08-13,2,64.1
2024-08-13,3,82.55
2024-08-13,4,46.4675
2024-08-13,5,68.7175
2024-08-13,6,97.6575
2024-08-14,1,75.795
2024-08-14,2,68.925
2024-08-14,3,94.485
2024-08-14,4,78.89
2024-08-14,5,73.665
2024-08-14,6,93.56
2024-08-15,1,66.175
2024-08-15,2,36.900000000000006
2024-08-15,3,58.025
2024-08-15,4,26.4175
2024-08-15,5,37.095
2024-08-15,6,88.33
2024-08-16,1,66.7675
2024-08-16,2,57.625
2024-08-16,3,84.0025
2024-08-16,4,50.56
2024-08-16,5,56.28
2024-08-16,6,90.45
2024-08-17,1,72.97
2024-08-17,2,64.85
2024-08-17,3,70.815
2024-08-17,4,34.3
2024-08-17,5,50.97
2024-08-17,6,89.8625
2024-08-18,1,75.075
2024-08-18,2,55.325
2024-08-18,3,40.4525
2024-08-18,4,10.6825
2024-08-18,5,23.875
2024-08-18,6,89.75
2024-08-19,1,77.14750000000001
2024-08-19,2,73.225
2024-08-19,3,87.9
2024-08-19,4,59.505
2024-08-19,5,67.725
2024-08-19,6,90.5
2024-08-20,1,52.1425
2024-08-20,2,38.125
2024-08-20,3,77.5075
2024-08-20,4,37.175
2024-08-20,5,42.85
2024-08-20,6,85.2775
2024-08-21,1,37.5275
2024-08-21,2,18.6525
2024-08-21,3,50.215
2024-08-21,4,4.775
2024-08-21,5,24.5
2024-08-21,6,84.95
2024-08-22,1,28.05
2024-08-22,2,2.2750000000000004
2024-08-22,3,27.974999999999998
2024-08-22,4,-1.5025
2024-08-22,5,20.65
2024-08-22,6,95.25999999999999
2024-08-23,1,57.07
2024-08-23,2,21.0
2024-08-23,3,24.225
2024-08-23,4,-11.45
2024-08-23,5,7.7
2024-08-23,6,93.7125
2024-08-24,1,63.084999999999994
2024-08-24,2,53.985
2024-08-24,3,73.5
2024-08-24,4,77.95
2024-08-24,5,26.875
2024-08-24,6,68.0875
2024-08-25,1,17.825
2024-08-25,2,-2.975
2024-08-25,3,-4.4925
2024-08-25,4,-13.925
2024-08-25,5,1.9500000000000002
2024-08-25,6,72.05
2024-08-26,1,38.8
2024-08-26,2,23.625
2024-08-26,3,55.95
2024-08-26,4,31.8
2024-08-26,5,62.4375
2024-08-26,6,98.9875
2024-08-27,1,67.03999999999999
2024-08-27,2,35.650000000000006
2024-08-27,3,65.125
2024-08-27,4,27.625
2024-08-27,5,60.905
2024-08-27,6,97.05
2024-08-28,1,75.35
2024-08-28,2,74.725
2024-08-28,3,90.925
2024-08-28,4,73.595
2024-08-28,5,73.4875
2024-08-28,6,102.4925
2024-08-29,1,79.8125
2024-08-29,2,78.05499999999999
2024-08-29,3,96.98
2024-08-29,4,57.775
2024-08-29,5,78.72
2024-08-29,6,106.47
2024-08-30,1,84.4525
2024-08-30,2,79.2125
2024-08-30,3,101.4875
2024-08-30,4,74.1
2024-08-30,5,86.8625
2024-08-30,6,104.705
2024-08-31,1,86.755
2024-08-31,2,76.2925
2024-08-31,3,73.875
2024-08-31,4,26.9
2024-08-31,5,44.325
2024-08-31,6,93.7825
2024-09-01,1,63.1
2024-09-01,2,38.55
2024-09-01,3,31.225
2024-09-01,4,13.0
2024-09-01,5,46.29
2024-09-01,6,99.15
2024-09-02,1,79.515
2024-09-02,2,78.8625
2024-09-02,3,101.4625
2024-09-02,4,84.3
2024-09-02,5,88.525
2024-09-02,6,108.8225
2024-09-03,1,80.5125
2024-09-03,2,82.92
2024-09-03,3,108.5625
2024-09-03,4,79.78999999999999
2024-09-03,5,90.05
2024-09-03,6,117.7125
2024-09-04,1,86.65
2024-09-04,2,80.48
2024-09-04,3,103.405
2024-09-04,4,81.975
2024-09-04,5,90.4875
2024-09-04,6,110.7875
2024-09-05,1,80.0225
2024-09-05,2,67.9
2024-09-05,3,89.6075
2024-09-05,4,75.62
2024-09-05,5,71.1875
2024-09-05,6,89.925
2024-09-06,1,52.8825
2024-09-06,2,51.4375
2024-09-06,3,84.925
2024-09-06,4,75.0625
2024-09-06,5,76.675
2024-09-06,6,95.7375
2024-09-07,1,81.225
2024-09-07,2,74.275
2024-09-07,3,84.58
2024-09-07,4,85.085
2024-09-07,5,79.94
2024-09-07,6,94.92
2024-09-08,1,82.64750000000001
2024-09-08,2,67.055
2024-09-08,3,71.7025
2024-09-08,4,84.2975
2024-09-08,5,70.55
2024-09-08,6,94.18
2024-09-09,1,71.61
2024-09-09,2,64.45750000000001
2024-09-09,3,96.83
2024-09-09,4,75.245
2024-09-09,5,74.235
2024-09-09,6,94.92999999999999
2024-09-10,1,38.9875
2024-09-10,2,9.475
2024-09-10,3,43.075
2024-09-10,4,7.245
2024-09-10,5,28.205000000000002
2024-09-10,6,88.1125
2024-09-11,1,25.7425
2024-09-11,2,15.1575
2024-09-11,3,71.25
2024-09-11,4,27.725
2024-09-11,5,53.25
2024-09-11,6,101.6
2024-09-12,1,63.8625
2024-09-12,2,61.65
2024-09-12,3,93.9325
2024-09-12,4,65.405
2024-09-12,5,79.4425
2024-09-12,6,101.95
2024-09-13,1,77.85
2024-09-13,2,74.33
2024-09-13,3,95.24000000000001
2024-09-13,4,73.46
2024-09-13,5,81.57499999999999
2024-09-13,6,100.45
2024-09-14,1,80.85
2024-09-14,2,65.025
2024-09-14,3,71.0525
2024-09-14,4,30.5225
2024-09-14,5,42.685
2024-09-14,6,87.4
2024-09-15,1,60.3
2024-09-15,2,57.55
2024-09-15,3,64.2025
2024-09-15,4,69.3525
2024-09-15,5,72.4625
2024-09-15,6,96.775
2024-09-16,1,75.8625
2024-09-16,2,75.125
2024-09-16,3,105.425
2024-09-16,4,76.47749999999999
2024-09-16,5,79.4625
2024-09-16,6,99.0
2024-09-17,1,74.675
2024-09-17,2,72.4675
2024-09-17,3,96.73
2024-09-17,4,71.55
2024-09-17,5,75.4375
2024-09-17,6,93.8375
2024-09-18,1,72.8075
2024-09-18,2,72.0825
2024-09-18,3,92.7225
2024-09-18,4,68.38
2024-09-18,5,74.27000000000001
2024-09-18,6,90.495
2024-09-19,1,69.5775
2024-09-19,2,72.59
2024-09-19,3,94.425
2024-09-19,4,71.5175
2024-09-19,5,75.6875
2024-09-19,6,91.135
2024-09-20,1,74.7475
2024-09-20,2,73.505
2024-09-20,3,92.655
2024-09-20,4,74.0975
2024-09-20,5,75.5525
2024-09-20,6,89.76
2024-09-21,1,68.6325
2024-09-21,2,68.57249999999999
2024-09-21,3,80.775
2024-09-21,4,72.8325
2024-09-21,5,73.0425
2024-09-21,6,86.6175
2024-09-22,1,77.56
2024-09-22,2,73.97
2024-09-22,3,77.65
2024-09-22,4,82.1425
2024-09-22,5,79.785
2024-09-22,6,93.7625
2024-09-23,1,72.9925
2024-09-23,2,75.82
2024-09-23,3,100.125
2024-09-23,4,80.57
2024-09-23,5,93.53999999999999
2024-09-23,6,110.425
2024-09-24,1,74.6
2024-09-24,2,73.675
2024-09-24,3,93.9825
2024-09-24,4,70.65
2024-09-24,5,81.735
2024-09-24,6,94.25
2024-09-25,1,69.57499999999999
2024-09-25,2,72.6975
2024-09-25,3,91.89
2024-09-25,4,83.9
2024-09-25,5,93.6
2024-09-25,6,98.1
2024-09-26,1,66.7
2024-09-26,2,56.475
2024-09-26,3,89.3975
2024-09-26,4,74.47
2024-09-26,5,75.6075
2024-09-26,6,86.35249999999999
2024-09-27,1,24.6
2024-09-27,2,0.6499999999999999
2024-09-27,3,71.64750000000001
2024-09-27,4,70.55
2024-09-27,5,60.3
2024-09-27,6,91.5575
2024-09-28,1,53.95
2024-09-28,2,53.79
2024-09-28,3,88.77
2024-09-28,4,79.825
2024-09-28,5,83.02
2024-09-28,6,99.785
2024-09-29,1,92.6
2024-09-29,2,85.565
2024-09-29,3,91.61
2024-09-29,4,88.9575
2024-09-29,5,76.7
2024-09-29,6,84.15
2024-09-30,1,21.05
2024-09-30,2,21.8625
2024-09-30,3,79.5
2024-09-30,4,86.41
2024-09-30,5,86.69
2024-09-30,6,94.15
2024-10-01,1,52.725
2024-10-01,2,26.05
2024-10-01,3,88.45
2024-10-01,4,78.825
2024-10-01,5,87.65
2024-10-01,6,97.4525
2024-10-02,1,70.05
2024-10-02,2,68.55
2024-10-02,3,96.2625
2024-10-02,4,75.2625
2024-10-02,5,85.325
2024-10-02,6,98.1325
2024-10-03,1,75.8825
2024-10-03,2,75.4225
2024-10-03,3,99.62
2024-10-03,4,79.1975
2024-10-03,5,91.325
2024-10-03,6,104.175
2024-10-04,1,78.675
2024-10-04,2,72.825
2024-10-04,3,99.7
2024-10-04,4,70.7575
2024-10-04,5,84.3375
2024-10-04,6,96.93
2024-10-05,1,79.425
2024-10-05,2,73.1
2024-10-05,3,92.125
2024-10-05,4,53.875
2024-10-05,5,70.45
2024-10-05,6,90.925
2024-10-06,1,45.325
2024-10-06,2,27.675
2024-10-06,3,46.9625
2024-10-06,4,79.825
2024-10-06,5,91.3175
2024-10-06,6,99.405
2024-10-07,1,71.685
2024-10-07,2,68.1
2024-10-07,3,96.52
2024-10-07,4,85.355
2024-10-07,5,97.325
2024-10-07,6,114.865
2024-10-08,1,85.725
2024-10-08,2,76.825
2024-10-08,3,99.8125
2024-10-08,4,83.70750000000001
2024-10-08,5,92.16
2024-10-08,6,97.39750000000001
2024-10-09,1,69.645
2024-10-09,2,58.875
2024-10-09,3,96.0825
2024-10-09,4,84.98
2024-10-09,5,87.4475
2024-10-09,6,92.75
2024-10-10,1,44.05
2024-10-10,2,33.075
2024-10-10,3,86.7625
2024-10-10,4,79.6875
2024-10-10,5,84.41499999999999
2024-10-10,6,98.14
2024-10-11,1,81.8375
2024-10-11,2,74.33
2024-10-11,3,103.135
2024-10-11,4,78.615
2024-10-11,5,88.6
2024-10-11,6,100.4
2024-10-12,1,84.025
2024-10-12,2,74.8275
2024-10-12,3,93.7375
2024-10-12,4,71.375
2024-10-12,5,62.95
2024-10-12,6,81.675
2024-10-13,1,7.75
2024-10-13,2,-0.42500000000000004
2024-10-13,3,71.0625
2024-10-13,4,93.725
2024-10-13,5,104.075
2024-10-13,6,116.0
2024-10-14,1,85.3375
2024-10-14,2,80.2375
2024-10-14,3,110.8875
2024-10-14,4,91.775
2024-10-14,5,119.1325
2024-10-14,6,126.125
2024-10-15,1,87.575
2024-10-15,2,79.125
2024-10-15,3,103.83500000000001
2024-10-15,4,77.71000000000001
2024-10-15,5,88.45
2024-10-15,6,91.51
2024-10-16,1,26.2375
2024-10-16,2,15.625
2024-10-16,3,80.5825
2024-10-16,4,86.97
2024-10-16,5,94.66499999999999
2024-10-16,6,98.5
2024-10-17,1,82.825
2024-10-17,2,68.975
2024-10-17,3,97.05
2024-10-17,4,83.525
2024-10-17,5,96.53999999999999
2024-10-17,6,107.3625
2024-10-18,1,82.7775
2024-10-18,2,78.95
2024-10-18,3,104.4725
2024-10-18,4,73.30000000000001
2024-10-18,5,89.775
2024-10-18,6,94.1
2024-10-19,1,74.7925
2024-10-19,2,73.58500000000001
2024-10-19,3,89.0
2024-10-19,4,85.9625
2024-10-19,5,88.35
2024-10-19,6,97.575
2024-10-20,1,89.15
2024-10-20,2,42.8
2024-10-20,3,14.65
2024-10-20,4,17.8575
2024-10-20,5,35.475
2024-10-20,6,53.9
2024-10-21,1,-1.275
2024-10-21,2,1.7999999999999998
2024-10-21,3,79.625
2024-10-21,4,81.425
2024-10-21,5,92.325
2024-10-21,6,99.025
2024-10-22,1,70.0275
2024-10-22,2,67.9925
2024-10-22,3,100.45
2024-10-22,4,75.295
2024-10-22,5,97.28
2024-10-22,6,109.15
2024-10-23,1,86.7175
2024-10-23,2,76.97
2024-10-23,3,105.15
2024-10-23,4,79.4725
2024-10-23,5,97.53
2024-10-23,6,101.9375
2024-10-24,1,71.4875
2024-10-24,2,59.9
2024-10-24,3,99.28
2024-10-24,4,74.22
2024-10-24,5,93.375
2024-10-24,6,100.175
2024-10-25,1,81.225
2024-10-25,2,83.395
2024-10-25,3,107.3025
2024-10-25,4,95.175
2024-10-25,5,120.44
2024-10-25,6,116.7075
2024-10-26,1,92.8425
2024-10-26,2,82.445
2024-10-26,3,104.0925
2024-10-26,4,86.85
2024-10-26,5,88.8125
2024-10-26,6,99.3
2024-10-27,1,72.86666666666666
2024-10-27,2,67.6675
2024-10-27,3,87.2
2024-10-27,4,86.325
2024-10-27,5,110.4
2024-10-27,6,83.725
2024-10-28,1,72.59
2024-10-28,2,74.95
2024-10-28,3,101.21249999999999
2024-10-28,4,99.925
2024-10-28,5,134.6625
2024-10-28,6,97.325
2024-10-29,1,88.175
2024-10-29,2,90.825
2024-10-29,3,107.3175
2024-10-29,4,96.50999999999999
2024-10-29,5,162.55
2024-10-29,6,101.975
2024-10-30,1,87.425
2024-10-30,2,89.825
2024-10-30,3,105.925
2024-10-30,4,93.0
2024-10-30,5,155.5375
2024-10-30,6,94.7625
2024-10-31,1,87.64750000000001
2024-10-31,2,83.3525
2024-10-31,3,101.0
2024-10-31,4,83.3875
2024-10-31,5,110.5075
2024-10-31,6,89.075
2024-11-01,1,80.6675
2024-11-01,2,74.28999999999999
2024-11-01,3,91.8
2024-11-01,4,90.605
2024-11-01,5,111.2
2024-11-01,6,92.0375
2024-11-02,1,85.6375
2024-11-02,2,79.3625
2024-11-02,3,88.375
2024-11-02,4,84.875
2024-11-02,5,108.455
2024-11-02,6,90.275
2024-11-03,1,86.0
2024-11-03,2,77.0
2024-11-03,3,85.2
2024-11-03,4,90.175
2024-11-03,5,111.44999999999999
2024-11-03,6,90.95
2024-11-04,1,81.295
2024-11-04,2,87.645
2024-11-04,3,100.3
2024-11-04,4,93.425
2024-11-04,5,159.4775
2024-11-04,6,95.755
2024-11-05,1,81.825
2024-11-05,2,87.75
2024-11-05,3,100.725
2024-11-05,4,100.925
2024-11-05,5,200.0
2024-11-05,6,103.425
2024-11-06,1,84.125
2024-11-06,2,85.35
2024-11-06,3,107.475
2024-11-06,4,110.35
2024-11-06,5,220.5425
2024-11-06,6,103.025
2024-11-07,1,83.875
2024-11-07,2,84.435
2024-11-07,3,104.2375
2024-11-07,4,101.03
2024-11-07,5,144.0225
2024-11-07,6,95.0
2024-11-08,1,83.2425
2024-11-08,2,85.9075
2024-11-08,3,99.84
2024-11-08,4,95.975
2024-11-08,5,117.525
2024-11-08,6,94.1125
2024-11-09,1,91.525
2024-11-09,2,86.475
2024-11-09,3,97.2375
2024-11-09,4,99.28
2024-11-09,5,121.1875
2024-11-09,6,98.925
2024-11-10,1,91.54249999999999
2024-11-10,2,86.57
2024-11-10,3,90.05
2024-11-10,4,97.8375
2024-11-10,5,114.2
2024-11-10,6,94.8175
2024-11-11,1,84.7125
2024-11-11,2,83.03999999999999
2024-11-11,3,97.5625
2024-11-11,4,89.7875
2024-11-11,5,112.75
2024-11-11,6,92.53999999999999
2024-11-12,1,85.2
2024-11-12,2,89.2125
2024-11-12,3,107.1375
2024-11-12,4,110.64750000000001
2024-11-12,5,180.125
2024-11-12,6,106.18
2024-11-13,1,88.875
2024-11-13,2,94.95
2024-11-13,3,127.10000000000001
2024-11-13,4,115.8375
2024-11-13,5,150.0875
2024-11-13,6,101.1525
2024-11-14,1,87.0675
2024-11-14,2,90.945
2024-11-14,3,113.4
2024-11-14,4,109.225
2024-11-14,5,133.06
2024-11-14,6,105.3
2024-11-15,1,92.1625
2024-11-15,2,95.1175
2024-11-15,3,110.9125
2024-11-15,4,101.075
2024-11-15,5,112.5025
2024-11-15,6,94.21000000000001
2024-11-16,1,80.35
2024-11-16,2,74.3625
2024-11-16,3,94.4
2024-11-16,4,89.6
2024-11-16,5,106.4875
2024-11-16,6,89.4
2024-11-17,1,53.825
2024-11-17,2,35.1375
2024-11-17,3,79.1175
2024-11-17,4,95.55
2024-11-17,5,116.25
2024-11-17,6,96.8075
2024-11-18,1,85.95
2024-11-18,2,88.05
2024-11-18,3,103.325
2024-11-18,4,116.575
2024-11-18,5,141.2
2024-11-18,6,102.8875
2024-11-19,1,93.9675
2024-11-19,2,90.4225
2024-11-19,3,112.445
2024-11-19,4,104.85
2024-11-19,5,113.8
2024-11-19,6,95.5
2024-11-20,1,79.475
2024-11-20,2,82.525
2024-11-20,3,110.975
2024-11-20,4,95.2225
2024-11-20,5,117.8
2024-11-20,6,103.1
2024-11-21,1,88.63749999999999
2024-11-21,2,92.3575
2024-11-21,3,110.05
2024-11-21,4,105.97
2024-11-21,5,120.4875
2024-11-21,6,99.925
2024-11-22,1,90.275
2024-11-22,2,88.7025
2024-11-22,3,109.16499999999999
2024-11-22,4,102.975
2024-11-22,5,126.67750000000001
2024-11-22,6,111.0
2024-11-23,1,103.9
2024-11-23,2,84.5625
2024-11-23,3,87.625
2024-11-23,4,93.55
2024-11-23,5,110.7875
2024-11-23,6,64.04
2024-11-24,1,0.7000000000000001
2024-11-24,2,-6.025
2024-11-24,3,17.9625
2024-11-24,4,53.95
2024-11-24,5,85.425
2024-11-24,6,30.35
2024-11-25,1,5.975
2024-11-25,2,16.275
2024-11-25,3,93.825
2024-11-25,4,90.415
2024-11-25,5,108.15
2024-11-25,6,93.95
2024-11-26,1,70.9
2024-11-26,2,84.85
2024-11-26,3,106.37
2024-11-26,4,108.97749999999999
2024-11-26,5,172.0
2024-11-26,6,122.7625
2024-11-27,1,97.325
2024-11-27,2,96.05
2024-11-27,3,119.0
2024-11-27,4,103.175
2024-11-27,5,118.95
2024-11-27,6,103.0
2024-11-28,1,94.7775
2024-11-28,2,93.19749999999999
2024-11-28,3,120.9375
2024-11-28,4,99.435
2024-11-28,5,121.0
2024-11-28,6,101.8075
2024-11-29,1,92.9
2024-11-29,2,90.9
2024-11-29,3,110.925
2024-11-29,4,92.85499999999999
2024-11-29,5,115.72
2024-11-29,6,97.0
2024-11-30,1,80.5
2024-11-30,2,81.4875
2024-11-30,3,96.4225
2024-11-30,4,97.45
2024-11-30,5,112.14
2024-11-30,6,96.64999999999999
2024-12-01,1,81.85
2024-12-01,2,69.575
2024-12-01,3,84.97749999999999
2024-12-01,4,99.75
2024-12-01,5,115.825
2024-12-01,6,96.6875
2024-12-02,1,55.375
2024-12-02,2,65.925
2024-12-02,3,103.35
2024-12-02,4,101.65
2024-12-02,5,119.5
2024-12-02,6,96.85
2024-12-03,1,93.8375
2024-12-03,2,97.6125
2024-12-03,3,121.425
2024-12-03,4,114.625
2024-12-03,5,140.775
2024-12-03,6,112.13
2024-12-04,1,94.6225
2024-12-04,2,100.7375
2024-12-04,3,154.3875
2024-12-04,4,137.535
2024-12-04,5,146.86
2024-12-04,6,103.2025
2024-12-05,1,80.8825
2024-12-05,2,80.1175
2024-12-05,3,108.005
2024-12-05,4,101.7
2024-12-05,5,108.45
2024-12-05,6,81.7375
2024-12-06,1,11.075
2024-12-06,2,39.4125
2024-12-06,3,101.6125
2024-12-06,4,104.535
2024-12-06,5,116.7075
2024-12-06,6,93.145
2024-12-07,1,46.35
2024-12-07,2,27.85
2024-12-07,3,73.375
2024-12-07,4,93.55
2024-12-07,5,92.45
2024-12-07,6,63.042500000000004
2024-12-08,1,31.275
2024-12-08,2,14.425
2024-12-08,3,58.325
2024-12-08,4,89.5
2024-12-08,5,110.0
2024-12-08,6,90.0
2024-12-09,1,62.075
2024-12-09,2,69.2925
2024-12-09,3,101.92500000000001
2024-12-09,4,104.425
2024-12-09,5,119.815
2024-12-09,6,96.265
2024-12-10,1,87.28
2024-12-10,2,92.35
2024-12-10,3,117.33500000000001
2024-12-10,4,116.075
2024-12-10,5,147.0
2024-12-10,6,114.45
2024-12-11,1,89.8325
2024-12-11,2,101.19
2024-12-11,3,196.4
2024-12-11,4,211.1
2024-12-11,5,312.5125
2024-12-11,6,139.275
2024-12-12,1,90.96
2024-12-12,2,106.0425
2024-12-12,3,219.125
2024-12-12,4,232.1325
2024-12-12,5,393.15
2024-12-12,6,150.9
2024-12-13,1,92.285
2024-12-13,2,106.5175
2024-12-13,3,188.9625
2024-12-13,4,171.07
2024-12-13,5,224.99
2024-12-13,6,122.07499999999999
2024-12-14,1,95.2675
2024-12-14,2,81.93
2024-12-14,3,95.745
2024-12-14,4,88.495
2024-12-14,5,106.7325
2024-12-14,6,88.9925
2024-12-15,1,58.7
2024-12-15,2,34.2
2024-12-15,3,57.85
2024-12-15,4,67.3
2024-12-15,5,86.925
2024-12-15,6,55.025
2024-12-16,1,10.3125
2024-12-16,2,24.975
2024-12-16,3,87.225
2024-12-16,4,78.94
2024-12-16,5,98.15
2024-12-16,6,84.75
2024-12-17,1,63.95
2024-12-17,2,75.405
2024-12-17,3,101.995
2024-12-17,4,87.675
2024-12-17,5,97.505
2024-12-17,6,76.0875
2024-12-18,1,21.8275
2024-12-18,2,15.309999999999999
2024-12-18,3,70.2875
2024-12-18,4,73.705
2024-12-18,5,97.055
2024-12-18,6,87.925
2024-12-19,1,17.099999999999998
2024-12-19,2,13.84
2024-12-19,3,85.4975
2024-12-19,4,74.7375
2024-12-19,5,93.5
2024-12-19,6,87.85
2024-12-20,1,48.975
2024-12-20,2,53.025
2024-12-20,3,94.9375
2024-12-20,4,81.075
2024-12-20,5,94.475
2024-12-20,6,76.5
2024-12-21,1,30.425
2024-12-21,2,13.8875
2024-12-21,3,38.975
2024-12-21,4,34.787499999999994
2024-12-21,5,40.65
2024-12-21,6,14.625
2024-12-22,1,-1.3
2024-12-22,2,-3.35
2024-12-22,3,6.475
2024-12-22,4,14.9
2024-12-22,5,60.2
2024-12-22,6,29.45
2024-12-23,1,12.4375
2024-12-23,2,20.9
2024-12-23,3,93.75
2024-12-23,4,107.5
2024-12-23,5,114.5775
2024-12-23,6,96.4125
2024-12-24,1,69.655
2024-12-24,2,67.225
2024-12-24,3,92.75
2024-12-24,4,89.65
2024-12-24,5,101.0
2024-12-24,6,86.325
2024-12-25,1,66.07499999999999
2024-12-25,2,54.15
2024-12-25,3,85.35
2024-12-25,4,101.6525
2024-12-25,5,104.01
2024-12-25,6,92.0125
2024-12-26,1,88.7475
2024-12-26,2,89.425
2024-12-26,3,97.1425
2024-12-26,4,105.0025
2024-12-26,5,110.975
2024-12-26,6,100.475
2024-12-27,1,91.4
2024-12-27,2,93.6
2024-12-27,3,105.405
2024-12-27,4,101.605
2024-12-27,5,124.13250000000001
2024-12-27,6,102.645
2024-12-28,1,98.425
2024-12-28,2,92.615
2024-12-28,3,100.3
2024-12-28,4,99.225
2024-12-28,5,115.85
2024-12-28,6,99.575
2024-12-29,1,93.4125
2024-12-29,2,74.2
2024-12-29,3,83.1
2024-12-29,4,85.65
2024-12-29,5,110.6625
2024-12-29,6,90.15
2024-12-30,1,63.725
2024-12-30,2,49.275
2024-12-30,3,99.65
2024-12-30,4,99.375
2024-12-30,5,116.6125
2024-12-30,6,96.4
2024-12-31,1,48.725
2024-12-31,2,25.425
2024-12-31,3,79.65
2024-12-31,4,74.375
2024-12-31,5,84.95
2024-12-31,6,28.737499999999997
2025-01-01,1,2.525
2025-01-01,2,-6.625
2025-01-01,3,14.647499999999999
2025-01-01,4,78.225
2025-01-01,5,110.4375
2025-01-01,6,90.475
2025-01-02,1,94.99000000000001
2025-01-02,2,80.83
2025-01-02,3,109.7
2025-01-02,4,106.39750000000001
2025-01-02,5,122.42750000000001
2025-01-02,6,108.375
2025-01-03,1,80.57499999999999
2025-01-03,2,85.445
2025-01-03,3,108.0875
2025-01-03,4,103.15
2025-01-03,5,144.9625
2025-01-03,6,119.45
2025-01-04,1,105.65
2025-01-04,2,95.8325
2025-01-04,3,110.65
2025-01-04,4,112.9225
2025-01-04,5,126.86
2025-01-04,6,107.325
2025-01-05,1,105.175
2025-01-05,2,76.125
2025-01-05,3,97.075
2025-01-05,4,112.375
2025-01-05,5,114.26
2025-01-05,6,91.5
2025-01-06,1,62.974999999999994
2025-01-06,2,30.675
2025-01-06,3,106.695
2025-01-06,4,103.95
2025-01-06,5,118.85
2025-01-06,6,110.175
2025-01-07,1,59.2175
2025-01-07,2,46.7825
2025-01-07,3,112.725
2025-01-07,4,93.92750000000001
2025-01-07,5,117.205
2025-01-07,6,103.0025
2025-01-08,1,92.14
2025-01-08,2,93.22
2025-01-08,3,141.4
2025-01-08,4,202.275
2025-01-08,5,287.075
2025-01-08,6,153.225
2025-01-09,1,107.0
2025-01-09,2,90.0
2025-01-09,3,121.0
2025-01-09,4,95.9
2025-01-09,5,121.4375
2025-01-09,6,105.0
2025-01-10,1,85.0
2025-01-10,2,90.375
2025-01-10,3,185.8625
2025-01-10,4,272.375
2025-01-10,5,363.525
2025-01-10,6,135.48
2025-01-11,1,101.75
2025-01-11,2,89.85
2025-01-11,3,102.25
2025-01-11,4,103.825
2025-01-11,5,136.5875
2025-01-11,6,103.675
2025-01-12,1,107.25
2025-01-12,2,87.075
2025-01-12,3,102.0375
2025-01-12,4,105.8375
2025-01-12,5,126.0
2025-01-12,6,106.625
2025-01-13,1,92.95
2025-01-13,2,90.5
2025-01-13,3,113.35
2025-01-13,4,101.4
2025-01-13,5,121.225
2025-01-13,6,106.925
2025-01-14,1,95.0625
2025-01-14,2,96.9125
2025-01-14,3,120.725
2025-01-14,4,109.275
2025-01-14,5,153.9325
2025-01-14,6,117.0125
2025-01-15,1,98.0
2025-01-15,2,97.175
2025-01-15,3,153.89499999999998
2025-01-15,4,135.575
2025-01-15,5,181.3625
2025-01-15,6,125.0
2025-01-16,1,98.145
2025-01-16,2,97.8625
2025-01-16,3,131.1
2025-01-16,4,108.9
2025-01-16,5,138.15
2025-01-16,6,103.85
2025-01-17,1,91.7875
2025-01-17,2,91.2425
2025-01-17,3,109.2625
2025-01-17,4,98.9225
2025-01-17,5,136.39249999999998
2025-01-17,6,109.0
2025-01-18,1,100.6725
2025-01-18,2,96.0325
2025-01-18,3,107.425
2025-01-18,4,102.0
2025-01-18,5,125.325
2025-01-18,6,112.1725
2025-01-19,1,104.0
2025-01-19,2,96.795
2025-01-19,3,105.05
2025-01-19,4,128.525
2025-01-19,5,159.875
2025-01-19,6,122.475
2025-01-20,1,100.1
2025-01-20,2,109.63
2025-01-20,3,231.60999999999999
2025-01-20,4,302.775
2025-01-20,5,507.65
2025-01-20,6,171.2
2025-01-21,1,97.5
2025-01-21,2,110.4
2025-01-21,3,188.3
2025-01-21,4,167.14249999999998
2025-01-21,5,323.0825
2025-01-21,6,151.22
2025-01-22,1,99.3375
2025-01-22,2,108.465
2025-01-22,3,233.5
2025-01-22,4,288.225
2025-01-22,5,539.6
2025-01-22,6,179.7875
2025-01-23,1,106.695
2025-01-23,2,99.305
2025-01-23,3,123.8875
2025-01-23,4,101.11500000000001
2025-01-23,5,110.24
2025-01-23,6,101.0
2025-01-24,1,77.36
2025-01-24,2,56.625
2025-01-24,3,112.13499999999999
2025-01-24,4,98.6975
2025-01-24,5,114.155
2025-01-24,6,96.6625
2025-01-25,1,65.885
2025-01-25,2,63.775
2025-01-25,3,100.6125
2025-01-25,4,98.3
2025-01-25,5,120.375
2025-01-25,6,106.6525
2025-01-26,1,102.5325
2025-01-26,2,81.775
2025-01-26,3,92.645
2025-01-26,4,114.0825
2025-01-26,5,116.0
2025-01-26,6,85.26
2025-01-27,1,42.7025
2025-01-27,2,61.5175
2025-01-27,3,112.25
2025-01-27,4,105.105
2025-01-27,5,118.15
2025-01-27,6,105.18
2025-01-28,1,80.695
2025-01-28,2,86.475
2025-01-28,3,112.2125
2025-01-28,4,107.6375
2025-01-28,5,118.375
2025-01-28,6,102.86
2025-01-29,1,75.125
2025-01-29,2,76.4
2025-01-29,3,108.15
2025-01-29,4,103.975
2025-01-29,5,121.55000000000001
2025-01-29,6,104.4
2025-01-30,1,95.65
2025-01-30,2,99.025
2025-01-30,3,124.45
2025-01-30,4,105.55
2025-01-30,5,151.855
2025-01-30,6,118.975
2025-01-31,1,100.61
2025-01-31,2,105.15
2025-01-31,3,132.4
2025-01-31,4,131.4475
2025-01-31,5,191.775
2025-01-31,6,122.81
2025-02-01,1,115.225
2025-02-01,2,105.11500000000001
2025-02-01,3,114.35
2025-02-01,4,102.3
2025-02-01,5,127.01249999999999
2025-02-01,6,112.11
2025-02-02,1,102.5425
2025-02-02,2,99.4575
2025-02-02,3,107.775
2025-02-02,4,110.575
2025-02-02,5,135.75
2025-02-02,6,118.6
2025-02-03,1,106.6925
2025-02-03,2,111.3075
2025-02-03,3,133.925
2025-02-03,4,103.3875
2025-02-03,5,138.75
2025-02-03,6,114.8
2025-02-04,1,99.05
2025-02-04,2,98.975
2025-02-04,3,118.6625
2025-02-04,4,100.3675
2025-02-04,5,130.575
2025-02-04,6,112.325
2025-02-05,1,94.0925
2025-02-05,2,104.03
2025-02-05,3,128.125
2025-02-05,4,107.8475
2025-02-05,5,145.60500000000002
2025-02-05,6,126.5
2025-02-06,1,108.225
2025-02-06,2,112.775
2025-02-06,3,140.385
2025-02-06,4,106.28
2025-02-06,5,132.45
2025-02-06,6,113.0225
2025-02-07,1,103.5625
2025-02-07,2,102.4
2025-02-07,3,124.9
2025-02-07,4,105.1025
2025-02-07,5,123.5
2025-02-07,6,112.5
2025-02-08,1,100.55
2025-02-08,2,94.45
2025-02-08,3,114.525
2025-02-08,4,124.975
2025-02-08,5,134.60250000000002
2025-02-08,6,123.16499999999999
2025-02-09,1,116.2
2025-02-09,2,108.47
2025-02-09,3,115.325
2025-02-09,4,117.8
2025-02-09,5,133.425
2025-02-09,6,119.965
2025-02-10,1,103.8625
2025-02-10,2,108.2475
2025-02-10,3,128.0
2025-02-10,4,110.125
2025-02-10,5,131.10750000000002
2025-02-10,6,121.975
2025-02-11,1,105.3125
2025-02-11,2,112.8775
2025-02-11,3,136.175
2025-02-11,4,123.575
2025-02-11,5,142.2475
2025-02-11,6,125.0
2025-02-12,1,109.1825
2025-02-12,2,117.395
2025-02-12,3,138.245
2025-02-12,4,121.755
2025-02-12,5,150.9
2025-02-12,6,129.0375
2025-02-13,1,111.8375
2025-02-13,2,117.175
2025-02-13,3,142.975
2025-02-13,4,125.7875
2025-02-13,5,150.2375
2025-02-13,6,129.0
2025-02-14,1,105.5125
2025-02-14,2,111.34
2025-02-14,3,139.225
2025-02-14,4,119.985
2025-02-14,5,154.1075
2025-02-14,6,128.7075
2025-02-15,1,108.025
2025-02-15,2,106.175
2025-02-15,3,113.0875
2025-02-15,4,107.1
2025-02-15,5,128.565
2025-02-15,6,111.35
2025-02-16,1,106.095
2025-02-16,2,94.25
2025-02-16,3,102.3875
2025-02-16,4,103.57499999999999
2025-02-16,5,123.775
2025-02-16,6,111.95
2025-02-17,1,101.2625
2025-02-17,2,113.02499999999999
2025-02-17,3,130.975
2025-02-17,4,100.0375
2025-02-17,5,145.75
2025-02-17,6,121.425
2025-02-18,1,101.0
2025-02-18,2,107.05
2025-02-18,3,120.2
2025-02-18,4,85.9
2025-02-18,5,124.0
2025-02-18,6,105.0
2025-02-19,1,87.05
2025-02-19,2,92.95
2025-02-19,3,108.8875
2025-02-19,4,92.025
2025-02-19,5,115.3875
2025-02-19,6,98.5
2025-02-20,1,72.00999999999999
2025-02-20,2,72.9375
2025-02-20,3,99.15
2025-02-20,4,84.675
2025-02-20,5,106.275
2025-02-20,6,89.9
2025-02-21,1,54.35
2025-02-21,2,49.3
2025-02-21,3,86.0
2025-02-21,4,62.7
2025-02-21,5,93.5
2025-02-21,6,74.95
2025-02-22,1,42.255
2025-02-22,2,42.425
2025-02-22,3,87.035
2025-02-22,4,69.455
2025-02-22,5,101.5525
2025-02-22,6,96.05
2025-02-23,1,82.075
2025-02-23,2,51.25
2025-02-23,3,46.885
2025-02-23,4,31.224999999999998
2025-02-23,5,76.3
2025-02-23,6,63.525000000000006
2025-02-24,1,26.265
2025-02-24,2,35.45
2025-02-24,3,82.525
2025-02-24,4,65.8
2025-02-24,5,110.45
2025-02-24,6,98.7
2025-02-25,1,74.8125
2025-02-25,2,89.5575
2025-02-25,3,108.9
2025-02-25,4,86.85
2025-02-25,5,116.0
2025-02-25,6,104.275
2025-02-26,1,92.195
2025-02-26,2,99.1025
2025-02-26,3,114.3675
2025-02-26,4,88.6675
2025-02-26,5,122.22
2025-02-26,6,104.9
2025-02-27,1,84.9325
2025-02-27,2,95.0675
2025-02-27,3,107.42
2025-02-27,4,82.65
2025-02-27,5,110.5
2025-02-27,6,103.1
2025-02-28,1,88.625
2025-02-28,2,99.625
2025-02-28,3,113.0
2025-02-28,4,80.3
2025-02-28,5,114.5
2025-02-28,6,102.91499999999999
2025-03-01,1,94.525
2025-03-01,2,91.475
2025-03-01,3,104.5975
2025-03-01,4,82.375
2025-03-01,5,108.535
2025-03-01,6,103.4325
2025-03-02,1,97.325
2025-03-02,2,89.9125
2025-03-02,3,81.3
2025-03-02,4,75.375
2025-03-02,5,101.75
2025-03-02,6,94.35
2025-03-03,1,84.2125
2025-03-03,2,95.9425
2025-03-03,3,107.725
2025-03-03,4,78.80000000000001
2025-03-03,5,117.725
2025-03-03,6,101.1
2025-03-04,1,92.925
2025-03-04,2,102.75
2025-03-04,3,98.5625
2025-03-04,4,76.275
2025-03-04,5,109.4125
2025-03-04,6,96.625
2025-03-05,1,75.1575
2025-03-05,2,86.175
2025-03-05,3,86.8
2025-03-05,4,37.1175
2025-03-05,5,101.3
2025-03-05,6,94.4025
2025-03-06,1,74.05
2025-03-06,2,88.15
2025-03-06,3,91.25
2025-03-06,4,48.3
2025-03-06,5,99.9425
2025-03-06,6,86.775
2025-03-07,1,69.94
2025-03-07,2,89.06
2025-03-07,3,103.4
2025-03-07,4,84.1225
2025-03-07,5,109.775
2025-03-07,6,90.225
2025-03-08,1,83.325
2025-03-08,2,81.675
2025-03-08,3,82.41749999999999
2025-03-08,4,65.6425
2025-03-08,5,93.975
2025-03-08,6,85.2875
2025-03-09,1,84.6
2025-03-09,2,84.35
2025-03-09,3,85.7125
2025-03-09,4,77.7875
2025-03-09,5,102.25
2025-03-09,6,95.35
2025-03-10,1,83.4
2025-03-10,2,87.85
2025-03-10,3,99.05
2025-03-10,4,79.525
2025-03-10,5,106.3
2025-03-10,6,89.575
2025-03-11,1,79.925
2025-03-11,2,87.2125
2025-03-11,3,99.175
2025-03-11,4,80.925
2025-03-11,5,108.855
2025-03-11,6,96.5
2025-03-12,1,84.675
2025-03-12,2,90.1
2025-03-12,3,101.775
2025-03-12,4,82.905
2025-03-12,5,113.865
2025-03-12,6,103.275
2025-03-13,1,87.5
2025-03-13,2,95.13
2025-03-13,3,108.0
2025-03-13,4,93.505
2025-03-13,5,125.5
2025-03-13,6,111.52499999999999
2025-03-14,1,93.0
2025-03-14,2,100.985
2025-03-14,3,112.775
2025-03-14,4,89.725
2025-03-14,5,120.35
2025-03-14,6,105.805
2025-03-15,1,94.66
2025-03-15,2,86.74
2025-03-15,3,95.475
2025-03-15,4,87.15
2025-03-15,5,104.175
2025-03-15,6,98.8775
2025-03-16,1,99.725
2025-03-16,2,84.9625
2025-03-16,3,89.3675
2025-03-16,4,95.9
2025-03-16,5,108.55
2025-03-16,6,99.25
2025-03-17,1,83.45
2025-03-17,2,95.475
2025-03-17,3,106.8
2025-03-17,4,88.095
2025-03-17,5,115.775
2025-03-17,6,95.33
2025-03-18,1,85.6975
2025-03-18,2,95.2525
2025-03-18,3,97.25
2025-03-18,4,78.15
2025-03-18,5,107.9
2025-03-18,6,97.35
2025-03-19,1,82.0325
2025-03-19,2,97.8325
2025-03-19,3,103.5
2025-03-19,4,83.815
2025-03-19,5,122.39999999999999
2025-03-19,6,105.45
2025-03-20,1,88.91749999999999
2025-03-20,2,99.08500000000001
2025-03-20,3,107.7575
2025-03-20,4,82.65
2025-03-20,5,112.5
2025-03-20,6,95.0925
2025-03-21,1,80.42
2025-03-21,2,76.9825
2025-03-21,3,68.635
2025-03-21,4,23.759999999999998
2025-03-21,5,74.315
2025-03-21,6,57.300000000000004
2025-03-22,1,17.775
2025-03-22,2,20.55
2025-03-22,3,76.5
2025-03-22,4,87.575
2025-03-22,5,106.875
2025-03-22,6,103.1275
2025-03-23,1,95.65
2025-03-23,2,76.8
2025-03-23,3,95.425
2025-03-23,4,96.025
2025-03-23,5,104.7375
2025-03-23,6,100.75
2025-03-24,1,87.775
2025-03-24,2,99.225
2025-03-24,3,111.9
2025-03-24,4,81.075
2025-03-24,5,119.075
2025-03-24,6,101.95
2025-03-25,1,85.4275
2025-03-25,2,91.505
2025-03-25,3,96.0
2025-03-25,4,86.875
2025-03-25,5,111.92999999999999
2025-03-25,6,104.3
2025-03-26,1,91.525
2025-03-26,2,94.225
2025-03-26,3,100.655
2025-03-26,4,79.8625
2025-03-26,5,103.725
2025-03-26,6,97.6375
2025-03-27,1,82.2625
2025-03-27,2,92.3675
2025-03-27,3,99.5625
2025-03-27,4,67.425
2025-03-27,5,95.4425
2025-03-27,6,89.5725
2025-03-28,1,61.875
2025-03-28,2,67.95
2025-03-28,3,63.61
2025-03-28,4,29.5125
2025-03-28,5,98.6275
2025-03-28,6,96.2475
2025-03-29,1,83.315
2025-03-29,2,86.76
2025-03-29,3,93.58
2025-03-29,4,32.15
2025-03-29,5,69.4
2025-03-29,6,62.1625
2025-03-30,1,32.535
2025-03-30,2,9.855
2025-03-30,3,0.4
2025-03-30,4,-3.125
2025-03-30,5,42.025
2025-03-30,6,109.15
2025-03-31,1,88.35
2025-03-31,2,84.9025
2025-03-31,3,117.30000000000001
2025-03-31,4,81.2575
2025-03-31,5,87.83500000000001
2025-03-31,6,117.0775
2025-04-01,1,89.65
2025-04-01,2,87.185
2025-04-01,3,110.5425
2025-04-01,4,76.52
2025-04-01,5,63.495
2025-04-01,6,105.975
2025-04-02,1,60.095
2025-04-02,2,69.1175
2025-04-02,3,105.33500000000001
2025-04-02,4,67.245
2025-04-02,5,66.0
2025-04-02,6,106.575
2025-04-03,1,65.3725
2025-04-03,2,69.2175
2025-04-03,3,106.85
2025-04-03,4,33.85
2025-04-03,5,42.3625
2025-04-03,6,108.5775
2025-04-04,1,80.42500000000001
2025-04-04,2,81.2775
2025-04-04,3,105.175
2025-04-04,4,36.445
2025-04-04,5,38.855
2025-04-04,6,103.72
2025-04-05,1,72.1275
2025-04-05,2,60.667500000000004
2025-04-05,3,67.4725
2025-04-05,4,5.6
2025-04-05,5,15.825
2025-04-05,6,102.385
2025-04-06,1,73.2
2025-04-06,2,63.35
2025-04-06,3,73.8075
2025-04-06,4,35.3
2025-04-06,5,54.6275
2025-04-06,6,107.9225
2025-04-07,1,77.0625
2025-04-07,2,82.9
2025-04-07,3,110.95
2025-04-07,4,75.275
2025-04-07,5,77.335
2025-04-07,6,117.2
2025-04-08,1,79.07249999999999
2025-04-08,2,77.55
2025-04-08,3,104.425
2025-04-08,4,71.15
2025-04-08,5,75.95
2025-04-08,6,111.8
2025-04-09,1,78.3125
2025-04-09,2,75.85
2025-04-09,3,101.15
2025-04-09,4,71.95
2025-04-09,5,70.675
2025-04-09,6,102.61500000000001
2025-04-10,1,74.275
2025-04-10,2,75.55
2025-04-10,3,98.53
2025-04-10,4,76.9575
2025-04-10,5,72.075
2025-04-10,6,97.435
2025-04-11,1,74.7
2025-04-11,2,70.955
2025-04-11,3,96.075
2025-04-11,4,71.895
2025-04-11,5,72.205
2025-04-11,6,101.95
2025-04-12,1,84.55
2025-04-12,2,79.83
2025-04-12,3,83.4625
2025-04-12,4,55.93
2025-04-12,5,51.3
2025-04-12,6,93.94
2025-04-13,1,82.575
2025-04-13,2,56.6
2025-04-13,3,54.775
2025-04-13,4,56.2675
2025-04-13,5,70.6075
2025-04-13,6,95.9
2025-04-14,1,74.6525
2025-04-14,2,75.125
2025-04-14,3,96.65
2025-04-14,4,65.425
2025-04-14,5,77.155
2025-04-14,6,100.245
2025-04-15,1,72.7175
2025-04-15,2,74.9
2025-04-15,3,93.505
2025-04-15,4,86.5975
2025-04-15,5,80.17
2025-04-15,6,96.5325
2025-04-16,1,73.1
2025-04-16,2,48.525
2025-04-16,3,77.4075
2025-04-16,4,36.25
2025-04-16,5,60.6
2025-04-16,6,95.95
2025-04-17,1,74.8575
2025-04-17,2,73.1025
2025-04-17,3,95.3475
2025-04-17,4,71.7925
2025-04-17,5,79.8725
2025-04-17,6,100.3075
2025-04-18,1,86.75999999999999
2025-04-18,2,79.7025
2025-04-18,3,91.5
2025-04-18,4,74.225
2025-04-18,5,70.09
2025-04-18,6,92.14
2025-04-19,1,68.2
2025-04-19,2,59.2
2025-04-19,3,70.75
2025-04-19,4,65.5
2025-04-19,5,60.5
2025-04-19,6,97.4
2025-04-20,1,81.0875
2025-04-20,2,79.65
2025-04-20,3,85.1275
2025-04-20,4,81.4425
2025-04-20,5,78.88
2025-04-20,6,100.725
2025-04-21,1,81.575
2025-04-21,2,78.5
2025-04-21,3,84.125
2025-04-21,4,87.3275
2025-04-21,5,81.9175
2025-04-21,6,101.675
2025-04-22,1,83.225
2025-04-22,2,84.05
2025-04-22,3,106.65
2025-04-22,4,76.55
2025-04-22,5,80.4
2025-04-22,6,106.475
2025-04-23,1,79.6
2025-04-23,2,78.1775
2025-04-23,3,98.8725
2025-04-23,4,79.495
2025-04-23,5,85.98
2025-04-23,6,111.1375
2025-04-24,1,79.3375
2025-04-24,2,75.18
2025-04-24,3,98.695
2025-04-24,4,76.9025
2025-04-24,5,77.8
2025-04-24,6,100.775
2025-04-25,1,75.6675
2025-04-25,2,75.3075
2025-04-25,3,95.58500000000001
2025-04-25,4,74.7875
2025-04-25,5,73.875
2025-04-25,6,96.5975
2025-04-26,1,78.555
2025-04-26,2,72.6525
2025-04-26,3,85.5875
2025-04-26,4,79.1625
2025-04-26,5,74.95
2025-04-26,6,92.375
2025-04-27,1,76.4875
2025-04-27,2,65.7425
2025-04-27,3,56.5
2025-04-27,4,14.6
2025-04-27,5,37.0725
2025-04-27,6,94.545
2025-04-28,1,72.8
2025-04-28,2,72.35249999999999
2025-04-28,3,95.475
2025-04-28,4,63.525000000000006
2025-04-28,5,65.03
2025-04-28,6,103.1325
2025-04-29,1,76.9425
2025-04-29,2,74.1825
2025-04-29,3,92.8
2025-04-29,4,68.8075
2025-04-29,5,67.095
2025-04-29,6,99.925
2025-04-30,1,75.5675
2025-04-30,2,74.0325
2025-04-30,3,88.94
2025-04-30,4,67.7225
2025-04-30,5,66.4425
2025-04-30,6,98.32499999999999
2025-05-01,1,75.16499999999999
2025-05-01,2,71.1925
2025-05-01,3,86.625
2025-05-01,4,62.975
2025-05-01,5,64.24000000000001
2025-05-01,6,92.4975
2025-05-02,1,74.975
2025-05-02,2,66.425
2025-05-02,3,83.475
2025-05-02,4,72.275
2025-05-02,5,66.6875
2025-05-02,6,90.7575
2025-05-03,1,79.08500000000001
2025-05-03,2,73.725
2025-05-03,3,64.8475
2025-05-03,4,7.2225
2025-05-03,5,18.85
2025-05-03,6,73.0625
2025-05-04,1,44.1325
2025-05-04,2,24.3
2025-05-04,3,6.875
2025-05-04,4,8.0
2025-05-04,5,35.474999999999994
2025-05-04,6,94.55
2025-05-05,1,69.81
2025-05-05,2,68.525
2025-05-05,3,77.8125
2025-05-05,4,72.175
2025-05-05,5,73.025
2025-05-05,6,95.25
2025-05-06,1,76.27250000000001
2025-05-06,2,75.6575
2025-05-06,3,91.89
2025-05-06,4,75.005
2025-05-06,5,71.525
2025-05-06,6,102.8175
2025-05-07,1,77.08500000000001
2025-05-07,2,77.7425
2025-05-07,3,96.8925
2025-05-07,4,75.08500000000001
2025-05-07,5,75.35
2025-05-07,6,100.2825
2025-05-08,1,75.85
2025-05-08,2,80.9375
2025-05-08,3,98.9025
2025-05-08,4,79.0275
2025-05-08,5,73.1175
2025-05-08,6,105.9375
2025-05-09,1,80.2
2025-05-09,2,81.8
2025-05-09,3,94.4875
2025-05-09,4,73.8275
2025-05-09,5,72.485
2025-05-09,6,101.75
2025-05-10,1,83.4
2025-05-10,2,83.1175
2025-05-10,3,81.9025
2025-05-10,4,28.747500000000002
2025-05-10,5,31.6425
2025-05-10,6,99.3
2025-05-11,1,73.045
2025-05-11,2,59.3975
2025-05-11,3,36.9125
2025-05-11,4,12.35
2025-05-11,5,33.5
2025-05-11,6,92.3375
2025-05-12,1,68.0125
2025-05-12,2,68.525
2025-05-12,3,89.4225
2025-05-12,4,76.375
2025-05-12,5,68.0
2025-05-12,6,94.425
2025-05-13,1,72.975
2025-05-13,2,72.2775
2025-05-13,3,94.6
2025-05-13,4,74.6725
2025-05-13,5,70.525
2025-05-13,6,99.35249999999999
2025-05-14,1,77.785
2025-05-14,2,76.52
2025-05-14,3,94.3675
2025-05-14,4,66.9
2025-05-14,5,63.65
2025-05-14,6,96.325
2025-05-15,1,67.9975
2025-05-15,2,64.7525
2025-05-15,3,89.1
2025-05-15,4,81.25
2025-05-15,5,71.4475
2025-05-15,6,96.0175
2025-05-16,1,79.14500000000001
2025-05-16,2,73.275
2025-05-16,3,90.53
2025-05-16,4,63.8375
2025-05-16,5,55.5625
2025-05-16,6,89.2375
2025-05-17,1,78.1
2025-05-17,2,73.5425
2025-05-17,3,83.3825
2025-05-17,4,66.2
2025-05-17,5,45.2675
2025-05-17,6,92.47500000000001
2025-05-18,1,80.8425
2025-05-18,2,80.07
2025-05-18,3,79.725
2025-05-18,4,59.9625
2025-05-18,5,60.775
2025-05-18,6,95.675
2025-05-19,1,80.05
2025-05-19,2,77.8
2025-05-19,3,91.525
2025-05-19,4,77.1875
2025-05-19,5,73.5
2025-05-19,6,104.2675
2025-05-20,1,81.77000000000001
2025-05-20,2,80.325
2025-05-20,3,92.2675
2025-05-20,4,77.48
2025-05-20,5,81.825
2025-05-20,6,109.365
2025-05-21,1,85.5225
2025-05-21,2,76.9625
2025-05-21,3,92.0
2025-05-21,4,79.8
2025-05-21,5,72.225
2025-05-21,6,101.25
2025-05-22,1,80.6
2025-05-22,2,70.4725
2025-05-22,3,93.6
2025-05-22,4,86.275
2025-05-22,5,75.10499999999999
2025-05-22,6,102.1
2025-05-23,1,86.475
2025-05-23,2,76.3475
2025-05-23,3,98.1
2025-05-23,4,85.9375
2025-05-23,5,80.825
2025-05-23,6,104.825
2025-05-24,1,84.6675
2025-05-24,2,65.75
2025-05-24,3,59.9225
2025-05-24,4,34.15
2025-05-24,5,47.15
2025-05-24,6,90.76
2025-05-25,1,23.974999999999998
2025-05-25,2,-6.175000000000001
2025-05-25,3,-11.05
2025-05-25,4,-21.825
2025-05-25,5,-10.25
2025-05-25,6,48.3375
2025-05-26,1,17.4425
2025-05-26,2,3.875
2025-05-26,3,14.9125
2025-05-26,4,-2.275
2025-05-26,5,16.325
2025-05-26,6,83.2
2025-05-27,1,37.845
2025-05-27,2,17.2375
2025-05-27,3,48.2
2025-05-27,4,75.935
2025-05-27,5,85.46000000000001
2025-05-27,6,101.425
2025-05-28,1,61.6125
2025-05-28,2,47.3775
2025-05-28,3,90.975
2025-05-28,4,77.6
2025-05-28,5,75.4125
2025-05-28,6,104.3
2025-05-29,1,86.6275
2025-05-29,2,74.7
2025-05-29,3,55.737500000000004
2025-05-29,4,5.9375
2025-05-29,5,18.637500000000003
2025-05-29,6,77.325
2025-05-30,1,43.925
2025-05-30,2,28.21
2025-05-30,3,41.6875
2025-05-30,4,43.725
2025-05-30,5,71.25
2025-05-30,6,103.9425
2025-05-31,1,84.75
2025-05-31,2,81.55
2025-05-31,3,68.075
2025-05-31,4,8.61
2025-05-31,5,26.097499999999997
2025-05-31,6,91.1675
2025-06-01,1,66.025
2025-06-01,2,24.8
2025-06-01,3,1.5274999999999999
2025-06-01,4,-15.885000000000002
2025-06-01,5,-4.075
2025-06-01,6,68.1125
2025-06-02,1,54.6375
2025-06-02,2,60.175
2025-06-02,3,90.0675
2025-06-02,4,74.88250000000001
2025-06-02,5,53.31
2025-06-02,6,89.95
2025-06-03,1,32.25
2025-06-03,2,12.375
2025-06-03,3,29.880000000000003
2025-06-03,4,-3.675
2025-06-03,5,12.355
2025-06-03,6,80.9625
2025-06-04,1,61.725
2025-06-04,2,43.1125
2025-06-04,3,70.2625
2025-06-04,4,17.075
2025-06-04,5,41.6575
2025-06-04,6,98.15
2025-06-05,1,73.925
2025-06-05,2,63.462500000000006
2025-06-05,3,88.3
2025-06-05,4,63.605000000000004
2025-06-05,5,61.575
2025-06-05,6,99.0625
2025-06-06,1,75.5875
2025-06-06,2,51.275
2025-06-06,3,86.15
2025-06-06,4,54.349999999999994
2025-06-06,5,58.897499999999994
2025-06-06,6,98.6625
2025-06-07,1,87.025
2025-06-07,2,79.825
2025-06-07,3,90.865
2025-06-07,4,85.25
2025-06-07,5,65.765
2025-06-07,6,95.95
2025-06-08,1,67.96000000000001
2025-06-08,2,27.6
2025-06-08,3,3.4
2025-06-08,4,9.76
2025-06-08,5,54.17
2025-06-08,6,98.92
2025-06-09,1,77.3775
2025-06-09,2,64.0
2025-06-09,3,89.82
2025-06-09,4,81.27000000000001
2025-06-09,5,79.475
2025-06-09,6,105.275
2025-06-10,1,76.325
2025-06-10,2,51.6
2025-06-10,3,72.4
2025-06-10,4,75.35
2025-06-10,5,83.39500000000001
2025-06-10,6,105.0075
2025-06-11,1,88.02250000000001
2025-06-11,2,78.7
2025-06-11,3,90.4375
2025-06-11,4,78.3425
2025-06-11,5,69.4575
2025-06-11,6,97.05
2025-06-12,1,70.16
2025-06-12,2,37.6125
2025-06-12,3,51.4325
2025-06-12,4,13.9375
2025-06-12,5,32.9
2025-06-12,6,96.35
2025-06-13,1,76.805
2025-06-13,2,69.4275
2025-06-13,3,88.7375
2025-06-13,4,71.175
2025-06-13,5,69.8
2025-06-13,6,100.33500000000001
2025-06-14,1,90.895
2025-06-14,2,79.94
2025-06-14,3,86.235
2025-06-14,4,58.975
2025-06-14,5,31.849999999999998
2025-06-14,6,95.275
2025-06-15,1,85.33500000000001
2025-06-15,2,69.92500000000001
2025-06-15,3,53.7025
2025-06-15,4,36.3825
2025-06-15,5,44.925
2025-06-15,6,104.1125
2025-06-16,1,86.7
2025-06-16,2,78.39
2025-06-16,3,97.6325
2025-06-16,4,78.925
2025-06-16,5,76.81
2025-06-16,6,110.15
2025-06-17,1,80.765
2025-06-17,2,67.83500000000001
2025-06-17,3,94.3
2025-06-17,4,72.1125
2025-06-17,5,72.675
2025-06-17,6,111.85
2025-06-18,1,88.6925
2025-06-18,2,82.095
2025-06-18,3,96.41499999999999
2025-06-18,4,73.325
2025-06-18,5,73.6875
2025-06-18,6,111.42750000000001
2025-06-19,1,97.22
2025-06-19,2,86.105
2025-06-19,3,102.23
2025-06-19,4,86.0275
2025-06-19,5,80.8125
2025-06-19,6,108.59
2025-06-20,1,87.975
2025-06-20,2,82.39
2025-06-20,3,98.9925
2025-06-20,4,83.0
2025-06-20,5,77.4
2025-06-20,6,110.425
2025-06-21,1,94.655
2025-06-21,2,90.985
2025-06-21,3,80.725
2025-06-21,4,39.0
2025-06-21,5,39.6525
2025-06-21,6,110.8375
2025-06-22,1,89.935
2025-06-22,2,70.05
2025-06-22,3,23.5
2025-06-22,4,-1.0
2025-06-22,5,13.075
2025-06-22,6,94.6575
2025-06-23,1,48.1
2025-06-23,2,9.015
2025-06-23,3,21.1775
2025-06-23,4,-10.15
2025-06-23,5,-2.7799999999999994
2025-06-23,6,76.5925
2025-06-24,1,55.0325
2025-06-24,2,34.1225
2025-06-24,3,56.5075
2025-06-24,4,16.75
2025-06-24,5,24.3
2025-06-24,6,105.8
2025-06-25,1,78.935
2025-06-25,2,75.27
2025-06-25,3,96.6
2025-06-25,4,85.445
2025-06-25,5,75.1325
2025-06-25,6,111.1425
2025-06-26,1,89.85
2025-06-26,2,75.3425
2025-06-26,3,90.6375
2025-06-26,4,51.1625
2025-06-26,5,42.6
2025-06-26,6,91.675
2025-06-27,1,76.47
2025-06-27,2,62.7375
2025-06-27,3,77.04249999999999
2025-06-27,4,30.3075
2025-06-27,5,32.865
2025-06-27,6,87.95
2025-06-28,1,62.625
2025-06-28,2,33.75
2025-06-28,3,21.267500000000002
2025-06-28,4,0.025000000000000022
2025-06-28,5,19.0
2025-06-28,6,89.59
2025-06-29,1,75.59
2025-06-29,2,64.275
2025-06-29,3,69.2
2025-06-29,4,69.6875
2025-06-29,5,64.6625
2025-06-29,6,97.9825
2025-06-30,1,81.525
2025-06-30,2,73.63499999999999
2025-06-30,3,91.575
2025-06-30,4,69.1625
2025-06-30,5,69.9975
2025-06-30,6,119.45
2025-07-01,1,84.51
2025-07-01,2,78.19
2025-07-01,3,91.3
2025-07-01,4,72.43
2025-07-01,5,85.445
2025-07-01,6,152.06666666666666
