config_id,power_mw,energy_mwh,risk_aversion,baseline_dam_weight,baseline_idm_weight,baseline_dc_weight,baseline_expected_return,baseline_portfolio_risk,updated_2021_idm_weight,updated_2021_dc_weight,updated_2021_expected_return,updated_2021_portfolio_risk,updated_2022_idm_weight,updated_2022_dc_weight,updated_2022_expected_return,updated_2022_portfolio_risk,updated_2023_idm_weight,updated_2023_dc_weight,updated_2023_expected_return,updated_2023_portfolio_risk
1,10,10,0.5,3.3306690738754696e-16,5.551115123125783e-17,0.9999999999999996,797.8674863387976,403.13060986632905,1.0,0.0,881.188301369863,1703.8548689836218,1.0,0.0,928.5916986301369,1088.8689178534928,1.1102230246251565e-16,0.9999999999999999,798.4468493150684,403.5335738747977
1,10,10,1.0,5.551115123125783e-17,0.0,0.9999999999999998,797.8674863387978,403.1306098663291,1.0,0.0,881.188301369863,1703.8548689836218,0.9999999999999998,2.220446049250313e-16,928.5916986301369,1088.8689178534926,0.0,1.0,798.4468493150684,403.5335738747977
1,10,10,2.0,0.12278061444654362,4.718447854656915e-16,0.8772193855534559,754.7743857410189,394.29578841723844,0.9893323879503926,0.010667612049607457,772.2212960565641,1488.4705219061666,0.8840624689009866,0.11593753109901343,801.34251192042,911.9599100179767,0.0,1.0,700.4120547945206,353.9879330956913
1,10,10,3.0,0.2039875929239367,1.0297752234267321e-15,0.7960124070760622,726.2726510938808,389.261324722966,0.8262233648891442,0.17377663511085578,689.9917058815009,1273.7873465563348,0.7560424901161816,0.24395750988381837,713.8977035642382,790.6358712169456,0.15335581425995276,0.8466441857400473,587.5715576323905,313.8720859200972
1,10,10,4.5,0.25833301030988276,6.862999751833243e-17,0.7416669896901171,707.1986910147803,386.5752479363198,0.7174854121820865,0.2825145878179135,636.2116755573905,1150.5467416919116,0.6706953126670538,0.3293046873329461,656.9203109842325,719.1014654956793,0.2689028662428363,0.7310971337571637,513.7563038671435,288.4730362845728
1,10,10,6.0,0.2855057182644947,2.1033522146218786e-17,0.7144942817355052,697.6617112343771,385.53753915261717,0.6631132040589202,0.33688679594107984,609.6869174314008,1095.319170925116,0.6280190969774417,0.3719809030225583,628.8827702634819,686.3939225505842,0.32667972081917523,0.6733202791808248,478.69760057861816,276.4772881425457
1,10,10,7.0,0.2971511647292936,0.0,0.7028488352707065,693.5744341159514,385.1691290176554,0.6398089047587745,0.36019109524122556,598.3957538704794,1072.9634754123222,0.6097312148835645,0.39026878511643553,616.9610517169679,673.0133501879202,0.3514382233676713,0.6485617766323287,464.0551329521612,271.4805935944839
1,10,10,8.0,0.30409593284983966,0.008547230642581134,0.6873568365075792,688.3573319076966,384.7628775532352,0.6223356567962038,0.3776643432037962,591.4767586431849,1059.4404891209501,0.5960155633627603,0.4039844366372397,609.6228242314075,664.9369452365247,0.370006995752533,0.6299930042474671,454.38809515919434,268.4787366489765
1,10,10,9.0,0.2996094941704344,0.062439504804726854,0.6379510010248388,672.4056124981764,383.58566096829594,0.6087410484265755,0.39125895157342455,594.500765529451,1064.2336483433683,0.5853471456142688,0.41465285438573124,612.5788733459256,668.2296288357115,0.38445102948974424,0.6155489705102558,453.3370996708237,269.9830817785834
1,10,10,10.0,0.2960051475876059,0.10551678889407452,0.5984780635183196,659.6614519391183,382.6865909335821,0.5978671112326888,0.4021328887673112,596.9274894505767,1068.2415879663758,0.5768126636902235,0.42318733630977645,614.9504474035463,670.9516251125133,0.3960075513587072,0.6039924486412929,452.4721582779429,271.21561618336796
2,30,30,0.5,3.3306690738754696e-16,0.0,0.9999999999999996,2393.599726775956,1209.3944000744473,0.9999999999999999,1.1102230246251565e-16,2643.565287671233,5111.56546291142,0.9999999999999998,2.220446049250313e-16,2785.775315068493,3266.60695498465,0.0,1.0,2395.337808219178,1210.5978921048927
2,30,30,1.0,0.0,0.0,1.0,2393.5997267759562,1209.3944000744473,1.0,0.0,2643.565287671233,5111.56546291142,1.0,0.0,2785.775315068493,3266.6069549846507,0.0,1.0,2395.337808219178,1210.5978921048927
2,30,30,2.0,0.12278584699198657,0.0,0.8772141530080136,2264.3152039955994,1182.8886133241274,0.9893357597583978,0.010664240241602126,2316.6509450144504,4465.391799295001,0.8840616644417782,0.11593833555822172,2404.0125534621775,2735.862421504736,1.1102230246251565e-16,0.9999999999999999,2101.221917808219,1061.955420264043
2,30,30,3.0,0.20399241973061766,0.0,0.796007580269383,2178.8106180816594,1167.7852540279855,0.8262252567674669,0.17377474323253306,2069.961954481224,3821.3425274861293,0.7560415760649777,0.24395842393502232,2141.678297749445,2371.8921158287476,0.15335589483496243,0.8466441051650375,1762.697946015709,941.6138824354729
2,30,30,4.5,0.25833746394243184,7.513521055324546e-17,0.7416625360575683,2121.589258466325,1159.7270736090684,0.717482724715707,0.2825172752842931,1908.6231381030343,3451.61395684926,0.6706940656101372,0.3293059343898628,1970.7485071167864,2157.290797825383,0.26890485781008017,0.7310951421899199,1541.2582462923137,865.425773415541
2,30,30,6.0,0.28550998593933286,0.0,0.7144900140606671,2092.978578773434,1156.613971143667,0.663112624546466,0.33688737545353403,1829.0521521555424,3285.936172794347,0.6280203001942785,0.37197969980572154,1886.6397972638542,2059.1730069588343,0.32667884754403975,0.6733211524559602,1436.0902307461317,829.4276571592866
2,30,30,7.0,0.29715535227051004,0.0,0.70284464772949,2080.7168591566206,1155.5087500366733,0.6398098995962579,0.3601901004037421,1795.1760114240442,3218.873332764588,0.6097318475784472,0.3902681524215527,1850.8718920607605,2019.0283703540103,0.35143875917868517,0.6485612408213148,1392.155345416398,814.4297758813742
2,30,30,8.0,0.30409725741197,0.008560284553675848,0.6873424580343541,2065.0558751351045,1154.289253151577,0.6223344926019402,0.3776655073980598,1774.427165766834,3178.3107082188117,0.5960152470192251,0.40398475298077485,1828.864941237669,1994.8051268861248,0.3700084223293768,0.6299915776706232,1363.1610337643506,805.4319361939713
2,30,30,9.0,0.2996103329457737,0.062452394057875345,0.637937272996351,2017.201552258806,1150.757611351854,0.6087416028866403,0.39125839711335975,1783.5028405775686,3192.7005919497074,0.5853471176897852,0.41465288231021474,1837.737339548153,2004.6874099368538,0.3844518465424375,0.6155481534575624,1360.0130272936808,809.9515307278667
2,30,30,10.0,0.2960055970718661,0.10552962387905979,0.5984647790490742,1978.9696638361186,1148.0604013503741,0.5978669629561782,0.40213303704382175,1790.7834250290894,3204.720817520702,0.5768124169957483,0.4231875830042518,1844.8515857742332,2012.850888405891,0.39600707097670534,0.6039929290232946,1357.4184879071568,813.6400907312783
3,50,50,0.5,0.0,1.1102230246251565e-16,0.9999999999999998,3989.334972677596,2015.6610160294026,1.0,0.0,4405.9424109589045,8519.275774282947,0.9999999999999999,1.1102230246251565e-16,4642.9587123287665,5444.3455348207635,0.0,1.0,3992.2339726027394,2017.6636805062187
3,50,50,1.0,1.1102230246251565e-16,0.0,1.0,3989.334972677596,2015.6610160294026,1.0,0.0,4405.9424109589045,8519.275774282947,1.0,0.0,4642.9587123287665,5444.3455348207635,2.220446049250313e-16,0.9999999999999998,3992.233972602739,2017.6636805062185
3,50,50,2.0,0.12278906674853583,0.0,0.8772109332514645,3773.854878447463,1971.4832486759037,0.9893369942961582,0.010663005703841837,3861.071235005862,7442.295969268398,0.8840607059627712,0.1159392940372288,4006.673435299474,4559.751465133307,0.0,1.0,3502.0323287671226,1769.9142947668713
3,50,50,3.0,0.2039954024546437,0.0,0.7960045975453567,3631.3474929497665,1946.3109700897628,0.8262245669350256,0.17377543306497448,3449.9241612428855,6368.878012371389,0.7560407270530489,0.24395927294695113,3569.450912131292,3953.1352256050327,0.15335735771251213,0.8466426422874879,2937.8197153077376,1569.3458327890476
3,50,50,4.5,0.25834022779422056,0.0,0.7416597722057796,3535.9788384336935,1932.8807042480755,0.717483656104318,0.28251634389568203,3181.026093782043,5752.672350581508,0.6706939639565918,0.32930603604340825,3284.567887086086,3595.470129269061,0.2689041489504731,0.7310958510495269,2568.7533902050886,1442.3682108211747
3,50,50,6.0,0.28551264119041675,0.0,0.7144873588095833,3488.294509900898,1927.692220639294,0.6631122438177619,0.3368877561822381,3048.4110443885647,5476.53751777152,0.6280203086336821,0.3719796913663179,3144.3906213963082,3431.9420654427295,0.32667857982154813,0.6733214201784519,2393.479902877672,1382.3723026477303
3,50,50,7.0,0.2971579605952095,0.0,0.7028420394047905,3467.8583701929247,1925.850193996532,0.639810278265641,0.36018972173435904,2991.949665384595,5364.771804431555,0.6097317878096187,0.3902682121903813,3084.7756676689255,3365.035215232855,0.35143836459621874,0.6485616354037813,2320.251911459139,1357.3821279549265
3,50,50,8.0,0.304097640173515,0.008570534292132594,0.6873318255343523,3441.7439379282455,1923.8167222778475,0.6223344487385228,0.37766555126147716,2957.375254496912,5297.179998890505,0.5960153770299792,0.40398462297002075,3048.104823308109,3324.6729166491077,0.37000853817893387,0.6299914618210661,2271.9310267463584,1342.379274014253
3,50,50,9.0,0.29961042037628505,0.06246249749456254,0.6379270821291524,3361.987386627843,1917.9306447180268,0.608741564569717,0.39125843543028305,2972.5066446554056,5321.167403344844,0.5853469763446966,0.41465302365530343,3062.8978515424265,3341.1450390316345,0.3844523201633017,0.6155476798366982,2266.6913314627486,1349.9229847300712
3,50,50,10.0,0.2960054489819096,0.10553965286116723,0.5984548981569232,3298.2680249351324,1913.4352833824578,0.5978673994508562,0.4021326005491438,2984.6380403316393,5341.206022080456,0.5768123023995422,0.4231876976004578,3074.7516188524705,3354.7509539884823,0.3960067671664592,0.6039932328335408,2262.362753109759,1356.0663055251923
4,100,100,0.5,2.220446049250313e-16,5.551115123125783e-17,0.9999999999999996,7978.670218579233,4031.3219600867606,1.0,0.0,8811.885041095891,17038.55110840141,1.0,0.0,9285.917424657535,10888.690480092655,1.1102230246251565e-16,0.9999999999999999,7984.468219178081,4035.327288519572
4,100,100,1.0,5.551115123125783e-17,0.0,1.0,7978.670218579235,4031.321960086761,1.0,0.0,8811.885041095891,17038.55110840141,1.0,0.0,9285.917424657535,10888.690480092655,1.1102230246251565e-16,0.9999999999999999,7984.468219178081,4035.327288519572
4,100,100,2.0,0.12278917057925337,0.0,0.877210829420747,7547.70960195503,3942.9663651005726,0.989336566125325,0.010663433874675015,7722.1411279456715,14884.58755091236,0.8840611367634944,0.1159388632365056,8013.345838510035,9119.504059320923,2.220446049250313e-16,0.9999999999999998,7004.059452054794,3539.833372032918
4,100,100,3.0,0.20399549832386987,3.5063098258181213e-16,0.7960045016761298,7262.694816746271,3892.621824410988,0.8262246240244961,0.17377537597550383,6899.846295642188,12737.75550205904,0.7560409153713403,0.24395908462865967,7138.899781662956,7906.271637667154,0.15335613118810767,0.8466438688118924,5875.636150627768,3138.6999765085593
4,100,100,4.5,0.2583403203632696,5.64327230778705e-17,0.7416596796367303,7071.957491085163,3865.761301128249,0.7174828842151967,0.2825171157848033,6362.050293638273,11505.335970226191,0.67069393617914,0.3293060638208601,6569.134186955922,7190.938090329009,0.2689045210223101,0.7310954789776899,5137.503100116804,2884.730990461098
4,100,100,6.0,0.28551273144058537,6.01732205729455e-17,0.7144872685594146,6976.588828052391,3855.384337631557,0.6631123169859284,0.33688768301407157,6096.819203967101,10953.074406877382,0.6280203573334061,0.3719796426665939,6288.777934235081,6863.8835439486365,0.3266782993361155,0.6733217006638845,4786.955460931292,2764.7416609029938
4,100,100,7.0,0.29715805002479384,1.1600963245594897e-17,0.7028419499752062,6935.716545471115,3851.7002856502168,0.6398104452199959,0.36018955478000414,5983.898093054764,10729.543741488373,0.6097317137113407,0.3902682862886593,6169.550448960823,6730.068365756411,0.3514385241229012,0.6485614758770988,4640.502252859709,2714.760581447023
4,100,100,8.0,0.3040976080270739,0.008571096002914476,0.6873312959700116,6883.486278706225,3847.6332363817864,0.6223341749164921,0.3776658250835079,5914.751488328567,10594.35648165845,0.5960153489515444,0.4039846510484556,6096.210874955988,6649.345581039071,0.3700087237765389,0.6299912762234612,4543.863443932269,2684.755792740368
4,100,100,9.0,0.29961038575301996,0.06246300660195265,0.6379266076450275,6723.973367034253,3835.8610928015732,0.6087416174848941,0.3912583825151059,5945.011404881119,10642.335508402033,0.5853470737004229,0.41465292629957706,6125.79325912957,6682.2907998069195,0.3844521162381258,0.6155478837618742,4533.379619637267,2699.841988207751
4,100,100,10.0,0.29600540879924586,0.10554013873277661,0.5984544524679775,6596.5347476593815,3826.8703755829165,0.5978673541368495,0.4021326458631505,5969.279736205973,10682.411079617394,0.5768121825737619,0.4231878174262381,6149.50678000827,6709.498914398748,0.39600706342519354,0.6039929365748065,4524.7297154892,2712.127192148642
5,10,15,0.5,0.0,2.7755575615628914e-16,0.9999999999999998,797.8674863387978,556.4074803907829,0.9999999999999998,2.220446049250313e-16,1241.1519178082194,2373.905650914219,0.9999999999999999,1.1102230246251565e-16,1344.5203287671231,1521.565720138089,0.0,1.0,798.4468493150684,403.5335738747977
5,10,15,1.0,0.0,0.0009375153577415662,0.9990624846422592,797.7585144717273,556.293709866084,1.0,0.0,1241.1519178082194,2373.9056509142197,1.0,0.0,1344.5203287671231,1521.5657201380893,0.0,1.0,798.4468493150684,403.5335738747977
5,10,15,2.0,1.9855591279976122e-16,0.21379535147110543,0.7862046485288944,773.0170362331812,533.5480058159857,0.9891987019970478,0.010801298002952164,1236.3701284360075,2363.0874890439086,0.8878221886937431,0.11217781130625691,1283.2630010297994,1444.4710692801827,2.220446049250313e-16,0.9999999999999998,798.4468493150684,403.5335738747977
5,10,15,3.0,0.0,0.28467018207056166,0.7153298179294386,764.7789177266906,528.1827661534984,0.826132469582955,0.17386753041704495,1164.1798808462065,2216.7342550804033,0.7585481233846039,0.2414518766153962,1212.6698623835255,1368.6509107786126,0.1530460077570527,0.8469539922429472,766.6014762903183,402.83076274361855
5,10,15,4.5,0.0,0.3318955015995248,0.6681044984004754,759.289694324025,525.596890143508,0.7174216426834196,0.28257835731658043,1116.0530467777005,2142.6232421859527,0.6723654155897358,0.32763458441026416,1165.6077712693823,1329.9646490805856,0.26869734320141603,0.731302656798584,742.5370791066778,402.4219352006033
5,10,15,6.0,0.18464101430474034,0.2956650209212358,0.5196939647740239,736.0366842330487,517.2609578786967,0.6630669020118982,0.3369330979881018,890.364827890983,1724.4034937258061,0.6292730397265286,0.3707269602734714,931.2029671775024,1072.5403439170507,0.326524454917213,0.673475545082787,595.62552662355,327.9922821823537
5,10,15,7.0,0.298300279588423,0.26886911334660357,0.4328306070649734,722.2451612367613,512.3997752932468,0.6397716713308581,0.36022832866914195,759.0122684579984,1477.2173441483117,0.610806165065724,0.38919383493427595,794.318368530597,919.4532631140286,0.3513054106434163,0.6486945893565836,508.9765684893382,282.2306257088707
5,10,15,8.0,0.383544725933767,0.2487721838533435,0.3676830902128896,711.9015192408175,508.81247801609027,0.62230124641417,0.37769875358583005,662.0379254842434,1293.837204597219,0.5969553591976401,0.40304464080235997,693.1600873083831,805.6906660819488,0.36989134272160906,0.6301086572783909,444.7611408431009,247.92364824504756
5,10,15,9.0,0.44984596325455195,0.2331412363442218,0.31701280040122626,703.8564644384071,506.07184233162087,0.6087113741227376,0.39128862587726243,587.5251227655142,1152.2595013935584,0.5861824240872386,0.4138175759127613,615.3733612054336,717.7616279437763,0.3843487818974396,0.6156512181025604,395.27219528700897,221.2413366531467
5,10,15,10.0,0.502886954033306,0.2206364795511837,0.2764765664155104,697.4204203181788,503.9214480737668,0.5978390862203341,0.40216091377966595,528.4869391446309,1039.5947656042524,0.5775650195902614,0.4224349804097386,553.7037359412923,647.735568370993,0.3959153021176488,0.6040846978823512,355.96485247764804,199.90670606762257
6,50,75,0.5,1.1102230246251565e-16,0.0,1.0,3989.334972677596,2782.035166875476,1.0,0.0,6205.75909589041,11869.528152799689,1.0,0.0,6722.602191780821,7607.828106170804,0.0,1.0,3992.2339726027394,2017.6636805062187
6,50,75,1.0,1.0129863221597408e-15,0.0009340898228568094,0.9990659101771422,3988.792107006163,2781.4683999869635,1.0,0.0,6205.75909589041,11869.528152799689,1.0,0.0,6722.602191780821,7607.828106170804,1.1102230246251565e-16,0.9999999999999999,3992.2339726027394,2017.6636805062187
6,50,75,2.0,0.0,0.21379247866552875,0.7862075213344715,3865.0850401357875,2667.740885688063,0.9892000749405094,0.010799925059490557,6181.853190441604,11815.444311760093,0.887821610296538,0.11217838970346189,6416.313881655915,7222.352099434751,1.1102230246251565e-16,0.9999999999999999,3992.2339726027394,2017.6636805062187
6,50,75,3.0,1.9129472557253161e-16,0.2846675658243031,0.7153324341756968,3823.894513446822,2640.9148932091757,0.826133384086139,0.173866615913861,5820.900973464071,11083.676835726556,0.7585477368383702,0.24145226316162982,6063.348605995685,6843.251204283657,0.15304759343202354,0.8469524065679765,3833.0054409932177,2014.1498442286243
6,50,75,4.5,0.0,0.33189305731461577,0.6681069426853844,3796.44843971892,2627.9856115036832,0.7174222528911802,0.2825777471088198,5580.266153383008,10713.121118543591,0.6723651576928462,0.3276348423071538,5828.038430849946,6649.819824583432,0.26869840014850305,0.7313015998514969,3712.683992481839,2012.105867815564
6,50,75,6.0,0.184638543244112,0.2956643670355155,0.5196970897203724,3680.184742544345,2586.306792746827,0.6630666868475943,0.33693331315240577,4451.831655732615,8622.042274342097,0.6292738745744708,0.37072612542552913,4656.026047331928,5362.726780292562,0.32652350959449195,0.673476490405508,2978.1263650544615,1639.9701751524426
6,50,75,7.0,0.2982978447105736,0.26886903214145064,0.4328331231479758,3611.2270964803715,2562.001093617552,0.6397718694575176,0.36022813054248237,3795.075079596437,7386.115609267624,0.6108061137317699,0.38919388626823015,3971.6054648122,4597.28599700649,0.3513059624900227,0.6486940375099772,2544.890658085923,1411.1745236625775
6,50,75,8.0,0.3835423192918408,0.24877253085773363,0.3676851498504255,3559.5088631275535,2544.064776690166,0.6222999653369398,0.3777000346630602,3310.199658278834,6469.2004062837095,0.5969552731563531,0.4030447268436469,3465.8128571428015,4028.4705489471094,0.36989309800569703,0.630106901994303,2223.8117223659183,1239.6329335774453
6,50,75,9.0,0.44984357661692476,0.23314191953692348,0.31701450384615176,3519.283570569047,2530.3617371572586,0.6087112804690372,0.3912887195309628,2937.6322207171547,5761.326540348395,0.5861825101930115,0.41381748980698846,3076.8749037002735,3588.831178945451,0.384349341553888,0.615650658446112,1976.3608324553904,1106.2409941540539
6,50,75,10.0,0.5028845843348897,0.22063742928928004,0.2764779863758304,3487.1033358326636,2519.609882904897,0.5978403117625701,0.40215968823742987,2642.451249728078,5198.011053653939,0.5775645168827592,0.4224354831172407,2768.5342982903835,3238.691339188507,0.39591409943022826,0.6040859005697717,1779.83785452475,999.5457555352397
7,100,150,0.5,1.6653345369377348e-16,2.220446049250313e-16,0.9999999999999996,7978.670218579234,5564.070102706337,1.0,0.0,12411.518191780824,23739.056017362964,0.9999999999999999,1.1102230246251565e-16,13445.203726027394,15215.65642033211,0.0,1.0,7984.468219178082,4035.3272885195724
7,100,150,1.0,3.60269440489253e-16,0.0009339516079519904,0.9990660483920476,7977.584647532037,5562.936736675979,1.0,5.551115123125783e-17,12411.518191780824,23739.056017362964,0.9999999999999999,1.1102230246251565e-16,13445.203726027394,15215.65642033211,0.0,1.0,7984.468219178082,4035.3272885195724
7,100,150,2.0,6.21958243877184e-16,0.2137923762628411,0.7862076237371584,7730.170390744004,5335.481655319403,0.9892000856191184,0.010799914380881622,12363.70643111683,23630.888445247027,0.8878216126998257,0.11217838730017421,12832.627223396239,14444.70440710678,0.0,1.0,7984.468219178082,4035.3272885195724
7,100,150,3.0,0.0,0.28466748059581143,0.7153325194041888,7647.789290293098,5281.829650852969,0.8261333915883233,0.17386660841167673,11641.802027775379,22167.353497131116,0.7585477380816512,0.24145226191834873,12126.696786160788,13686.502593311401,0.1530475198885955,0.8469524801114046,7666.011283827608,4028.2996356553917
7,100,150,4.5,1.33718535446003e-17,0.3318929801537398,0.6681070198462603,7592.897115395571,5255.971079207751,0.7174222574911161,0.2825777425088839,11160.532404548725,21426.242059521832,0.6723651587211008,0.32763484127889914,11656.076514974771,13299.639824592745,0.26869834931354764,0.7313016506864524,7425.368320542613,4024.211691217233
7,100,150,6.0,0.18463847562272173,0.2956643436050076,0.5196971807722706,7360.369737720267,5172.613467612773,0.6630665711394841,0.3369334288605159,8903.66346582902,17244.083941533325,0.6292738819720689,0.3707261180279311,9312.053288706446,10725.455255861169,0.3265238331562593,0.6734761668437407,5956.2535834581695,3279.9415758794044
7,100,150,7.0,0.2982977762966737,0.2688690255129804,0.43283319819034577,7222.454415752877,5124.0020714450775,0.6397714089854671,0.36022859101453286,7590.149392914866,14772.224476460182,0.6108061531676187,0.3891938468323814,7943.211534495869,9194.574090687958,0.3513062042653423,0.6486937957346577,5089.781813952801,2822.349666348509
7,100,150,8.0,0.3835422501160923,0.24877253774556893,0.3676852121383388,7119.017925853471,5088.12943951503,0.6222999575252346,0.37770004247476535,6620.399595025016,12938.40272428369,0.5969553940519959,0.40304460594800406,6931.625687688019,8056.944732267293,0.36989282803031837,0.6301071719696816,4447.62286671371,2479.2672608602925
7,100,150,9.0,0.4498435084388346,0.23314193530417263,0.3170145562569928,7038.567322229947,5060.723362304173,0.6087112127263785,0.3912887872736215,5875.266453893443,11522.65314913993,0.5861825715315648,0.4138174284684351,6153.751850982968,7177.665275064648,0.3843490805321494,0.6156509194678506,3952.724103793538,2212.4852916395453
7,100,150,10.0,0.5028845167216683,0.2206374529187047,0.2764780303596272,6974.206837417124,5039.219655524237,0.5978399376251075,0.4021600623748925,5284.902298480494,10396.016246774485,0.577564326528937,0.42243567347106303,5537.068586201189,6477.379071119301,0.3959144548587029,0.6040855451412971,3559.6755908799823,1999.0901673493674
8,10,20,0.5,0.0,1.0,1.3183898417423734e-16,884.3255191256833,759.1854582954445,1.0,0.0,1584.2609589041097,3012.7720167371644,0.9999999999999999,1.1102230246251565e-16,1748.5193972602742,1935.5696713087584,0.0,1.0,798.4468493150684,519.0652330130283
8,10,20,1.0,0.12352245668961646,0.8764775433103836,2.2551405187698492e-17,879.5484129856412,739.9094526847441,1.0,5.551115123125783e-17,1388.5690410958905,2640.6272751542133,0.9999999999999999,1.1102230246251565e-16,1532.5378904109589,1696.483154666998,0.0,1.0,699.8213698630136,454.94897241038444
8,10,20,2.0,0.5976688091265808,0.40233119087341923,0.0,861.2112821334214,666.3261033925811,0.9891505040648806,0.010849495935119417,633.9677392887219,1206.3425215411803,0.8906921042679347,0.10930789573206534,661.7024026178539,737.5925528107025,1.1102230246251565e-16,0.9999999999999999,321.2427397260273,208.83634299180153
8,10,20,3.0,0.7557175970134471,0.24428240298655296,1.5612511283791264e-17,855.0989050379939,642.2696604027193,0.8261123581492922,0.17388764185070782,353.627440737014,685.115709630849,0.7604588198173251,0.2395411801826749,371.53841787433356,422.4095579514385,0.1528418225592426,0.8471581774407574,194.00334645974345,124.91874593480689
8,10,20,4.5,0.8610834545936971,0.13891654540630297,0.0,851.0239870134747,626.7729816927646,0.7174079298330382,0.28259207016696175,189.23134140332863,375.9725976336138,0.673647046327071,0.326352953672929,199.82575973667082,232.83964253026096,0.26857551050905226,0.7314244894909477,109.8745640476847,70.41441920878303
8,10,20,6.0,0.9137663835657683,0.08623361579174123,0.0,848.9865279673799,619.4506896048042,0.6630585105198923,0.33694148948010766,113.78269827236066,230.22320382278946,0.6302316859458579,0.3697683140541421,120.48520314876974,142.81608925506555,0.32641010510732743,0.6735898948926726,68.06385366204451,43.56574838231529
8,10,20,7.0,0.9365753889733527,0.06342461102664729,3.469446951953614e-18,848.1044127683243,616.455439003853,0.6397634626227526,0.36023653737724737,82.5269308669499,168.51368269398205,0.6116231244342433,0.38837687556575673,87.49604166356272,104.59627024804061,0.3512228680979087,0.6487771319020913,50.01860895624803,32.005389510339015
8,10,20,8.0,0.9532853885159132,0.046714611484086864,7.589415207398531e-19,847.4581704286383,614.3627476940305,0.622295065863004,0.37770493413699596,60.14015518684717,123.72340763743716,0.5976788696260518,0.4023211303739483,63.82270869671351,76.82657927978612,0.3698273906458128,0.6301726093541872,36.81214042854962,23.555536469324572
8,10,20,9.0,0.959334677434472,0.03612674825878624,0.0045385743067425,846.8318240888964,612.4222647440683,0.6086854758435889,0.3913145241564111,51.91945562571195,107.46157936255088,0.5868078737834629,0.4131921262165371,55.14003172801176,66.74555192543201,0.3843247292610493,0.6156752707389507,32.03202640453786,20.494206988972174
8,10,20,10.0,0.9615570808498282,0.028600552767466068,0.009842366236044096,846.2873194608637,610.7800698921736,0.5978345883609542,0.40216541163904584,48.75356684270044,101.43035854508102,0.5781153159519463,0.4218846840480537,51.80845792615362,63.007185812415216,0.39584396056590493,0.604156039434095,30.268179252116916,19.3664618736997
9,30,60,0.5,8.673617379884035e-18,1.0,0.0,2652.976693989071,2277.556196085969,1.0,0.0,4752.78298630137,9038.316417273618,1.0,0.0,5245.557863013698,5806.70906472658,0.0,1.0,2395.337808219178,1557.195123884822
9,30,60,1.0,0.1235403872753023,0.8764596127246979,0.0,2638.6433526092674,2219.7198029005826,0.9999999999999998,2.220446049250313e-16,4165.622794520546,7921.7193050956175,1.0,0.0,4597.519616438356,5089.34574559273,0.0,1.0,2099.4189041095888,1364.8188927709634
9,30,60,2.0,0.5976771887877816,0.4023228112122184,0.0,2583.6332883971318,1998.9742890821954,0.9891571357706638,0.01084286422933621,1901.8690571668822,3618.962525009624,0.890693967425259,0.109306032574741,1985.0659312639864,2212.7347517942403,1.1102230246251565e-16,0.9999999999999999,963.7016438356163,626.4952709302083
9,30,60,3.0,0.755722788587795,0.24427721141220507,2.6020852139652106e-17,2565.296600408116,1926.806444538722,0.8261113787905658,0.1738886212094342,1060.859037330574,2055.302202490252,0.7604653005720811,0.23953469942791894,1114.5950478419206,1267.2106789615777,0.15285955766596449,0.8471404423340355,581.9949704193206,374.74774915648806
9,30,60,4.5,0.8610865198048272,0.13891348019517286,2.42861286636753e-17,2553.07214197884,1880.317365145701,0.7174042943887449,0.28259570561125513,567.6826660639172,1127.8902875122815,0.6736443917336283,0.3263556082663717,599.4654170298511,698.5015377904833,0.26857075256909924,0.7314292474309008,329.6227701431337,211.23916593741038
9,30,60,6.0,0.9137683865692707,0.0862316134307293,0.0,2546.9599126300895,1858.3509408803795,0.6630541634303363,0.3369458365696637,341.3439660717793,690.6509060990545,0.6302329018763582,0.36976709812364184,361.45218126566516,428.4397126214202,0.32642311245054256,0.6735768875494574,204.1954147906862,130.69491641510882
9,30,60,7.0,0.936576848093943,0.06342315190605703,0.0,2544.3136406489866,1849.3654058641139,0.639763674442012,0.360236325557988,247.5739841258458,505.5292108187939,0.6116304223702584,0.38836957762974156,262.4831043493899,313.78689296588385,0.3512261404933247,0.6487738595066753,150.05109529680644,96.01341455316529
9,30,60,8.0,0.9532866080690471,0.046713391930952794,2.168404344971009e-19,2542.37494918638,1843.0874238905635,0.6222978187160157,0.3777021812839842,180.42318554185857,371.16167364575244,0.5976748535339409,0.4023251464660591,191.46953169095943,230.47116401791232,0.3698213502975647,0.6301786497024353,110.44460280123349,70.66412865391197
9,30,60,9.0,0.9593407845761557,0.0361239278230094,0.004535287668416115,2540.496185377803,1837.266862210086,0.6087082251102913,0.3912917748897086,155.739180106229,322.3470041384252,0.5868180186299091,0.41318198137009093,165.39831986831805,200.21127251131438,0.3842838452261881,0.6157161547738119,96.08435455102297,61.4730486129443
9,30,60,10.0,0.9615626370109894,0.02859805645878695,0.009839306530224216,2538.8626623845907,1832.3402882960543,0.59783567906994,0.40216432093006,146.24308924440362,304.2472416227565,0.5781380027276313,0.4218619972723687,155.40869034271392,189.00700485554,0.3958527739097501,0.6041472260902498,90.79573016748624,58.09119120957812
10,50,100,0.5,0.0,0.9999999999999999,9.367506770274758e-17,4421.6281147540985,3795.9272642633814,1.0,0.0,7921.305232876713,15063.860808886107,1.0,0.0,8742.596794520548,9677.848342355997,0.0,1.0,3992.2339726027394,2595.32539830367
10,50,100,1.0,0.12353886137539419,0.8764611386246058,3.382710778154774e-17,4397.739519892815,3699.53450579305,1.0,0.0,6942.716328767123,13202.888901966993,1.0,0.0,7662.545945205478,8482.257826016239,0.0,1.0,3499.0380821917806,2274.7018703842223
10,50,100,2.0,0.5976760411337106,0.40232395886628947,0.0,4306.056053898253,3331.625117169534,0.9891642168984294,0.010835783101570606,3169.802162276789,6031.640689997432,0.8906968060714439,0.10930319392855614,3308.4574251684735,3687.9081711555386,0.0,1.0,1606.1712328767123,1044.1615059399553
10,50,100,3.0,0.7557217692800252,0.24427823071997484,0.0,4275.494898265036,3211.3452490353616,0.8261108716815627,0.17388912831843728,1768.1062279919881,3425.5166702182128,0.7604637497945833,0.2395362502054167,1857.6659344848174,2112.0232529389295,0.15285729508612236,0.8471427049138777,970.0015330838712,624.5826489746066
10,50,100,4.5,0.8610855847483493,0.1389144152516507,0.0,4255.1207951468805,3133.8633040322347,0.7174037865887721,0.28259621341122787,946.1408253894466,1879.829949857366,0.6736425855586191,0.3263574144413809,999.1110097515672,1164.1752899292765,0.2685701376146715,0.7314298623853285,549.3670601923578,352.06839143588826
10,50,100,6.0,0.9137674947146235,0.08623250528537657,1.3877787807814457e-17,4244.933743156182,3097.2524807432305,0.6630574695220783,0.3369425304779216,568.9124149744771,1151.100275206411,0.6302331398363283,0.36976686016367166,602.425492888711,714.0732624571069,0.3264251034791438,0.6735748965208562,340.3271938724597,217.8262465211154
10,50,100,7.0,0.9365759468493711,0.06342405315062893,0.0,4240.523293955065,3082.276542394997,0.639759766621979,0.360240233378021,412.63043808175985,842.5564258853042,0.6116268660588006,0.38837313394119943,437.4793583186496,522.9817417408119,0.35122880823949454,0.6487711917605055,250.0925976336151,160.02490278577028
10,50,100,8.0,0.9532857505167005,0.04671424948329962,1.5178830414797062e-18,4237.292134742682,3071.8131658192124,0.6222855980014078,0.37771440199859213,300.7097438071274,618.6021541211252,0.5976712514109399,0.4023287485890601,319.1222570835162,384.1211770652371,0.3698322887787887,0.6301677112212113,184.0794910590742,117.77428059040297
10,50,100,9.0,0.9593409434039358,0.03612440277686124,0.0045346538192051564,4234.160947971387,3062.112459072974,0.608702180725036,0.391297819274964,259.5618910783482,537.2376949714114,0.5868208197976647,0.41317918020233535,275.66188505596415,333.6877471414581,0.38428963832242524,0.6157103616775748,160.1379086772561,102.45499475966405
10,50,100,10.0,0.961562843165393,0.02859849767664277,0.009838659183932164,4231.43841613928,3053.9014904802752,0.5978341533771131,0.4021658466228869,243.73653237853878,507.07473140678997,0.5781374338776063,0.4218625661223937,259.0128781801277,315.0103154039412,0.39585915200138416,0.6041408479986159,151.32521411257733,96.8181440107605
11,100,200,0.5,1.6479873021779667e-16,0.9999999999999999,5.204170427930421e-18,8843.25538251366,7591.854279078784,1.0,0.0,15842.610684931507,30127.721965948167,1.0,0.0,17485.193342465755,19355.69680642419,0.0,1.0,7984.468219178082,5190.651071743041
11,100,200,1.0,0.12353946452277409,0.8764605354772258,1.1188966420050406e-16,8795.478054042062,7399.0678421785515,1.0,0.0,13885.42298630137,26405.75929169104,1.0,0.0,15325.082027397259,16964.50427045013,0.0,1.0,6998.071232876712,4549.400647504865
11,100,200,2.0,0.5976763483911749,0.4023236516088252,0.0,8612.111599212525,6663.249616279617,0.9891628655495577,0.010837134450442328,6339.5953159930295,12063.264742921536,0.8906946111210579,0.10930538887894213,6616.901736319032,7375.800247428584,0.0,1.0,3212.340547945206,2088.321601253602
11,100,200,3.0,0.755721982281677,0.24427801771832303,0.0,8550.989445307638,6422.690063512764,0.8261086843695497,0.17389131563045038,3536.204069174789,6851.018254165791,0.7604631406820931,0.23953685931790691,3715.3260103388825,4224.039839946383,0.15285526615989894,0.8471447327012407,1939.9963147058431,1249.164532168281
11,100,200,4.5,0.8610857374734684,0.13891426252653155,0.0,8510.241342988713,6267.726298684686,0.7174053269211913,0.2825946730788087,1892.2825870429929,3759.6593231505994,0.6736427493263297,0.3263572506736702,1998.2217127838119,2328.346419783688,0.2685705391903337,0.7314294608096663,1098.736794279269,704.1349455373507
11,100,200,6.0,0.9137676154530735,0.08623238454692661,0.0,8489.867291680855,6194.504721500104,0.6630550804835015,0.3369449195164985,1137.824615058973,2302.1925044808677,0.6302321257067213,0.36976787429327873,1204.8514893029487,1428.1432218168115,0.3264277997872684,0.6735722002127316,680.6590785510319,435.6524657378393
11,100,200,7.0,0.936576054442242,0.06342394555775799,0.0,8481.046415811597,6164.552875081808,0.6397600127176349,0.36023998728236506,825.2591511186729,1685.1105931872678,0.6116268696405307,0.3883731303594693,874.9563988217249,1045.9610490226096,0.3512232006149904,0.6487767993850095,500.1838194515921,320.04982933564577
11,100,200,8.0,0.9532858487308763,0.04671415126912379,0.0,8474.58411379738,6143.626144271802,0.6222930796004408,0.37770692039955917,601.42329896948,1237.2147986167877,0.5976745671540479,0.4023254328459522,638.2470069290925,768.2461288221081,0.3698172072095973,0.6301827927904027,368.16263230524584,235.54899154135765
11,100,200,9.0,0.959341110403457,0.036124284994063546,0.004534604602480154,8468.321765917168,6124.2247858736355,0.6087013281777003,0.3912986718222997,519.1220803197424,1074.4669280981095,0.5868219894691936,0.41317801053080644,551.3229216581067,667.3716639751327,0.3842850176166011,0.615714982383399,320.2758494788027,204.90766054350635
11,100,200,10.0,0.9615629912951557,0.028598390956007243,0.009838617602231764,8462.876710518945,6107.802853909815,0.5978314772374111,0.40216852276258885,487.4700855150615,1014.1417601353335,0.5781403840937731,0.4218596159062269,518.0239403020894,630.0253932830893,0.3958572946053729,0.6041427053946271,302.6486114509245,193.63675999168893
12,200,400,0.5,3.8163916471489756e-17,0.9999999999999999,7.37257477290143e-17,17686.511147540983,15183.708600226495,1.0,0.0,31685.22131506849,60255.44378283686,1.0,0.0,34970.38676712329,38711.39334509821,1.1102230246251565e-16,0.9999999999999999,15968.936164383562,10381.301761676343
12,200,400,1.0,0.1235396543892724,0.8764603456107276,0.0,17590.95630998684,14798.13508527511,1.0,0.0,27770.840136986302,52811.507102846845,1.0,0.0,30650.157452054795,33929.00122994125,0.0,1.0,13996.140821917808,9098.799494555351
12,200,400,2.0,0.5976764196628489,0.40232358033715104,3.386284074323911e-18,17224.223362512304,13326.498803116043,0.9891630188486992,0.010836981151300818,12679.188894614006,24126.526647721876,0.8906952912118564,0.10930470878814359,13233.80608952796,14751.603946009487,2.220446049250313e-16,0.9999999999999998,6424.678904109589,4176.64254755081
12,200,400,3.0,0.7557220087664404,0.2442779912335597,1.734723475976807e-18,17101.97904616222,12845.379752975117,0.8261082521717338,0.17389174782826616,7072.406742159001,13702.03158510672,0.760463628825783,0.239536371174217,7430.6552395851195,8448.083600984126,0.1528564259603109,0.8471435740396891,3879.9981521226673,2498.328288395979
12,200,400,4.5,0.8610857337396941,0.138914266260306,0.0,17020.482836109742,12535.452242687697,0.7174058889350317,0.28259411106496835,3784.5647418705416,7519.324197391517,0.6736423784765218,0.3263576215234783,3996.440398784876,4656.693005904002,0.26857084258795627,0.7314291574120437,2197.468281249357,1408.271010314563
12,200,400,6.0,0.9137675971508439,0.08623240284915604,6.938893903907228e-18,16979.734730368407,12389.009083579578,0.6630539526797617,0.33694604732023825,2275.6447991472864,4604.377785915263,0.6302319470449673,0.3697680529550326,2409.6996213137327,2856.2843087540155,0.3264285278926123,0.6735714721073878,1361.3119102577687,871.3039593120637
12,200,400,7.0,0.936576026188886,0.06342397381111403,3.469446951953614e-18,16962.09298009503,12329.105393600032,0.6397600931137257,0.3602399068862743,1650.519855521476,3370.223470736098,0.611627304647729,0.38837269535227104,1749.9150779921022,2091.9257416732626,0.3512244358049238,0.6487755641950762,1000.3690267328722,640.0992830877497
12,200,400,8.0,0.9532858192117319,0.046714180788268084,0.0,16949.16837248013,12287.251916456,0.6222911463808872,0.37770885361911277,1202.845875263771,2474.4245032038925,0.597673573982444,0.4023264260175559,1276.4935340676136,1536.4893289822749,0.3698207960002712,0.6301792039997288,736.3248357710651,471.09791648028016
12,200,400,9.0,0.9593412070915042,0.03612427112760743,0.004534521780889221,16936.643717686333,12248.449330188063,0.6087039651121396,0.39129603488786036,1038.2433108002556,2148.939349274092,0.5868217501394895,0.41317824986051055,1102.6429849742797,1334.7397187731708,0.38428556543651987,0.6157144345634802,640.5496844773852,409.81425736952815
12,200,400,10.0,0.9615630815118597,0.028598381262003807,0.00983853722613757,16925.753603703815,12215.605460453364,0.5978321674828483,0.4021678325171517,974.9382726254595,2028.2811811418233,0.5781386583178251,0.42186134168217493,1036.0442160405141,1260.040920551806,0.3958579071590663,0.6041420928409337,605.2958912750018,387.2724308918534
13,300,600,0.5,0.0,1.0,0.0,26529.766857923496,22775.563037505133,0.9999999999999998,2.220446049250313e-16,47527.832328767116,90383.16580941406,0.9999999999999999,1.1102230246251565e-16,52455.580465753425,58067.09019598753,5.551115123125783e-17,1.0,23953.404109589042,15571.952843336197
13,300,600,1.0,0.12353924753758846,0.8764607524624116,0.0,26386.43501624509,22197.20467733965,1.0,5.551115123125783e-17,41656.27967123288,79217.2975819746,1.0,0.0,45975.25750684931,50893.525605315255,1.1102230246251565e-16,0.9999999999999999,20994.22,13648.205554725586
13,300,600,2.0,0.5976762103710253,0.40232378962897475,6.938893903907228e-17,25836.335145594305,19989.74935359019,0.9891626516163836,0.010837348383616404,19018.79030493744,36189.802481380815,0.8906952887782136,0.10930471122178638,19850.7195051665,22127.41789631119,0.0,1.0,9637.02575342466,6264.967182806676
13,300,600,3.0,0.7557218740487897,0.24427812595121023,8.673617379884035e-18,25652.968511138097,19268.070437839895,0.8261085548473676,0.17389144515263247,10608.618369082647,20553.06233346119,0.760463724914407,0.23953627508559305,11145.99015843055,12672.13292967085,0.1528566405485969,0.8471433594514032,5820.002683102477,3747.4940135766687
13,300,600,4.5,0.8610856507825717,0.13891434921742823,0.0,25530.72408706671,18803.17893758958,0.7174058387272102,0.2825941612727898,5676.850045489365,11278.991288722842,0.6736423172574849,0.3263576827425151,5994.66394386106,6985.041526706084,0.2685712325843017,0.7314287674156983,3296.204294282642,2112.406658591377
13,300,600,6.0,0.9137675383681156,0.08623246163188439,6.938893903907228e-18,25469.60187593754,18583.514090511533,0.6630542940797787,0.33694570592022133,3413.47115762336,6906.574540324884,0.6302319990170095,0.36976800098299045,3614.552875032321,4284.430210875023,0.3264286238634249,0.6735713761365751,2041.9711586766327,1306.9570863843742
13,300,600,7.0,0.9365759803377365,0.06342401966226355,0.0,25443.139224930004,18493.658499921738,0.6397600212288983,0.3602399787711017,2475.780216043626,5055.33843046352,0.6116272165041143,0.38837278349588567,2624.8728070567104,3137.8900485427366,0.3512241399076448,0.6487758600923552,1500.5523458203104,960.1500464575681
13,300,600,8.0,0.9532857789279191,0.04671422107208091,0.0,25423.75229928698,18430.878259130695,0.622291320862507,0.37770867913749295,1804.2706379813462,3711.640221188125,0.597673376350875,0.402326623649125,1914.7417560898007,2304.734181938593,0.36982054519653607,0.6301794548034639,1104.4883542997648,706.6467413723568
13,300,600,9.0,0.959341069032669,0.036124342574759646,0.004534588392572486,25404.965254949042,18372.67419445399,0.6087024653140515,0.3912975346859485,1557.3676763893045,3223.4115735903406,0.5868214242604275,0.41317857573957245,1653.968215930734,2002.1148232322435,0.3842857810439342,0.6157142189560658,960.8259829308312,614.7233950283584
13,300,600,10.0,0.961562957290725,0.028598444414354395,0.009838598294920982,25388.6300812655,18323.408385683917,0.5978320862509087,0.40216791374909133,1462.4122035725547,3042.4304424805823,0.5781386937135173,0.4218613062864827,1554.0713453268218,1890.066475590398,0.3958576775791827,0.6041423224208173,907.9467849250967,580.9096385872177
14,400,800,0.5,0.0,1.0,9.280770596475918e-17,35373.02243169398,30367.41701564348,1.0,0.0,63370.44279452054,120510.88779643136,0.9999999999999998,2.220446049250313e-16,69940.77380821918,77422.78684785699,1.1102230246251565e-16,0.9999999999999999,31937.872328767124,20762.603667000847
14,400,800,1.0,0.12353943588831738,0.8764605641116826,5.5830699296145e-17,35181.91303721405,29596.271337095655,1.0,0.0,55541.69405479451,105623.04073372373,1.0,0.0,61300.32983561644,67858.0193042692,0.0,1.0,27992.28575342466,18197.603312363335
14,400,800,2.0,0.5976763043061011,0.4023236956938989,6.938893903907228e-18,34448.44676247854,26652.998067621334,0.9891625731742669,0.010837426825733056,25358.37994508892,48253.05718434825,0.8906953095673863,0.10930469043261368,26467.620249631294,29503.217201247877,1.1102230246251565e-16,0.9999999999999999,12849.364109589042,8353.287201932113
14,400,800,3.0,0.7557219268030207,0.24427807319697925,3.469446951953614e-17,34203.95800471139,25690.759727182965,0.8261085390004619,0.17389146099953812,14144.820780240629,27404.076964434054,0.7604634439632556,0.2395365560367444,14861.313086197399,16896.16972072322,0.1528566719736373,0.8471433280263627,7759.998989386646,4996.658152033184
14,400,800,4.5,0.8610856739863715,0.13891432601362858,0.0,34040.96550130908,25070.90453534283,0.7174055272153667,0.28259447278463334,7569.132397430093,15038.648689469701,0.6736423747865568,0.32635762521344325,7992.885713719039,9313.3882770774,0.2685709876176925,0.7314290123823075,4394.941641986152,2816.542196878932
14,400,800,6.0,0.9137675479952523,0.0862324520047477,6.938893903907228e-18,33959.46924896253,24778.018126854407,0.6630542396045274,0.33694576039547264,4551.294573105436,9208.76405395325,0.6302317692276054,0.3697682307723946,4819.403264558529,5712.5698869250255,0.3264282061532066,0.6735717938467933,2722.6288942953365,1742.6090770773876
14,400,800,7.0,0.9365759826976477,0.0634240173023523,0.0,33924.18572905921,24658.210699878608,0.6397608668844539,0.36023913311554606,3301.042797934423,6740.459166360343,0.6116273066744314,0.38837269332556856,3499.831668162181,4183.854908913126,0.3512240222669813,0.6487759777330186,2000.7381942455434,1280.2002720879125
14,400,800,8.0,0.9532857787345747,0.04671422126542531,0.0,33898.33650140541,24574.503716116822,0.6222907053154471,0.37770929468455294,2405.6914125720477,4948.849988794234,0.5976741027548909,0.4023258972451091,2552.98840347127,3072.985940758751,0.36982156605065886,0.6301784339493411,1472.647985074812,942.19658970374
14,400,800,9.0,0.9593411407911122,0.03612431898702897,0.00453454022185905,33873.287164557805,24496.89846277642,0.6087032408358026,0.3912967591641973,2076.4875423654653,4297.881079690794,0.5868210510255314,0.41317894897446855,2205.2863300830795,2669.4797890307036,0.3842850645925921,0.6157149354074078,1281.0986629010415,819.6308385158068
14,400,800,10.0,0.9615630223325927,0.028598424949024412,0.009838552718383086,33851.50693401783,24431.21071710726,0.5978324501967269,0.402167549803273,1949.8798365013806,4056.571233439538,0.5781388269643076,0.42186117303569237,2072.0918475479525,2520.0870807165334,0.3958567766904122,0.6041432233095878,1210.5934343910794,774.5462593067588
15,5,15,0.5,0.434121170081198,0.5658788299188015,4.440892098500626e-16,606.4295454096855,481.28102244172396,1.0,0.0,594.3653698630137,1120.9371241869128,1.0,0.0,690.3946575342466,752.3412651934382,0.9999999999999999,1.1102230246251565e-16,305.0409589041096,212.41729531985163
15,5,15,1.0,0.8200760600655305,0.1799239399344694,6.938893903907228e-17,598.0544719300435,450.56809691327516,1.0,0.0,188.9812054794521,356.40739588867575,1.0,0.0,219.5144109589041,239.2104979905702,1.0,0.0,96.98958904109588,67.53894804372236
15,5,15,2.0,0.9999999999999999,1.3877787807814457e-16,0.0,594.1501912568306,440.7503568603956,,,,,,,,,,,,
15,5,15,3.0,0.9999999999999999,1.1102230246251565e-16,2.7755575615628914e-17,594.1501912568306,440.7503568603956,,,,,,,,,,,,
15,5,15,4.5,0.9694411650142905,5.323432666903827e-17,0.030558834985709566,588.1845581114839,435.2341842618315,0.7163556376258353,0.2836443623741647,26.453804199637442,54.098395383541686,0.6739171334464155,0.32608286655358454,29.104297935709294,34.8063626447222,0.7312011288513549,0.26879887114864515,15.324814202470792,10.9108962120735
15,5,15,6.0,0.9296081586294984,0.0,0.07039184137050147,580.4084402300579,428.7057019454002,0.6622449595732494,0.33775504042675064,58.456240341226795,122.85375126783968,0.6304363936241253,0.3695636063758747,64.52938015247601,79.14172788290189,0.6734446501020394,0.32655534989796065,34.731969067664274,24.955764270897777
15,5,15,7.0,0.9125368695847249,6.938893903907228e-17,0.08746313041527497,577.0758181648869,426.2241286678154,0.6390806054603525,0.3609193945396475,71.31335195882778,151.88669762553934,0.6118099592890431,0.3881900407109569,78.84129539798084,97.88630831732041,0.6486319028810115,0.3513680971189886,42.851592355944916,30.93030021015358
15,5,15,8.0,0.899733403303116,7.45931094670027e-17,0.10026659669688405,574.5763517140024,424.5232010838724,0.6216868202917128,0.37831317970828715,80.61571892989933,173.54296131351865,0.5978525862059115,0.40214741379408847,89.2322151427862,111.88174687796085,0.6300780360183476,0.36992196398165245,48.86285822373966,35.40059053880573
15,5,15,9.0,0.8897751515809675,7.45931094670027e-17,0.11022484841903243,572.6323222190581,423.3096447185054,0.6081507920811348,0.3918492079188652,87.65138806716934,190.33774643310028,0.5869706110806766,0.41302938891932334,97.11044683724649,122.73378684091288,0.6156289203112246,0.3843710796887754,53.49353139747508,38.87314969181762
15,5,15,10.0,0.881808550917298,4.475586568020162e-16,0.11819144908270154,571.0770987624979,422.41530012627305,0.5973413383382937,0.4026586616617062,93.15477770650894,203.75957790023222,0.5782798640354051,0.42172013596459496,103.28624495011022,131.40780290115316,0.6040582559961318,0.39594174400386817,57.16873641487745,41.64782808663948
16,10,30,0.5,0.434122833888978,0.5658771661110225,0.0,1212.859178531355,962.5616580733968,1.0,0.0,1188.7275616438355,2241.8674721156085,0.9999999999999998,2.220446049250313e-16,1380.7849041095888,1504.6781630080568,0.9999999999999999,1.1102230246251565e-16,610.0804657534247,424.83325980409245
16,10,30,1.0,0.8200812984119902,0.17991870158800993,0.0,1196.1091400726575,901.1353589563014,1.0,0.0,377.95156164383565,712.7941564789,0.9999999999999999,1.1102230246251565e-16,439.01586301369866,478.4069631113689,0.9999999999999999,1.1102230246251565e-16,193.9729863013699,135.0743223359608
16,10,30,2.0,1.0,0.0,1.3877787807814457e-17,1188.3009289617482,881.5005042668417,,,,,,,,,,,,
16,10,30,3.0,1.0,5.551115123125783e-17,1.3877787807814457e-17,1188.3009289617482,881.5005042668417,,,,,,,,,,,,
16,10,30,4.5,0.9694435821041237,2.222614453595284e-17,0.03055641789587632,1176.3706815284356,870.4691600997571,0.7163177655140686,0.28368223448593144,52.90101682901384,108.18474006883358,0.6739412007178219,0.32605879928217807,58.203871056764235,69.61006441871527,0.7311343345533474,0.2688656654466526,30.645580821705313,21.819178201150546
16,10,30,6.0,0.9296103577281553,0.0,0.07038964227184483,1160.818458604554,857.4122483130101,0.6622208982589408,0.3377791017410592,116.90391565660983,245.69299881955027,0.6304613137062308,0.3695386862937692,129.05443445426872,158.28711954948326,0.6734436540255243,0.3265563459744757,69.45925577932137,49.91030967357825
16,10,30,7.0,0.9125389756084084,0.0,0.08746102439159173,1154.1532201132093,852.4491243250047,0.6390450713810883,0.36095492861891165,142.61742968146677,303.75072841463526,0.611815071295255,0.3881849287047449,157.6774031373539,195.77054495535054,0.6486476558805587,0.3513523441194412,85.69946479650768,61.859929444508495
16,10,30,8.0,0.8997354393884259,1.9338737404616013e-16,0.10026456061157388,1149.154291389094,849.0472855651217,0.6216736306290718,0.37832636937092823,161.2274888423222,347.0726268717965,0.5978340393167374,0.4021659606832626,178.458956329318,223.7495874048817,0.6300729415811879,0.3699270584188122,97.72456570997774,70.80015217845133
16,10,30,9.0,0.8897771330523723,0.0,0.11022286694762794,1145.2662355636144,846.6201850493765,0.6081494095322749,0.3918505904677251,175.29928246164977,380.66592473079237,0.586968318897463,0.413031681102537,194.21735677395196,245.45927809622958,0.6156225770957205,0.38437742290427945,106.985012389312,77.74300757117047
16,10,30,10.0,0.881810488180185,0.0,0.11818951181981505,1142.155790980012,844.831505089754,0.5973502506917637,0.40264974930823627,186.3050112643349,407.5201149857825,0.5782725409974653,0.4217274590025347,206.56516761098675,262.80484311721983,0.6040606296775698,0.39593937032243015,114.33324699075779,83.29524143227664
17,15,60,0.5,0.4215524817098215,0.5784475182901787,0.0,2237.4486645916927,1805.6242027618348,1.0,0.0,2155.7264931506847,4077.8593081104655,0.9999999999999999,1.1102230246251565e-16,2588.1786027397256,2726.4761397207294,0.9999999999999998,2.220446049250313e-16,1149.0276438356163,832.2166762195707
17,15,60,1.0,0.8195447426688349,0.18045525733116502,8.326672684688674e-17,2205.274970215766,1712.0817628786165,1.0,5.551115123125783e-17,672.510904109589,1272.1485383950508,0.9999999999999998,2.220446049250313e-16,807.4203835616439,850.5646682425092,1.0,0.0,358.4563287671233,259.622432289707
17,15,60,2.0,1.0,0.0,0.0,2190.6869672131147,1685.714140067136,,,,,,,,,,,,
17,15,60,3.0,0.9903030753867084,2.0816681711721685e-17,0.009696924613291635,2181.049320217916,1677.5629359983286,0.8240494390090654,0.17595056099093462,31.82274869800772,63.28815388672258,0.761920507900193,0.2380794920998071,35.8226007737624,40.4013882989156,0.8465552948919183,0.15344470510808178,18.08839415232041,13.409864511713597
17,15,60,4.5,0.9181537552437158,9.012430558785756e-18,0.08184624475628426,2109.341051234509,1621.5426755738338,0.7159315349097152,0.2840684650902848,246.22055167049683,514.3533827062756,0.6745597664220442,0.3254402335779558,278.93236188093806,329.3101127935252,0.7310642449165704,0.2689357550834296,145.21962581720135,110.54153266460396
17,15,60,6.0,0.8819552463586686,0.0,0.11804475364133143,2073.3638250211125,1597.9770614333536,0.6619528502390684,0.33804714976093164,339.0014027111391,731.173753089251,0.6309224089103012,0.36907759108969884,385.4172736085293,468.6376191085926,0.6733046691766982,0.3266953308233019,204.06750003676095,158.00370473601802
17,15,60,7.0,0.8664416000906373,1.6615398293340355e-17,0.13355839990936272,2057.945014181362,1589.2401955461182,0.6388200467607812,0.3611799532392188,375.73928236137306,823.0458076388678,0.6122174534114362,0.38778254658856376,427.88276725244447,527.7183511219855,0.6485507947108474,0.3514492052891526,228.2782014454784,178.20460298593994
17,15,60,8.0,0.8548066308213079,0.0,0.1451933691786923,2046.3811698606503,1583.3373055005948,0.6214717586532743,0.3785282413467257,402.100846480878,891.7375286554982,0.5981909872051736,0.40180901279482634,458.48435766653625,571.9012190979045,0.6299812538744383,0.37001874612556174,246.03760717965682,193.325365221955
17,15,60,9.0,0.8457567390263484,0.0,0.1542432609736516,2037.3866003509513,1579.1726905107435,0.607971708324603,0.39202829167539693,421.89939835140945,945.1021343567679,0.5872826090419307,0.41271739095806925,481.5504361666719,606.236395423076,0.6155422812498537,0.3844577187501464,259.6183163522339,205.07975150388876
17,15,60,10.0,0.8385170372840957,2.5587171270657905e-16,0.161482962715904,2030.1911551428166,1576.1306918068663,0.5971753154785762,0.40282468452142384,437.2919151792859,987.798534273921,0.5785545277189652,0.42144547228103474,499.53384478350176,633.7017097672293,0.6039833982165582,0.3960166017834418,270.33109593731905,214.48243575653214
