config_id,power_mw,energy_mwh,risk_aversion,baseline_dam_weight,baseline_idm_weight,baseline_dc_weight,baseline_expected_return,baseline_portfolio_risk,num_trading_days,num_2024_days,num_2025_days,dam_mean,idm_mean,dc_mean,dam_std,idm_std,dc_std,corr_dam_idm,corr_dam_dc,corr_idm_dc
1,10,10,0.5,0.0,0.0,1.0,1011.5829090909093,571.1711921531233,550,369,181,492.73370909090903,518.9245454545454,1011.5829090909093,409.002216331843,597.929591500581,571.1711921531233,0.4626996597499546,0.7366165366496437,0.3888077025837489
1,10,10,1.0,2.220446049250313e-16,5.551115123125783e-17,0.9999999999999996,1011.5829090909091,571.1711921531233,550,369,181,492.73370909090903,518.9245454545454,1011.5829090909093,409.002216331843,597.929591500581,571.1711921531233,0.4626996597499546,0.7366165366496437,0.3888077025837489
1,10,10,2.0,2.220446049250313e-16,0.0,1.0,1011.5829090909092,571.1711921531233,550,369,181,492.73370909090903,518.9245454545454,1011.5829090909093,409.002216331843,597.929591500581,571.1711921531233,0.4626996597499546,0.7366165366496437,0.3888077025837489
1,10,10,3.0,0.03738527697390333,3.3039977004323262e-15,0.9626147230260934,992.1855880412195,566.3695223724447,550,369,181,492.73370909090903,518.9245454545454,1011.5829090909093,409.002216331843,597.929591500581,571.1711921531233,0.4626996597499546,0.7366165366496437,0.3888077025837489
1,10,10,4.5,0.10895774840721362,0.0,0.8910422515927865,955.0502684960252,558.0438021271574,550,369,181,492.73370909090903,518.9245454545454,1011.5829090909093,409.002216331843,597.929591500581,571.1711921531233,0.4626996597499546,0.7366165366496437,0.3888077025837489
1,10,10,6.0,0.14474398610037265,0.0,0.8552560138996301,936.4826076979207,554.5614010839196,550,369,181,492.73370909090903,518.9245454545454,1011.5829090909093,409.002216331843,597.929591500581,571.1711921531233,0.4626996597499546,0.7366165366496437,0.3888077025837489
1,10,10,7.0,0.16008094428642267,0.0,0.8399190557135782,928.5250392126545,553.2718771914654,550,369,181,492.73370909090903,518.9245454545454,1011.5829090909093,409.002216331843,597.929591500581,571.1711921531233,0.4626996597499546,0.7366165366496437,0.3888077025837489
1,10,10,8.0,0.1715836637569605,0.0,0.8284163362430412,922.5568624175419,552.401198268258,550,369,181,492.73370909090903,518.9245454545454,1011.5829090909093,409.002216331843,597.929591500581,571.1711921531233,0.4626996597499546,0.7366165366496437,0.3888077025837489
1,10,10,9.0,0.18053022233896318,0.0,0.8194697776610371,917.9149476545161,551.7872602234182,550,369,181,492.73370909090903,518.9245454545454,1011.5829090909093,409.002216331843,597.929591500581,571.1711921531233,0.4626996597499546,0.7366165366496437,0.3888077025837489
1,10,10,10.0,0.18768746996869298,2.3071822230491534e-15,0.8123125300313048,914.2014154476278,551.3389777391016,550,369,181,492.73370909090903,518.9245454545454,1011.5829090909093,409.002216331843,597.929591500581,571.1711921531233,0.4626996597499546,0.7366165366496437,0.3888077025837489
2,30,30,0.5,0.0,0.0,1.0,3034.7465454545454,1713.5166313298937,550,369,181,1478.2005090909092,1556.7743454545453,3034.7465454545454,1227.0068075904585,1793.788883073912,1713.5166313298937,0.46269971557042083,0.7366156292300023,0.38880444938938025
2,30,30,1.0,3.3306690738754696e-16,0.0,1.0,3034.7465454545454,1713.5166313298937,550,369,181,1478.2005090909092,1556.7743454545453,3034.7465454545454,1227.0068075904585,1793.788883073912,1713.5166313298937,0.46269971557042083,0.7366156292300023,0.38880444938938025
2,30,30,2.0,2.220446049250313e-16,0.0,1.0,3034.7465454545454,1713.5166313298937,550,369,181,1478.2005090909092,1556.7743454545453,3034.7465454545454,1227.0068075904585,1793.788883073912,1713.5166313298937,0.46269971557042083,0.7366156292300023,0.38880444938938025
2,30,30,3.0,0.037389022520768325,0.0,0.9626109774792326,2976.5488106463335,1699.110126006098,550,369,181,1478.2005090909092,1556.7743454545453,3034.7465454545454,1227.0068075904585,1793.788883073912,1713.5166313298937,0.46269971557042083,0.7366156292300023,0.38880444938938025
2,30,30,4.5,0.10896103726127836,2.929947950924827e-15,0.8910389627387189,2865.1436747874277,1674.1331364040861,550,369,181,1478.2005090909092,1556.7743454545453,3034.7465454545454,1227.0068075904585,1793.788883073912,1713.5166313298937,0.46269971557042083,0.7366156292300023,0.38880444938938025
2,30,30,6.0,0.14474704405756217,0.0,0.8552529559424412,2809.441107751398,1663.6860311728763,550,369,181,1478.2005090909092,1556.7743454545453,3034.7465454545454,1227.0068075904585,1793.788883073912,1713.5166313298937,0.46269971557042083,0.7366156292300023,0.38880444938938025
2,30,30,7.0,0.16008390517814697,9.194034422677078e-17,0.839916094821853,2785.568577363889,1659.8175009339934,550,369,181,1478.2005090909092,1556.7743454545453,3034.7465454545454,1227.0068075904585,1793.788883073912,1713.5166313298937,0.46269971557042083,0.7366156292300023,0.38880444938938025
2,30,30,8.0,0.1715865499086911,1.5508427875232655e-15,0.8284134500913074,2767.664181300859,1657.205494687981,550,369,181,1478.2005090909092,1556.7743454545453,3034.7465454545454,1227.0068075904585,1793.788883073912,1713.5166313298937,0.46269971557042083,0.7366156292300023,0.38880444938938025
2,30,30,9.0,0.1805330522648096,5.377642775528102e-16,0.8194669477351899,2753.738538519126,1655.3637028138498,550,369,181,1478.2005090909092,1556.7743454545453,3034.7465454545454,1227.0068075904585,1793.788883073912,1713.5166313298937,0.46269971557042083,0.7366156292300023,0.38880444938938025
2,30,30,10.0,0.1876902527944801,1.2385925618474403e-15,0.8123097472055186,2742.598026403207,1654.0188726465783,550,369,181,1478.2005090909092,1556.7743454545453,3034.7465454545454,1227.0068075904585,1793.788883073912,1713.5166313298937,0.46269971557042083,0.7366156292300023,0.38880444938938025
3,50,50,0.5,0.0,0.0,1.0,5057.912363636363,2855.861586746102,550,369,181,2463.6678727272724,2594.6238363636367,5057.912363636363,2045.0109698208994,2989.647933648611,2855.861586746102,0.46269970607228844,0.7366156508423175,0.3888048054763133
3,50,50,1.0,2.220446049250313e-16,0.0,1.0,5057.912363636363,2855.861586746102,550,369,181,2463.6678727272724,2594.6238363636367,5057.912363636363,2045.0109698208994,2989.647933648611,2855.861586746102,0.46269970607228844,0.7366156508423175,0.3888048054763133
3,50,50,2.0,2.220446049250313e-16,0.0,0.9999999999999998,5057.912363636362,2855.861586746102,550,369,181,2463.6678727272724,2594.6238363636367,5057.912363636363,2045.0109698208994,2989.647933648611,2855.861586746102,0.46269970607228844,0.7366156508423175,0.3888048054763133
3,50,50,3.0,0.03738967210003288,0.0,0.9626103278999677,4960.914412773956,2831.8503062155246,550,369,181,2463.6678727272724,2594.6238363636367,5057.912363636363,2045.0109698208994,2989.647933648611,2855.861586746102,0.46269970607228844,0.7366156508423175,0.3888048054763133
3,50,50,4.5,0.10896160078982363,0.0,0.891038399210177,4775.2393310667285,2790.222031722872,550,369,181,2463.6678727272724,2594.6238363636367,5057.912363636363,2045.0109698208994,2989.647933648611,2855.861586746102,0.46269970607228844,0.7366156508423175,0.3888048054763133
3,50,50,6.0,0.14474756313911377,0.0,0.8552524368608878,4682.401795390204,2772.8102140592127,550,369,181,2463.6678727272724,2594.6238363636367,5057.912363636363,2045.0109698208994,2989.647933648611,2855.861586746102,0.46269970607228844,0.7366156508423175,0.3888048054763133
3,50,50,7.0,0.16008440528228152,0.0,0.8399155947177186,4642.614277152346,2766.362674045358,550,369,181,2463.6678727272724,2594.6238363636367,5057.912363636363,2045.0109698208994,2989.647933648611,2855.861586746102,0.46269970607228844,0.7366156508423175,0.3888048054763133
3,50,50,8.0,0.17158703624083355,0.0,0.8284129637591671,4612.773640157163,2762.009337658703,550,369,181,2463.6678727272724,2594.6238363636367,5057.912363636363,2045.0109698208994,2989.647933648611,2855.861586746102,0.46269970607228844,0.7366156508423175,0.3888048054763133
3,50,50,9.0,0.18053352731371702,0.0,0.8194664726862834,4589.564254978368,2758.9396901961463,550,369,181,2463.6678727272724,2594.6238363636367,5057.912363636363,2045.0109698208994,2989.647933648611,2855.861586746102,0.46269970607228844,0.7366156508423175,0.3888048054763133
3,50,50,10.0,0.18769072008617735,0.0,0.8123092799138228,4570.996747058038,2756.698310485595,550,369,181,2463.6678727272724,2594.6238363636367,5057.912363636363,2045.0109698208994,2989.647933648611,2855.861586746102,0.46269970607228844,0.7366156508423175,0.3888048054763133
4,100,100,0.5,1.6653345369377348e-16,0.0,0.9999999999999998,10115.824909090908,5711.723071564784,550,369,181,4927.335472727274,5189.247818181818,10115.82490909091,4090.0220798654545,5979.295784654908,5711.723071564784,0.46269975322655066,0.736615707818166,0.38880466071000813
4,100,100,1.0,0.0,0.0,1.0,10115.82490909091,5711.723071564784,550,369,181,4927.335472727274,5189.247818181818,10115.82490909091,4090.0220798654545,5979.295784654908,5711.723071564784,0.46269975322655066,0.736615707818166,0.38880466071000813
4,100,100,2.0,1.1102230246251565e-16,0.0,1.0,10115.82490909091,5711.723071564784,550,369,181,4927.335472727274,5189.247818181818,10115.82490909091,4090.0220798654545,5979.295784654908,5711.723071564784,0.46269975322655066,0.736615707818166,0.38880466071000813
4,100,100,3.0,0.03738965649553894,0.0,0.9626103435044635,9921.829071334549,5663.70053480682,550,369,181,4927.335472727274,5189.247818181818,10115.82490909091,4090.0220798654545,5979.295784654908,5711.723071564784,0.46269975322655066,0.736615707818166,0.38880466071000813
4,100,100,4.5,0.10896158799255674,0.0,0.8910384120074459,9550.478860822132,5580.443987117792,550,369,181,4927.335472727274,5189.247818181818,10115.82490909091,4090.0220798654545,5979.295784654908,5711.723071564784,0.46269975322655066,0.736615707818166,0.38880466071000813
4,100,100,6.0,0.1447475517788175,2.2633850718274365e-15,0.8552524482211802,9364.803765747005,5545.620351114285,550,369,181,4927.335472727274,5189.247818181818,10115.82490909091,4090.0220798654545,5979.295784654908,5711.723071564784,0.46269975322655066,0.736615707818166,0.38880466071000813
4,100,100,7.0,0.16008439423186982,2.4043267377038546e-15,0.8399156057681277,9285.22872069217,5532.725270811098,550,369,181,4927.335472727274,5189.247818181818,10115.82490909091,4090.0220798654545,5979.295784654908,5711.723071564784,0.46269975322655066,0.736615707818166,0.38880466071000813
4,100,100,8.0,0.1715870261478802,0.0,0.8284129738521205,9225.547436505585,5524.018597206331,550,369,181,4927.335472727274,5189.247818181818,10115.82490909091,4090.0220798654545,5979.295784654908,5711.723071564784,0.46269975322655066,0.736615707818166,0.38880466071000813
4,100,100,9.0,0.1805335177755066,1.1570605584765303e-15,0.8194664822244923,9179.128659203121,5517.8793017905855,550,369,181,4927.335472727274,5189.247818181818,10115.82490909091,4090.0220798654545,5979.295784654908,5711.723071564784,0.46269975322655066,0.736615707818166,0.38880466071000813
4,100,100,10.0,0.18769071058449285,0.0,0.8123092894155072,9141.993639919685,5513.3965422343035,550,369,181,4927.335472727274,5189.247818181818,10115.82490909091,4090.0220798654545,5979.295784654908,5711.723071564784,0.46269975322655066,0.736615707818166,0.38880466071000813
5,10,15,0.5,0.0,5.551115123125783e-17,0.9999999999999998,1011.5829090909093,798.5578547197855,550,369,181,717.7340181818181,748.1059818181819,1011.5829090909093,608.8884829156802,874.5338952405598,571.1711921531233,0.4652530660987102,0.7360805391151303,0.3862530820321217
5,10,15,1.0,0.0,0.0,1.0,1011.5829090909093,798.5578547197855,550,369,181,717.7340181818181,748.1059818181819,1011.5829090909093,608.8884829156802,874.5338952405598,571.1711921531233,0.4652530660987102,0.7360805391151303,0.3862530820321217
5,10,15,2.0,0.0,0.046672965248282905,0.953327034751719,999.2856596205853,790.149285152519,550,369,181,717.7340181818181,748.1059818181819,1011.5829090909093,608.8884829156802,874.5338952405598,571.1711921531233,0.4652530660987102,0.7360805391151303,0.3862530820321217
5,10,15,3.0,3.423149006105845e-15,0.13918775742254205,0.8608122425774545,974.9101464512352,775.855097677781,550,369,181,717.7340181818181,748.1059818181819,1011.5829090909093,608.8884829156802,874.5338952405598,571.1711921531233,0.4652530660987102,0.7360805391151303,0.3862530820321217
5,10,15,4.5,3.557506042126385e-16,0.20086428682688054,0.799135713173119,958.659803998935,768.7236482194762,550,369,181,717.7340181818181,748.1059818181819,1011.5829090909093,608.8884829156802,874.5338952405598,571.1711921531233,0.4652530660987102,0.7360805391151303,0.3862530820321217
5,10,15,6.0,8.863656132549241e-17,0.23170255003186285,0.7682974499681371,950.5346331672587,766.0798341743564,550,369,181,717.7340181818181,748.1059818181819,1011.5829090909093,608.8884829156802,874.5338952405598,571.1711921531233,0.4652530660987102,0.7360805391151303,0.3862530820321217
5,10,15,7.0,0.0,0.24491895035977512,0.7550810496402248,947.0524166192541,765.1580991116275,550,369,181,717.7340181818181,748.1059818181819,1011.5829090909093,608.8884829156802,874.5338952405598,571.1711921531233,0.4652530660987102,0.7360805391151303,0.3862530820321217
5,10,15,8.0,0.0,0.2548312495955218,0.7451687504044782,944.4407544744117,764.5541525303568,550,369,181,717.7340181818181,748.1059818181819,1011.5829090909093,608.8884829156802,874.5338952405598,571.1711921531233,0.4652530660987102,0.7360805391151303,0.3862530820321217
5,10,15,9.0,3.505400730386705e-18,0.26254081647275573,0.7374591835272443,942.4094614829946,764.1374300721192,550,369,181,717.7340181818181,748.1059818181819,1011.5829090909093,608.8884829156802,874.5338952405598,571.1711921531233,0.4652530660987102,0.7360805391151303,0.3862530820321217
5,10,15,10.0,0.06210962055840017,0.26095258643349756,0.6769377930081023,924.5770803376702,760.8249397814242,550,369,181,717.7340181818181,748.1059818181819,1011.5829090909093,608.8884829156802,874.5338952405598,571.1711921531233,0.4652530660987102,0.7360805391151303,0.3862530820321217
6,50,75,0.5,1.1102230246251565e-16,0.0,1.0,5057.912363636363,3992.787101893805,550,369,181,3588.6710000000003,3740.5306727272728,5057.912363636363,3044.4425735064233,4372.668872707334,2855.861586746102,0.46525302373992994,0.736079670890021,0.3862504620251802
6,50,75,1.0,0.0,0.0,1.0,5057.912363636363,3992.787101893805,550,369,181,3588.6710000000003,3740.5306727272728,5057.912363636363,3044.4425735064233,4372.668872707334,2855.861586746102,0.46525302373992994,0.736079670890021,0.3862504620251802
6,50,75,2.0,0.0,0.046670236596639894,0.9533297634033626,4996.429848433557,3950.7469585592444,550,369,181,3588.6710000000003,3740.5306727272728,5057.912363636363,3044.4425735064233,4372.668872707334,2855.861586746102,0.46525302373992994,0.736079670890021,0.3862504620251802
6,50,75,3.0,8.04739853390205e-16,0.13918537950357765,0.8608146204964214,4874.552093036115,3879.2759794455887,550,369,181,3588.6710000000003,3740.5306727272728,5057.912363636363,3044.4425735064233,4372.668872707334,2855.861586746102,0.46525302373992994,0.736079670890021,0.3862504620251802
6,50,75,4.5,0.0,0.2008621441207192,0.799137855879281,4793.300252574984,3843.618696387738,550,369,181,3588.6710000000003,3740.5306727272728,5057.912363636363,3044.4425735064233,4372.668872707334,2855.861586746102,0.46525302373992994,0.736079670890021,0.3862504620251802
6,50,75,6.0,1.5761783998417366e-16,0.23170052773301844,0.7682994722669814,4752.67433062691,3830.39960877912,550,369,181,3588.6710000000003,3740.5306727272728,5057.912363636363,3044.4425735064233,4372.668872707334,2855.861586746102,0.46525302373992994,0.736079670890021,0.3862504620251802
6,50,75,7.0,4.131678550487082e-17,0.24491697498761292,0.7550830250123871,4735.263224994842,3825.7909285910273,550,369,181,3588.6710000000003,3740.5306727272728,5057.912363636363,3044.4425735064233,4372.668872707334,2855.861586746102,0.46525302373992994,0.736079670890021,0.3862504620251802
6,50,75,8.0,0.0,0.25482931175723106,0.7451706882427691,4722.204894020422,3822.7711915823957,550,369,181,3588.6710000000003,3740.5306727272728,5057.912363636363,3044.4425735064233,4372.668872707334,2855.861586746102,0.46525302373992994,0.736079670890021,0.3862504620251802
6,50,75,9.0,1.1067677685283527e-17,0.2625389084647191,0.7374610915352809,4712.048412473685,3820.6875762260242,550,369,181,3588.6710000000003,3740.5306727272728,5057.912363636363,3044.4425735064233,4372.668872707334,2855.861586746102,0.46525302373992994,0.736079670890021,0.3862504620251802
6,50,75,10.0,0.06210282402480582,0.2609517607402544,0.6769454152349398,4622.895253970788,3804.126854194937,550,369,181,3588.6710000000003,3740.5306727272728,5057.912363636363,3044.4425735064233,4372.668872707334,2855.861586746102,0.46525302373992994,0.736079670890021,0.3862504620251802
7,100,150,0.5,0.0,0.0,1.0,10115.82490909091,7985.573641346831,550,369,181,7177.341945454546,7481.060945454546,10115.82490909091,6088.884540774234,8745.337457028403,5711.723071564784,0.4652530156738399,0.736079663219579,0.3862504500205938
7,100,150,1.0,0.0,0.0,1.0,10115.82490909091,7985.573641346831,550,369,181,7177.341945454546,7481.060945454546,10115.82490909091,6088.884540774234,8745.337457028403,5711.723071564784,0.4652530156738399,0.736079663219579,0.3862504500205938
7,100,150,2.0,0.0,0.04667010558503153,0.9533298944149693,9992.860196716367,7901.4935929544245,550,369,181,7177.341945454546,7481.060945454546,10115.82490909091,6088.884540774234,8745.337457028403,5711.723071564784,0.4652530156738399,0.736079663219579,0.3862504500205938
7,100,150,3.0,7.566657862306159e-16,0.13918527198795944,0.8608147280120398,9749.104570188107,7758.551581706527,550,369,181,7177.341945454546,7481.060945454546,10115.82490909091,6088.884540774234,8745.337457028403,5711.723071564784,0.4652530156738399,0.736079663219579,0.3862504500205938
7,100,150,4.5,0.0,0.20086204738531843,0.7991379526146828,9586.600824977855,7687.236992075837,550,369,181,7177.341945454546,7481.060945454546,10115.82490909091,6088.884540774234,8745.337457028403,5711.723071564784,0.4652530156738399,0.736079663219579,0.3862504500205938
7,100,150,6.0,1.0380683847328474e-17,0.23170043564671836,0.7682995643532816,9505.34895089009,7660.798807798662,550,369,181,7177.341945454546,7481.060945454546,10115.82490909091,6088.884540774234,8745.337457028403,5711.723071564784,0.4652530156738399,0.736079663219579,0.3862504500205938
7,100,150,7.0,0.0,0.24491688789935193,0.755083112100648,9470.526718767731,7651.581442085357,550,369,181,7177.341945454546,7481.060945454546,10115.82490909091,6088.884540774234,8745.337457028403,5711.723071564784,0.4652530156738399,0.736079663219579,0.3862504500205938
7,100,150,8.0,0.0,0.25482922761737326,0.7451707723826269,9444.410043283367,7645.541965147629,550,369,181,7177.341945454546,7481.060945454546,10115.82490909091,6088.884540774234,8745.337457028403,5711.723071564784,0.4652530156738399,0.736079663219579,0.3862504500205938
7,100,150,9.0,2.1282790148776423e-18,0.2625388244119573,0.7374611755880426,9424.09707547483,7641.374733590348,550,369,181,7177.341945454546,7481.060945454546,10115.82490909091,6088.884540774234,8745.337457028403,5711.723071564784,0.4652530156738399,0.736079663219579,0.3862504500205938
7,100,150,10.0,0.062102331535445685,0.2609517489551496,0.6769459195094046,9245.792001476993,7608.253536289428,550,369,181,7177.341945454546,7481.060945454546,10115.82490909091,6088.884540774234,8745.337457028403,5711.723071564784,0.4652530156738399,0.736079663219579,0.3862504500205938
8,10,20,0.5,0.0,0.0,1.0,1011.5829090909093,1112.9636583496044,550,369,181,936.8571636363637,970.1693454545455,1011.5829090909093,808.1156981925079,1146.9153854084607,571.1711921531233,0.4664534256242614,0.7351450849378283,0.3841598112060555
8,10,20,1.0,6.425245556465862e-16,0.12828694235381194,0.8717130576461875,1006.2700896400252,1066.11608926912,550,369,181,936.8571636363637,970.1693454545455,1011.5829090909093,808.1156981925079,1146.9153854084607,571.1711921531233,0.4664534256242614,0.7351450849378283,0.3841598112060555
8,10,20,2.0,0.0,0.29287458723005844,0.707125412769942,999.4539287351835,1019.6210838125951,550,369,181,936.8571636363637,970.1693454545455,1011.5829090909093,808.1156981925079,1146.9153854084607,571.1711921531233,0.4664534256242614,0.7351450849378283,0.3841598112060555
8,10,20,3.0,6.33475989134169e-17,0.3476810690308496,0.6523189309691503,997.1841970134412,1009.6092366444452,550,369,181,936.8571636363637,970.1693454545455,1011.5829090909093,808.1156981925079,1146.9153854084607,571.1711921531233,0.4664534256242614,0.7351450849378283,0.3841598112060555
8,10,20,4.5,0.015455083049166483,0.37799028519381794,0.6065546317570157,994.774091759197,1002.6918107291955,550,369,181,936.8571636363637,970.1693454545455,1011.5829090909093,808.1156981925079,1146.9153854084607,571.1711921531233,0.4664534256242614,0.7351450849378283,0.3841598112060555
8,10,20,6.0,0.27132699253612486,0.29216338146923454,0.4365096259946406,979.2082705210161,963.4948493891435,550,369,181,936.8571636363637,970.1693454545455,1011.5829090909093,808.1156981925079,1146.9153854084607,571.1711921531233,0.4664534256242614,0.7351450849378283,0.3841598112060555
8,10,20,7.0,0.3809731648815056,0.25537238262365103,0.36365445249484335,972.5385249282068,946.8258584666349,550,369,181,936.8571636363637,970.1693454545455,1011.5829090909093,808.1156981925079,1146.9153854084607,571.1711921531233,0.4664534256242614,0.7351450849378283,0.3841598112060555
8,10,20,8.0,0.46320779493114705,0.22777913250549414,0.30901307256335886,967.536215715271,934.4106226048306,550,369,181,936.8571636363637,970.1693454545455,1011.5829090909093,808.1156981925079,1146.9153854084607,571.1711921531233,0.4664534256242614,0.7351450849378283,0.3841598112060555
8,10,20,9.0,0.5271680667022347,0.20631771520993172,0.2665142180878335,963.6455304985975,924.8295391141859,550,369,181,936.8571636363637,970.1693454545455,1011.5829090909093,808.1156981925079,1146.9153854084607,571.1711921531233,0.4664534256242614,0.7351450849378283,0.3841598112060555
8,10,20,10.0,0.5783360802052261,0.18914882353581716,0.2325150962589569,960.53298753407,917.2307238756273,550,369,181,936.8571636363637,970.1693454545455,1011.5829090909093,808.1156981925079,1146.9153854084607,571.1711921531233,0.4664534256242614,0.7351450849378283,0.3841598112060555
9,30,60,0.5,1.1102230246251565e-16,5.551115123125783e-17,0.9999999999999998,3034.7465454545454,3338.889818786702,550,369,181,2810.5721454545455,2910.508036363636,3034.7465454545454,2424.3470646423198,3440.7459792026807,1713.5166313298937,0.46645332437578396,0.7351442068818889,0.38415696292260193
9,30,60,1.0,9.454566541385858e-16,0.1282871764835519,0.8717128235164472,3018.8083379127465,3198.347554040369,550,369,181,2810.5721454545455,2910.508036363636,3034.7465454545454,2424.3470646423198,3440.7459792026807,1713.5166313298937,0.46645332437578396,0.7351442068818889,0.38415696292260193
9,30,60,2.0,0.0,0.29287441874619513,0.7071255812538051,2998.3602643186514,3058.8637835969566,550,369,181,2810.5721454545455,2910.508036363636,3034.7465454545454,2424.3470646423198,3440.7459792026807,1713.5166313298937,0.46645332437578396,0.7351442068818889,0.38415696292260193
9,30,60,3.0,3.4809889616608756e-17,0.3476807613814668,0.6523192386185331,2991.55120602092,3028.828549484367,550,369,181,2810.5721454545455,2910.508036363636,3034.7465454545454,2424.3470646423198,3440.7459792026807,1713.5166313298937,0.46645332437578396,0.7351442068818889,0.38415696292260193
9,30,60,4.5,0.015456428325591654,0.3779893631875662,0.606554208486842,2984.3207749738676,3008.07582622533,550,369,181,2810.5721454545455,2910.508036363636,3034.7465454545454,2424.3470646423198,3440.7459792026807,1713.5166313298937,0.46645332437578396,0.7351442068818889,0.38415696292260193
9,30,60,6.0,0.2713279874396477,0.2921628648042834,0.43650914775606886,2937.623877932042,2890.4851443706307,550,369,181,2810.5721454545455,2910.508036363636,3034.7465454545454,2424.3470646423198,3440.7459792026807,1713.5166313298937,0.46645332437578396,0.7351442068818889,0.38415696292260193
9,30,60,7.0,0.38097401051444835,0.255372039687939,0.3636539497976127,2917.614883757541,2840.478265539059,550,369,181,2810.5721454545455,2910.508036363636,3034.7465454545454,2424.3470646423198,3440.7459792026807,1713.5166313298937,0.46645332437578396,0.7351442068818889,0.38415696292260193
9,30,60,8.0,0.4632085288229115,0.22777891966121255,0.3090125515158759,2902.6081380497394,2803.232633585707,550,369,181,2810.5721454545455,2910.508036363636,3034.7465454545454,2424.3470646423198,3440.7459792026807,1713.5166313298937,0.46645332437578396,0.7351442068818889,0.38415696292260193
9,30,60,9.0,0.5271687145068203,0.20631760261495652,0.2665136828782232,2890.936223833115,2774.489446212696,550,369,181,2810.5721454545455,2910.508036363636,3034.7465454545454,2424.3470646423198,3440.7459792026807,1713.5166313298937,0.46645332437578396,0.7351442068818889,0.38415696292260193
9,30,60,10.0,0.5783366581821313,0.18914879372635932,0.23251454809150943,2881.598707979654,2751.6930545147616,550,369,181,2810.5721454545455,2910.508036363636,3034.7465454545454,2424.3470646423198,3440.7459792026807,1713.5166313298937,0.46645332437578396,0.7351442068818889,0.38415696292260193
10,50,100,0.5,2.220446049250313e-16,0.0,0.9999999999999998,5057.912363636363,5564.816109953296,550,369,181,4684.2872181818175,4850.846909090908,5057.912363636363,4040.57843368469,5734.5765246183055,2855.861586746102,0.4664532904406768,0.7351441940900407,0.3841572004527695
10,50,100,1.0,0.0,0.12828621503360074,0.8717137849663995,5031.348720208514,5330.580638320773,550,369,181,4684.2872181818175,4850.846909090908,5057.912363636363,4040.57843368469,5734.5765246183055,2855.861586746102,0.4664532904406768,0.7351441940900407,0.3841572004527695
10,50,100,2.0,6.427402624930481e-16,0.29287391672001456,0.7071260832799848,4997.268292946225,5098.1066125921625,550,369,181,4684.2872181818175,4850.846909090908,5057.912363636363,4040.57843368469,5734.5765246183055,2855.861586746102,0.4664532904406768,0.7351441940900407,0.3841572004527695
10,50,100,3.0,0.0,0.3476804147306061,0.6523195852693939,4985.919760523618,5048.047622074843,550,369,181,4684.2872181818175,4850.846909090908,5057.912363636363,4040.57843368469,5734.5765246183055,2855.861586746102,0.4664532904406768,0.7351441940900407,0.3841572004527695
10,50,100,4.5,0.015456879957683073,0.37798893580773574,0.6065541842345813,4973.868833807719,5013.459298932914,550,369,181,4684.2872181818175,4850.846909090908,5057.912363636363,4040.57843368469,5734.5765246183055,2855.861586746102,0.4664532904406768,0.7351441940900407,0.3841572004527695
10,50,100,6.0,0.2713283324231303,0.29216255422231446,0.43650911335455517,4896.040503877627,4817.474981955022,550,369,181,4684.2872181818175,4850.846909090908,5057.912363636363,4040.57843368469,5734.5765246183055,2855.861586746102,0.4664532904406768,0.7351441940900407,0.3841572004527695
10,50,100,7.0,0.38097431128335,0.2553717779694865,0.3636539107471634,4862.692107885343,4734.130250276754,550,369,181,4684.2872181818175,4850.846909090908,5057.912363636363,4040.57843368469,5734.5765246183055,2855.861586746102,0.4664532904406768,0.7351441940900407,0.3841572004527695
10,50,100,8.0,0.4632087966228325,0.2277786942811244,0.30901250909604305,4837.680810755241,4672.05424789057,550,369,181,4684.2872181818175,4850.846909090908,5057.912363636363,4040.57843368469,5734.5765246183055,2855.861586746102,0.4664532904406768,0.7351441940900407,0.3841572004527695
10,50,100,9.0,0.5271689581843539,0.20631740424424166,0.26651363757140434,4818.22757786514,4624.148975346449,550,369,181,4684.2872181818175,4850.846909090908,5057.912363636363,4040.57843368469,5734.5765246183055,2855.861586746102,0.4664532904406768,0.7351441940900407,0.3841572004527695
10,50,100,10.0,0.5783368777625403,0.18914862077222155,0.23251450146523797,4802.665018423761,4586.155024225014,550,369,181,4684.2872181818175,4850.846909090908,5057.912363636363,4040.57843368469,5734.5765246183055,2855.861586746102,0.4664532904406768,0.7351441940900407,0.3841572004527695
11,100,200,0.5,0.0,1.1102230246251565e-16,0.9999999999999998,10115.82490909091,11129.632067026543,550,369,181,9368.574454545453,9701.693327272727,10115.82490909091,8081.1567702823195,11469.152866039885,5711.723071564784,0.46645328956372173,0.7351442186016454,0.38415723272553226
11,100,200,1.0,0.0,0.12828577880436617,0.8717142211956346,10062.69771658988,10661.16258826598,550,369,181,9368.574454545453,9701.693327272727,10115.82490909091,8081.1567702823195,11469.152866039885,5711.723071564784,0.46645328956372173,0.7351442186016454,0.38415723272553226
11,100,200,2.0,1.14175906549428e-16,0.2928737031836591,0.7071262968163408,9994.536659118512,10196.213504098176,550,369,181,9368.574454545453,9701.693327272727,10115.82490909091,8081.1567702823195,11469.152866039885,5711.723071564784,0.46645328956372173,0.7351442186016454,0.38415723272553226
11,100,200,3.0,0.0,0.3476802739402357,0.6523197260597644,9971.839527277061,10096.0952747312,550,369,181,9368.574454545453,9701.693327272727,10115.82490909091,8081.1567702823195,11469.152866039885,5711.723071564784,0.46645328956372173,0.7351442186016454,0.38415723272553226
11,100,200,4.5,0.015457310952774634,0.37798866913060686,0.6065540199166184,9947.737380998991,10026.917879283315,550,369,181,9368.574454545453,9701.693327272727,10115.82490909091,8081.1567702823195,11469.152866039885,5711.723071564784,0.46645328956372173,0.7351442186016454,0.38415723272553226
11,100,200,6.0,0.2713286554684238,0.2921623519944293,0.4365089925371469,9792.080790981749,9634.94939829997,550,369,181,9368.574454545453,9701.693327272727,10115.82490909091,8081.1567702823195,11469.152866039885,5711.723071564784,0.46645328956372173,0.7351442186016454,0.38415723272553226
11,100,200,7.0,0.3809745893331956,0.2553716029954808,0.3636538076713236,9725.384028141447,9468.259998661724,550,369,181,9368.574454545453,9701.693327272727,10115.82490909091,8081.1567702823195,11469.152866039885,5711.723071564784,0.46645328956372173,0.7351442186016454,0.38415723272553226
11,100,200,8.0,0.4632090410770432,0.22777853910078277,0.309012419822174,9675.361455894483,9344.108042153295,550,369,181,9368.574454545453,9701.693327272727,10115.82490909091,8081.1567702823195,11469.152866039885,5711.723071564784,0.46645328956372173,0.7351442186016454,0.38415723272553226
11,100,200,9.0,0.5271691731576982,0.2063172699024548,0.266513556939847,9636.455007485354,9248.297535281628,550,369,181,9368.574454545453,9701.693327272727,10115.82490909091,8081.1567702823195,11469.152866039885,5711.723071564784,0.46645328956372173,0.7351442186016454,0.38415723272553226
11,100,200,10.0,0.5783370737485495,0.1891484968241171,0.2325144294273335,9605.329901663514,9172.309661619729,550,369,181,9368.574454545453,9701.693327272727,10115.82490909091,8081.1567702823195,11469.152866039885,5711.723071564784,0.46645328956372173,0.7351442186016454,0.38415723272553226
12,200,400,0.5,1.1102230246251565e-16,0.0,1.0,20231.649636363636,22259.26399497871,550,369,181,18737.14901818182,19403.386854545453,20231.649636363636,16162.313243332088,22938.30587166407,11423.446245056191,0.46645330287484144,0.7351442136244861,0.3841572245314032
12,200,400,1.0,6.169505285480602e-16,0.12828584115403008,0.8717141588459693,20125.395248701512,21322.324635416993,550,369,181,18737.14901818182,19403.386854545453,20231.649636363636,16162.313243332088,22938.30587166407,11423.446245056191,0.46645330287484144,0.7351442136244861,0.3841572245314032
12,200,400,2.0,0.0,0.2928737257214956,0.7071262742785045,19989.073229576094,20392.426838027608,550,369,181,18737.14901818182,19403.386854545453,20231.649636363636,16162.313243332088,22938.30587166407,11423.446245056191,0.46645330287484144,0.7351442136244861,0.3841572245314032
12,200,400,3.0,0.0,0.3476802827971447,0.6523197172028553,19943.67899815074,20192.190471242888,550,369,181,18737.14901818182,19403.386854545453,20231.649636363636,16162.313243332088,22938.30587166407,11423.446245056191,0.46645330287484144,0.7351442136244861,0.3841572245314032
12,200,400,4.5,0.015457157009815113,0.3779887322092085,0.6065541107809763,19895.474906821608,20053.836174783224,550,369,181,18737.14901818182,19403.386854545453,20231.649636363636,16162.313243332088,22938.30587166407,11423.446245056191,0.46645330287484144,0.7351442136244861,0.3841572245314032
12,200,400,6.0,0.27132854893587766,0.29216240167811613,0.4365090493860062,19584.161708691994,19269.89909512847,550,369,181,18737.14901818182,19403.386854545453,20231.649636363636,16162.313243332088,22938.30587166407,11423.446245056191,0.46645330287484144,0.7351442136244861,0.3841572245314032
12,200,400,7.0,0.3809744985378308,0.2553716485628267,0.3636538528993425,19450.768180751198,18936.520261048936,550,369,181,18737.14901818182,19403.386854545453,20231.649636363636,16162.313243332088,22938.30587166407,11423.446245056191,0.46645330287484144,0.7351442136244861,0.3841572245314032
12,200,400,8.0,0.463208961625561,0.22777858338439833,0.30901245499004065,19350.72303375431,18688.21632110181,550,369,181,18737.14901818182,19403.386854545453,20231.649636363636,16162.313243332088,22938.30587166407,11423.446245056191,0.46645330287484144,0.7351442136244861,0.3841572245314032
12,200,400,9.0,0.5271691071775597,0.20631730588069402,0.2665135869417462,19272.91013409444,18496.595285243355,550,369,181,18737.14901818182,19403.386854545453,20231.649636363636,16162.313243332088,22938.30587166407,11423.446245056191,0.46645330287484144,0.7351442136244861,0.3841572245314032
12,200,400,10.0,0.5783370135596162,0.189148534243849,0.23251445219653494,19210.65992093172,18344.61952297983,550,369,181,18737.14901818182,19403.386854545453,20231.649636363636,16162.313243332088,22938.30587166407,11423.446245056191,0.46645330287484144,0.7351442136244861,0.3841572245314032
13,300,600,0.5,4.996003610813204e-16,0.0,0.9999999999999993,30347.474545454545,33388.89596859654,550,369,181,28105.723400000003,29105.08041818182,30347.474545454545,24243.46987290802,34407.458738297144,17135.169316620708,0.4664533109154219,0.7351442204623185,0.38415722559064464
13,300,600,1.0,0.0,0.12828588503678903,0.8717141149632112,30188.092915272853,31983.486482579767,550,369,181,28105.723400000003,29105.08041818182,30347.474545454545,24243.46987290802,34407.458738297144,17135.169316620708,0.4664533109154219,0.7351442204623185,0.38415722559064464
13,300,600,2.0,0.0,0.2928737507475015,0.7071262492524986,29983.60991749351,30588.640064317915,550,369,181,28105.723400000003,29105.08041818182,30347.474545454545,24243.46987290802,34407.458738297144,17135.169316620708,0.4664533109154219,0.7351442204623185,0.38415722559064464
13,300,600,3.0,5.4712424010277125e-17,0.3476802971986178,0.6523197028013822,29915.518586046546,30288.2856055082,550,369,181,28105.723400000003,29105.08041818182,30347.474545454545,24243.46987290802,34407.458738297144,17135.169316620708,0.4664533109154219,0.7351442204623185,0.38415722559064464
13,300,600,4.5,0.01545711744123565,0.3779887587382087,0.6065541238205557,29843.21252069377,30080.75436385504,550,369,181,28105.723400000003,29105.08041818182,30347.474545454545,24243.46987290802,34407.458738297144,17135.169316620708,0.4664533109154219,0.7351442204623185,0.38415722559064464
13,300,600,6.0,0.2713285188295714,0.29216242197599396,0.4365090591944346,29376.24265030112,28904.84870457944,550,369,181,28105.723400000003,29105.08041818182,30347.474545454545,24243.46987290802,34407.458738297144,17135.169316620708,0.4664533109154219,0.7351442204623185,0.38415722559064464
13,300,600,7.0,0.38097447263894496,0.25537166650015586,0.3636538608608992,29176.152326295607,28404.780434057444,550,369,181,28105.723400000003,29105.08041818182,30347.474545454545,24243.46987290802,34407.458738297144,17135.169316620708,0.4664533109154219,0.7351442204623185,0.38415722559064464
13,300,600,8.0,0.4632089391575007,0.22777859832634753,0.30901246251615183,29026.08458263437,28032.32451149044,550,369,181,28105.723400000003,29105.08041818182,30347.474545454545,24243.46987290802,34407.458738297144,17135.169316620708,0.4664533109154219,0.7351442204623185,0.38415722559064464
13,300,600,9.0,0.5271690842593669,0.20631732249898932,0.2665135932416437,28909.36521714051,27744.89295249716,550,369,181,28105.723400000003,29105.08041818182,30347.474545454545,24243.46987290802,34407.458738297144,17135.169316620708,0.4664533109154219,0.7351442204623185,0.38415722559064464
13,300,600,10.0,0.5783369966482991,0.1891485449602268,0.23251445839147417,28815.989879318713,27516.929291779055,550,369,181,28105.723400000003,29105.08041818182,30347.474545454545,24243.46987290802,34407.458738297144,17135.169316620708,0.4664533109154219,0.7351442204623185,0.38415722559064464
14,400,800,0.5,0.0,0.0,1.0,40463.29927272727,44518.52768300084,550,369,181,37474.29785454545,38806.77387272728,40463.29927272727,32324.626235659034,45876.61153389841,22846.892490112383,0.46645329773188465,0.7351442201575794,0.38415722918515216
14,400,800,1.0,0.0,0.12828588748336564,0.8717141125166344,40250.79044164954,42644.64835371111,550,369,181,37474.29785454545,38806.77387272728,40463.29927272727,32324.626235659034,45876.61153389841,22846.892490112383,0.46645329773188465,0.7351442201575794,0.38415722918515216
14,400,800,2.0,0.0,0.2928737496463038,0.7071262503536967,39978.14646744493,40784.85320324763,550,369,181,37474.29785454545,38806.77387272728,40463.29927272727,32324.626235659034,45876.61153389841,22846.892490112383,0.46645329773188465,0.7351442201575794,0.38415722918515216
14,400,800,3.0,0.0,0.34768029676639733,0.6523197032336028,39887.3580300542,40384.380598383956,550,369,181,37474.29785454545,38806.77387272728,40463.29927272727,32324.626235659034,45876.61153389841,22846.892490112383,0.46645329773188465,0.7351442201575794,0.38415722918515216
14,400,800,4.5,0.015457080552395518,0.3779887713927493,0.6065541480548552,39790.950036308335,40107.67251179189,550,369,181,37474.29785454545,38806.77387272728,40463.29927272727,32324.626235659034,45876.61153389841,22846.892490112383,0.46645329773188465,0.7351442201575794,0.38415722918515216
14,400,800,6.0,0.27132849101219986,0.2921624325459054,0.4365090764418947,39168.3235378606,38539.79828669141,550,369,181,37474.29785454545,38806.77387272728,40463.29927272727,32324.626235659034,45876.61153389841,22846.892490112383,0.46645329773188465,0.7351442201575794,0.38415722918515216
14,400,800,7.0,0.38097444955365134,0.25537167489831514,0.36365387554803347,38901.53643681077,37873.04058728581,550,369,181,37474.29785454545,38806.77387272728,40463.29927272727,32324.626235659034,45876.61153389841,22846.892490112383,0.46645329773188465,0.7351442201575794,0.38415722918515216
14,400,800,8.0,0.4632089194386148,0.22777860742410333,0.3090124731372818,38701.446106836134,37376.43267904275,550,369,181,37474.29785454545,38806.77387272728,40463.29927272727,32324.626235659034,45876.61153389841,22846.892490112383,0.46645329773188465,0.7351442201575794,0.38415722918515216
14,400,800,9.0,0.5271690689652396,0.20631732874897454,0.2665136022857857,38545.82028243576,36993.19059271889,550,369,181,37474.29785454545,38806.77387272728,40463.29927272727,32324.626235659034,45876.61153389841,22846.892490112383,0.46645329773188465,0.7351442201575794,0.38415722918515216
14,400,800,10.0,0.5783369790985341,0.18914855404864367,0.23251446685282237,38421.31983785992,36689.23906108487,550,369,181,37474.29785454545,38806.77387272728,40463.29927272727,32324.626235659034,45876.61153389841,22846.892490112383,0.46645329773188465,0.7351442201575794,0.38415722918515216
15,5,15,0.5,0.6949464120814649,0.30505358791853693,0.0,663.7600066973755,647.1730650303974,550,369,181,658.8593818181818,674.9241818181816,505.79036363636357,589.2890030436494,807.0909077142954,285.5858391908037,0.4806135671889667,0.728884249564055,0.3867359194200628
15,5,15,1.0,0.8709496654523327,0.1290503345476672,2.498001805406602e-16,660.932549632623,609.6011095575867,550,369,181,658.8593818181818,674.9241818181816,505.79036363636357,589.2890030436494,807.0909077142954,285.5858391908037,0.4806135671889667,0.728884249564055,0.3867359194200628
15,5,15,2.0,0.9589512753365298,0.04104872496930689,9.194034422677078e-17,659.5188213890357,594.1707492555805,550,369,181,658.8593818181818,674.9241818181816,505.79036363636357,589.2890030436494,807.0909077142954,285.5858391908037,0.4806135671889667,0.728884249564055,0.3867359194200628
15,5,15,3.0,0.9882851535923911,0.011714846320326683,0.0,659.0475784773625,590.4488303058372,550,369,181,658.8593818181818,674.9241818181816,505.79036363636357,589.2890030436494,807.0909077142954,285.5858391908037,0.4806135671889667,0.728884249564055,0.3867359194200628
15,5,15,4.5,1.0,7.216449660063518e-16,0.0,658.8593818181818,589.2890030436495,550,369,181,658.8593818181818,674.9241818181816,505.79036363636357,589.2890030436494,807.0909077142954,285.5858391908037,0.4806135671889667,0.728884249564055,0.3867359194200628
15,5,15,6.0,1.0,0.0,1.609823385706477e-15,658.8593818181816,589.289003043649,550,369,181,658.8593818181818,674.9241818181816,505.79036363636357,589.2890030436494,807.0909077142954,285.5858391908037,0.4806135671889667,0.728884249564055,0.3867359194200628
15,5,15,7.0,0.9999999999999996,0.0,3.497202527569243e-15,658.8593818181814,589.2890030436487,550,369,181,658.8593818181818,674.9241818181816,505.79036363636357,589.2890030436494,807.0909077142954,285.5858391908037,0.4806135671889667,0.728884249564055,0.3867359194200628
15,5,15,8.0,1.0,3.885780586188048e-16,0.0,658.8593818181818,589.2890030436494,550,369,181,658.8593818181818,674.9241818181816,505.79036363636357,589.2890030436494,807.0909077142954,285.5858391908037,0.4806135671889667,0.728884249564055,0.3867359194200628
15,5,15,9.0,1.0,0.0,0.0,658.8593818181818,589.2890030436494,550,369,181,658.8593818181818,674.9241818181816,505.79036363636357,589.2890030436494,807.0909077142954,285.5858391908037,0.4806135671889667,0.728884249564055,0.3867359194200628
15,5,15,10.0,1.0,1.1657341758564144e-15,0.0,658.8593818181819,589.2890030436495,550,369,181,658.8593818181818,674.9241818181816,505.79036363636357,589.2890030436494,807.0909077142954,285.5858391908037,0.4806135671889667,0.728884249564055,0.3867359194200628
16,10,30,0.5,0.6949497037459885,0.30505029625401014,1.4363510381087963e-15,1327.5199705183716,1294.3446948856,550,369,181,1317.7189818181816,1349.848072727273,1011.5829090909093,1178.577818049772,1614.1822949912782,571.1711921531233,0.48061326112592356,0.7288856264950169,0.38674035118534406
16,10,30,1.0,0.8709512164707682,0.12904878352923135,5.387502320718228e-16,1321.8652019159,1219.2015081130228,550,369,181,1317.7189818181816,1349.848072727273,1011.5829090909093,1178.577818049772,1614.1822949912782,571.1711921531233,0.48061326112592356,0.7288856264950169,0.38674035118534406
16,10,30,2.0,0.9589519690744954,0.0410480309255046,0.0,1319.0378177354264,1188.3411305838388,550,369,181,1317.7189818181816,1349.848072727273,1011.5829090909093,1178.577818049772,1614.1822949912782,571.1711921531233,0.48061326112592356,0.7288856264950169,0.38674035118534406
16,10,30,3.0,0.9882855598173612,0.0117144401826388,0.0,1318.0953561317588,1180.8973887131099,550,369,181,1317.7189818181816,1349.848072727273,1011.5829090909093,1178.577818049772,1614.1822949912782,571.1711921531233,0.48061326112592356,0.7288856264950169,0.38674035118534406
16,10,30,4.5,0.9999999999999989,0.0,3.2751579226442118e-15,1317.7189818181807,1178.5778180497707,550,369,181,1317.7189818181816,1349.848072727273,1011.5829090909093,1178.577818049772,1614.1822949912782,571.1711921531233,0.48061326112592356,0.7288856264950169,0.38674035118534406
16,10,30,6.0,1.0,0.0,1.942890293094024e-15,1317.7189818181812,1178.5778180497714,550,369,181,1317.7189818181816,1349.848072727273,1011.5829090909093,1178.577818049772,1614.1822949912782,571.1711921531233,0.48061326112592356,0.7288856264950169,0.38674035118534406
16,10,30,7.0,0.9999999999999978,0.0,6.439293542825908e-15,1317.71898181818,1178.5778180497693,550,369,181,1317.7189818181816,1349.848072727273,1011.5829090909093,1178.577818049772,1614.1822949912782,571.1711921531233,0.48061326112592356,0.7288856264950169,0.38674035118534406
16,10,30,8.0,1.0,9.43689570931383e-16,0.0,1317.7189818181819,1178.5778180497723,550,369,181,1317.7189818181816,1349.848072727273,1011.5829090909093,1178.577818049772,1614.1822949912782,571.1711921531233,0.48061326112592356,0.7288856264950169,0.38674035118534406
16,10,30,9.0,0.9999999999999982,0.0,3.941291737419306e-15,1317.7189818181807,1178.5778180497705,550,369,181,1317.7189818181816,1349.848072727273,1011.5829090909093,1178.577818049772,1614.1822949912782,571.1711921531233,0.48061326112592356,0.7288856264950169,0.38674035118534406
16,10,30,10.0,0.9999999999999987,0.0,1.4432899320127035e-15,1317.7189818181812,1178.5778180497714,550,369,181,1317.7189818181816,1349.848072727273,1011.5829090909093,1178.577818049772,1614.1822949912782,571.1711921531233,0.48061326112592356,0.7288856264950169,0.38674035118534406
17,15,60,0.5,0.7895611853938731,0.21043881460612665,3.608224830031759e-16,2432.2955280470824,2331.0651525665603,550,369,181,2418.4796727272724,2484.1322727272727,1517.3732727272727,2197.6263240746434,3037.3790849545926,856.7596023637303,0.5011035403317243,0.7208035878053803,0.3884809290614871
17,15,60,1.0,0.9270663691677176,0.07293363083228296,0.0,2423.267955218852,2232.499009158205,550,369,181,2418.4796727272724,2484.1322727272727,1517.3732727272727,2197.6263240746434,3037.3790849545926,856.7596023637303,0.5011035403317243,0.7208035878053803,0.3884809290614871
17,15,60,2.0,0.9958189594230356,0.004181040576964732,0.0,2418.7541689118557,2199.076677178804,550,369,181,2418.4796727272724,2484.1322727272727,1517.3732727272727,2197.6263240746434,3037.3790849545926,856.7596023637303,0.5011035403317243,0.7208035878053803,0.3884809290614871
17,15,60,3.0,1.0,0.0,0.0,2418.4796727272724,2197.6263240746434,550,369,181,2418.4796727272724,2484.1322727272727,1517.3732727272727,2197.6263240746434,3037.3790849545926,856.7596023637303,0.5011035403317243,0.7208035878053803,0.3884809290614871
17,15,60,4.5,1.0,0.0,1.6653345369377348e-16,2418.4796727272724,2197.6263240746434,550,369,181,2418.4796727272724,2484.1322727272727,1517.3732727272727,2197.6263240746434,3037.3790849545926,856.7596023637303,0.5011035403317243,0.7208035878053803,0.3884809290614871
17,15,60,6.0,0.9999999999999996,1.1657341758564144e-15,0.0,2418.4796727272724,2197.626324074644,550,369,181,2418.4796727272724,2484.1322727272727,1517.3732727272727,2197.6263240746434,3037.3790849545926,856.7596023637303,0.5011035403317243,0.7208035878053803,0.3884809290614871
17,15,60,7.0,1.0,2.942091015256665e-15,0.0,2418.4796727272733,2197.626324074645,550,369,181,2418.4796727272724,2484.1322727272727,1517.3732727272727,2197.6263240746434,3037.3790849545926,856.7596023637303,0.5011035403317243,0.7208035878053803,0.3884809290614871
17,15,60,8.0,0.9999999999999993,0.0,2.9976021664879227e-15,2418.4796727272706,2197.6263240746407,550,369,181,2418.4796727272724,2484.1322727272727,1517.3732727272727,2197.6263240746434,3037.3790849545926,856.7596023637303,0.5011035403317243,0.7208035878053803,0.3884809290614871
17,15,60,9.0,1.0,8.326672684688674e-16,0.0,2418.479672727273,2197.626324074644,550,369,181,2418.4796727272724,2484.1322727272727,1517.3732727272727,2197.6263240746434,3037.3790849545926,856.7596023637303,0.5011035403317243,0.7208035878053803,0.3884809290614871
17,15,60,10.0,0.9973507890919652,0.0,0.002649210908035194,2416.0924518230922,2194.956441630498,550,369,181,2418.4796727272724,2484.1322727272727,1517.3732727272727,2197.6263240746434,3037.3790849545926,856.7596023637303,0.5011035403317243,0.7208035878053803,0.3884809290614871
