config_id,power_mw,energy_mwh,risk_aversion,baseline_dam_weight,baseline_idm_weight,baseline_dc_weight,baseline_expected_return,baseline_portfolio_risk,num_trading_days,dam_mean,idm_mean,dc_mean,dam_std,idm_std,dc_std,corr_dam_idm,corr_dam_dc,corr_idm_dc
1,10,10,0.5,0.0,0.0,1.0,1435.6596685082875,738.5394419135486,181,590.0980110497238,616.0288950276243,1435.6596685082875,544.1683425062708,875.0125174462712,622.7433941644384,0.3522184053890448,0.830336541673624,0.3557083839676432
1,10,10,1.0,0.0,0.0,1.0,1435.6596685082875,738.5394419135486,181,590.0980110497238,616.0288950276243,1435.6596685082875,544.1683425062708,875.0125174462712,622.7433941644384,0.3522184053890448,0.830336541673624,0.3557083839676432
1,10,10,2.0,5.551115123125783e-17,4.996003610813204e-16,0.9999999999999993,1435.6596685082868,738.5394419135484,181,590.0980110497238,616.0288950276243,1435.6596685082875,544.1683425062708,875.0125174462712,622.7433941644384,0.3522184053890448,0.830336541673624,0.3557083839676432
1,10,10,3.0,0.0,1.1102230246251565e-16,1.0,1435.6596685082875,738.5394419135486,181,590.0980110497238,616.0288950276243,1435.6596685082875,544.1683425062708,875.0125174462712,622.7433941644384,0.3522184053890448,0.830336541673624,0.3557083839676432
1,10,10,4.5,0.0,6.106226635438361e-16,1.0,1435.6596685082873,738.5394419135486,181,590.0980110497238,616.0288950276243,1435.6596685082875,544.1683425062708,875.0125174462712,622.7433941644384,0.3522184053890448,0.830336541673624,0.3557083839676432
1,10,10,6.0,1.2773680261529149e-14,0.008648041215684191,0.991351958784303,1428.571467797573,737.4625383326718,181,590.0980110497238,616.0288950276243,1435.6596685082875,544.1683425062708,875.0125174462712,622.7433941644384,0.3522184053890448,0.830336541673624,0.3557083839676432
1,10,10,7.0,0.0,0.0287960006198631,0.9712039993801391,1412.0575802470808,735.1329356322112,181,590.0980110497238,616.0288950276243,1435.6596685082875,544.1683425062708,875.0125174462712,622.7433941644384,0.3522184053890448,0.830336541673624,0.3557083839676432
1,10,10,8.0,0.0,0.043906969644153186,0.9560930303558757,1399.6721650176742,733.5660870474221,181,590.0980110497238,616.0288950276243,1435.6596685082875,544.1683425062708,875.0125174462712,622.7433941644384,0.3522184053890448,0.830336541673624,0.3557083839676432
1,10,10,9.0,0.0,0.055659947234588114,0.9443400527654168,1390.0390629045119,732.4644948187206,181,590.0980110497238,616.0288950276243,1435.6596685082875,544.1683425062708,875.0125174462712,622.7433941644384,0.3522184053890448,0.830336541673624,0.3557083839676432
1,10,10,10.0,5.84039823405058e-14,0.06506232842154022,0.9349376715784014,1382.3325819396382,731.6619433689622,181,590.0980110497238,616.0288950276243,1435.6596685082875,544.1683425062708,875.0125174462712,622.7433941644384,0.3522184053890448,0.830336541673624,0.3557083839676432
2,30,30,0.5,0.0,0.0,1.0,4306.97955801105,2215.6173295088183,181,1770.2928729281768,1848.087900552486,4306.97955801105,1632.50505240754,2625.038128513144,1868.2343733149112,0.35221858416876106,0.8303339167634092,0.35570303455174174
2,30,30,1.0,5.551115123125783e-17,5.551115123125783e-17,0.9999999999999998,4306.97955801105,2215.6173295088183,181,1770.2928729281768,1848.087900552486,4306.97955801105,1632.50505240754,2625.038128513144,1868.2343733149112,0.35221858416876106,0.8303339167634092,0.35570303455174174
2,30,30,2.0,1.6653345369377348e-16,0.0,1.0,4306.97955801105,2215.617329508819,181,1770.2928729281768,1848.087900552486,4306.97955801105,1632.50505240754,2625.038128513144,1868.2343733149112,0.35221858416876106,0.8303339167634092,0.35570303455174174
2,30,30,3.0,0.0,7.216449660063518e-16,0.9999999999999993,4306.9795580110485,2215.6173295088183,181,1770.2928729281768,1848.087900552486,4306.97955801105,1632.50505240754,2625.038128513144,1868.2343733149112,0.35221858416876106,0.8303339167634092,0.35570303455174174
2,30,30,4.5,5.551115123125783e-17,0.0,1.0,4306.97955801105,2215.617329508819,181,1770.2928729281768,1848.087900552486,4306.97955801105,1632.50505240754,2625.038128513144,1868.2343733149112,0.35221858416876106,0.8303339167634092,0.35570303455174174
2,30,30,6.0,2.8347925320870828e-14,0.008643785595617478,0.9913562144043541,4285.725425721054,2212.3882294565765,181,1770.2928729281768,1848.087900552486,4306.97955801105,1632.50505240754,2625.038128513144,1868.2343733149112,0.35221858416876106,0.8303339167634092,0.35570303455174174
2,30,30,7.0,0.0,0.028791906080141184,0.9712080939198947,4236.1833803483205,2205.399336495424,181,1770.2928729281768,1848.087900552486,4306.97955801105,1632.50505240754,2625.038128513144,1868.2343733149112,0.35221858416876106,0.8303339167634092,0.35570303455174174
2,30,30,8.0,0.0,0.04390299488761547,0.9560970051124263,4199.026850144516,2200.6987308714647,181,1770.2928729281768,1848.087900552486,4306.97955801105,1632.50505240754,2625.038128513144,1868.2343733149112,0.35221858416876106,0.8303339167634092,0.35570303455174174
2,30,30,9.0,0.0,0.05565606422700093,0.9443439357730005,4170.127325996302,2197.393910822592,181,1770.2928729281768,1848.087900552486,4306.97955801105,1632.50505240754,2625.038128513144,1868.2343733149112,0.35221858416876106,0.8303339167634092,0.35570303455174174
2,30,30,10.0,0.0,0.06505851939056304,0.9349414806094771,4147.007707435056,2194.986223796051,181,1770.2928729281768,1848.087900552486,4306.97955801105,1632.50505240754,2625.038128513144,1868.2343733149112,0.35221858416876106,0.8303339167634092,0.35570303455174174
3,50,50,0.5,0.0,3.3306690738754696e-16,0.9999999999999998,7178.298342541436,3692.695433372505,181,2950.488950276243,3080.1462430939223,7178.298342541437,2720.841022694495,4375.063047171908,3113.7218396152925,0.35221853733612096,0.8303353012447887,0.3557048099989274
3,50,50,1.0,3.3306690738754696e-16,6.106226635438361e-16,0.9999999999999989,7178.298342541432,3692.6954333725043,181,2950.488950276243,3080.1462430939223,7178.298342541437,2720.841022694495,4375.063047171908,3113.7218396152925,0.35221853733612096,0.8303353012447887,0.3557048099989274
3,50,50,2.0,0.0,3.885780586188048e-16,0.9999999999999996,7178.298342541435,3692.6954333725043,181,2950.488950276243,3080.1462430939223,7178.298342541437,2720.841022694495,4375.063047171908,3113.7218396152925,0.35221853733612096,0.8303353012447887,0.3557048099989274
3,50,50,3.0,0.0,0.0,1.0,7178.298342541437,3692.695433372505,181,2950.488950276243,3080.1462430939223,7178.298342541437,2720.841022694495,4375.063047171908,3113.7218396152925,0.35221853733612096,0.8303353012447887,0.3557048099989274
3,50,50,4.5,0.0,0.0,1.0,7178.298342541437,3692.695433372505,181,2950.488950276243,3080.1462430939223,7178.298342541437,2720.841022694495,4375.063047171908,3113.7218396152925,0.35221853733612096,0.8303353012447887,0.3557048099989274
3,50,50,6.0,3.282094184572749e-14,0.008644834844150122,0.9913551651558169,7142.870494475366,3687.3129342399043,181,2950.488950276243,3080.1462430939223,7178.298342541437,2720.841022694495,4375.063047171908,3113.7218396152925,0.35221853733612096,0.8303353012447887,0.3557048099989274
3,50,50,7.0,0.0,0.028792914040103923,0.9712070859599028,7060.300601418792,3675.6648063863827,181,2950.488950276243,3080.1462430939223,7178.298342541437,2720.841022694495,4375.063047171908,3113.7218396152925,0.35221853733612096,0.8303353012447887,0.3557048099989274
3,50,50,8.0,1.0878760780988685e-14,0.043903973761462656,0.9560960262385265,6998.373180296764,3667.8304818795646,181,2950.488950276243,3080.1462430939223,7178.298342541437,2720.841022694495,4375.063047171908,3113.7218396152925,0.35221853733612096,0.8303353012447887,0.3557048099989274
3,50,50,9.0,0.0,0.055657021391846875,0.9443429786081613,6950.207403475467,3662.322461391827,181,2950.488950276243,3080.1462430939223,7178.298342541437,2720.841022694495,4375.063047171908,3113.7218396152925,0.35221853733612096,0.8303353012447887,0.3557048099989274
3,50,50,10.0,0.0,0.06505945799886087,0.9349405420011901,6911.674788154629,3658.309659918847,181,2950.488950276243,3080.1462430939223,7178.298342541437,2720.841022694495,4375.063047171908,3113.7218396152925,0.35221853733612096,0.8303353012447887,0.3557048099989274
4,100,100,0.5,0.0,2.220446049250313e-16,1.0,14356.596685082874,7385.391104846293,181,5900.977569060773,6160.291988950276,14356.596685082874,5441.6822789329535,8750.12621795178,6227.443679230585,0.35221869045877885,0.8303354037569227,0.35570484834255206
4,100,100,1.0,0.0,0.0,1.0,14356.596685082874,7385.391104846293,181,5900.977569060773,6160.291988950276,14356.596685082874,5441.6822789329535,8750.12621795178,6227.443679230585,0.35221869045877885,0.8303354037569227,0.35570484834255206
4,100,100,2.0,0.0,1.6653345369377348e-16,0.9999999999999998,14356.596685082872,7385.391104846293,181,5900.977569060773,6160.291988950276,14356.596685082874,5441.6822789329535,8750.12621795178,6227.443679230585,0.35221869045877885,0.8303354037569227,0.35570484834255206
4,100,100,3.0,0.0,6.106226635438361e-16,0.9999999999999996,14356.59668508287,7385.391104846292,181,5900.977569060773,6160.291988950276,14356.596685082874,5441.6822789329535,8750.12621795178,6227.443679230585,0.35221869045877885,0.8303354037569227,0.35570484834255206
4,100,100,4.5,2.220446049250313e-16,1.609823385706477e-15,0.999999999999998,14356.596685082857,7385.3911048462915,181,5900.977569060773,6160.291988950276,14356.596685082874,5441.6822789329535,8750.12621795178,6227.443679230585,0.35221869045877885,0.8303354037569227,0.35570484834255206
4,100,100,6.0,0.0,0.008644889237386478,0.9913551107626474,14285.740538829124,7374.62603850132,181,5900.977569060773,6160.291988950276,14356.596685082874,5441.6822789329535,8750.12621795178,6227.443679230585,0.35221869045877885,0.8303354037569227,0.35570484834255206
4,100,100,7.0,0.0,0.028792968321280442,0.9712070316787461,14120.600743615712,7351.329785490042,181,5900.977569060773,6160.291988950276,14356.596685082874,5441.6822789329535,8750.12621795178,6227.443679230585,0.35221869045877885,0.8303354037569227,0.35570484834255206
4,100,100,8.0,0.0,0.043904026388128764,0.9560959736118909,13996.745907418834,7335.661140184582,181,5900.977569060773,6160.291988950276,14356.596685082874,5441.6822789329535,8750.12621795178,6227.443679230585,0.35221869045877885,0.8303354037569227,0.35570484834255206
4,100,100,9.0,0.0,0.05565707192985865,0.9443429280701578,13900.414365051274,7324.645102623603,181,5900.977569060773,6160.291988950276,14356.596685082874,5441.6822789329535,8750.12621795178,6227.443679230585,0.35221869045877885,0.8303354037569227,0.35570484834255206
4,100,100,10.0,2.935021954399498e-14,0.0650595076544072,0.9349404923455635,13823.349136966734,7316.619501513933,181,5900.977569060773,6160.291988950276,14356.596685082874,5441.6822789329535,8750.12621795178,6227.443679230585,0.35221869045877885,0.8303354037569227,0.35570484834255206
5,10,15,0.5,0.0,0.0,1.0,1435.6596685082875,1185.114860898213,181,863.1719337016574,887.6062983425414,1435.6596685082875,814.0777539380348,1274.9662344915037,622.7433941644384,0.3532097067500444,0.8285275638689472,0.35483008020883655
5,10,15,1.0,0.0,0.0,1.0,1435.6596685082875,1185.114860898213,181,863.1719337016574,887.6062983425414,1435.6596685082875,814.0777539380348,1274.9662344915037,622.7433941644384,0.3532097067500444,0.8285275638689472,0.35483008020883655
5,10,15,2.0,0.0,0.13203479205824833,0.8679652079417518,1363.2975557416312,1135.1865816928166,181,863.1719337016574,887.6062983425414,1435.6596685082875,814.0777539380348,1274.9662344915037,622.7433941644384,0.3532097067500444,0.8285275638689472,0.35483008020883655
5,10,15,3.0,0.0,0.22099807095357038,0.7790019290464298,1314.5409309220547,1108.76494044522,181,863.1719337016574,887.6062983425414,1435.6596685082875,814.0777539380348,1274.9662344915037,622.7433941644384,0.3532097067500444,0.8285275638689472,0.35483008020883655
5,10,15,4.5,0.0,0.28044976885850326,0.7195502311414967,1281.9582275231803,1095.8231567650766,181,863.1719337016574,887.6062983425414,1435.6596685082875,814.0777539380348,1274.9662344915037,622.7433941644384,0.3532097067500444,0.8285275638689472,0.35483008020883655
5,10,15,6.0,0.24431715064183385,0.2401080701688268,0.5155747791893394,1164.199059302915,1059.370803163825,181,863.1719337016574,887.6062983425414,1435.6596685082875,814.0777539380348,1274.9662344915037,622.7433941644384,0.3532097067500444,0.8285275638689472,0.35483008020883655
5,10,15,7.0,0.3755444313961246,0.2152031925833545,0.40925237602052084,1102.7222526933406,1040.9221626998299,181,863.1719337016574,887.6062983425414,1435.6596685082875,814.0777539380348,1274.9662344915037,622.7433941644384,0.3532097067500444,0.8285275638689472,0.35483008020883655
5,10,15,8.0,0.4739649247520541,0.19652452412059485,0.32951055112735106,1056.6146345946777,1027.4828139311724,181,863.1719337016574,887.6062983425414,1435.6596685082875,814.0777539380348,1274.9662344915037,622.7433941644384,0.3532097067500444,0.8285275638689472,0.35483008020883655
5,10,15,9.0,0.5505141713894683,0.181996679680772,0.26748914892975967,1020.753163892559,1017.3524215260511,181,863.1719337016574,887.6062983425414,1435.6596685082875,814.0777539380348,1274.9662344915037,622.7433941644384,0.3532097067500444,0.8285275638689472,0.35483008020883655
5,10,15,10.0,0.6117535698572254,0.1703744039900749,0.21787202615269977,992.0639867441141,1009.5116005357086,181,863.1719337016574,887.6062983425414,1435.6596685082875,814.0777539380348,1274.9662344915037,622.7433941644384,0.3532097067500444,0.8285275638689472,0.35483008020883655
6,50,75,0.5,3.3306690738754696e-16,1.6653345369377348e-16,0.9999999999999993,7178.298342541435,5925.571547700087,181,4315.860220994475,4438.032762430939,7178.298342541437,4070.3876753920244,6374.830565965751,3113.7218396152925,0.3532096383432561,0.8285265402987964,0.35482675249445583
6,50,75,1.0,0.0,0.0,1.0,7178.298342541437,5925.571547700087,181,4315.860220994475,4438.032762430939,7178.298342541437,4070.3876753920244,6374.830565965751,3113.7218396152925,0.3532096383432561,0.8285265402987964,0.35482675249445583
6,50,75,2.0,0.0,0.13203315914029978,0.8679668408597003,6816.492421116021,5675.934359538705,181,4315.860220994475,4438.032762430939,7178.298342541437,4070.3876753920244,6374.830565965751,3113.7218396152925,0.3532096383432561,0.8285265402987964,0.35482675249445583
6,50,75,3.0,2.1575804096726662e-16,0.22099674779986977,0.779003250553576,6572.708558154041,5543.826126897988,181,4315.860220994475,4438.032762430939,7178.298342541437,4070.3876753920244,6374.830565965751,3113.7218396152925,0.3532096383432561,0.8285265402987964,0.35482675249445583
6,50,75,4.5,0.0,0.2804485526315234,0.7195514473684766,6409.794826773466,5479.117316642256,181,4315.860220994475,4438.032762430939,7178.298342541437,4070.3876753920244,6374.830565965751,3113.7218396152925,0.3532096383432561,0.8285265402987964,0.35482675249445583
6,50,75,6.0,0.24431757345339034,0.24010723708360593,0.5155751894630037,5820.996809208966,5296.855313284532,181,4315.860220994475,4438.032762430939,7178.298342541437,4070.3876753920244,6374.830565965751,3113.7218396152925,0.3532096383432561,0.8285265402987964,0.35482675249445583
6,50,75,7.0,0.3755446159782874,0.2152026910374993,0.40925269298421324,5513.612590426259,5204.612314734423,181,4315.860220994475,4438.032762430939,7178.298342541437,4070.3876753920244,6374.830565965751,3113.7218396152925,0.3532096383432561,0.8285265402987964,0.35482675249445583
6,50,75,8.0,0.4739649287336959,0.19652427110263207,0.32951080016367207,5283.0743664989695,5137.415744352794,181,4315.860220994475,4438.032762430939,7178.298342541437,4070.3876753920244,6374.830565965751,3113.7218396152925,0.3532096383432561,0.8285265402987964,0.35482675249445583
6,50,75,9.0,0.5505140407490859,0.18199661802292022,0.26748934122799395,5103.76689778967,5086.763927681462,181,4315.860220994475,4438.032762430939,7178.298342541437,4070.3876753920244,6374.830565965751,3113.7218396152925,0.3532096383432561,0.8285265402987964,0.35482675249445583
6,50,75,10.0,0.6117533234608845,0.17037449762901374,0.21787217891010166,4960.320936902547,5047.559953508588,181,4315.860220994475,4438.032762430939,7178.298342541437,4070.3876753920244,6374.830565965751,3113.7218396152925,0.3532096383432561,0.8285265402987964,0.35482675249445583
7,100,150,0.5,5.551115123125783e-17,2.220446049250313e-16,0.9999999999999996,14356.596685082872,11851.14217614531,181,8631.72011049724,8876.064585635359,14356.596685082874,8140.774370717716,12749.660733115541,6227.443679230585,0.3532096065517894,0.8285265502749153,0.3548267851904578
7,100,150,1.0,0.0,5.551115123125783e-17,1.0,14356.596685082874,11851.142176145311,181,8631.72011049724,8876.064585635359,14356.596685082874,8140.774370717716,12749.660733115541,6227.443679230585,0.3532096065517894,0.8285265502749153,0.3548267851904578
7,100,150,2.0,0.0,0.1320330706695647,0.8679669293304361,13632.985203089705,11351.868147424862,181,8631.72011049724,8876.064585635359,14356.596685082874,8140.774370717716,12749.660733115541,6227.443679230585,0.3532096065517894,0.8285265502749153,0.3548267851904578
7,100,150,3.0,0.0,0.22099666659690126,0.7790033317565456,13145.417353777555,11087.65163919794,181,8631.72011049724,8876.064585635359,14356.596685082874,8140.774370717716,12749.660733115541,6227.443679230585,0.3532096065517894,0.8285265502749153,0.3548267851904578
7,100,150,4.5,0.0,0.2804484797953112,0.7195515202046888,12819.589789323412,10958.23398667313,181,8631.72011049724,8876.064585635359,14356.596685082874,8140.774370717716,12749.660733115541,6227.443679230585,0.3532096065517894,0.8285265502749153,0.3548267851904578
7,100,150,6.0,0.2443171068531355,0.24010733236010995,0.5155755607867545,11641.995460976526,10593.710691854552,181,8631.72011049724,8876.064585635359,14356.596685082874,8140.774370717716,12749.660733115541,6227.443679230585,0.3532096065517894,0.8285265502749153,0.3548267851904578
7,100,150,7.0,0.3755442244038624,0.2152027808981406,0.409252994697997,11027.22660346964,10409.224663190698,181,8631.72011049724,8876.064585635359,14356.596685082874,8140.774370717716,12749.660733115541,6227.443679230585,0.3532096065517894,0.8285265502749153,0.3548267851904578
7,100,150,8.0,0.473964597485276,0.1965243564439162,0.3295110460708079,10566.14981994236,10274.831496338178,181,8631.72011049724,8876.064585635359,14356.596685082874,8140.774370717716,12749.660733115541,6227.443679230585,0.3532096065517894,0.8285265502749153,0.3548267851904578
7,100,150,9.0,0.5505137458155129,0.1819967029709893,0.26748955121349777,10207.534665050132,10173.527857792044,181,8631.72011049724,8876.064585635359,14356.596685082874,8140.774370717716,12749.660733115541,6227.443679230585,0.3532096065517894,0.8285265502749153,0.3548267851904578
7,100,150,10.0,0.6117530720286948,0.1703745781598627,0.21787234981144243,9920.642509060042,10095.119890672197,181,8631.72011049724,8876.064585635359,14356.596685082874,8140.774370717716,12749.660733115541,6227.443679230585,0.3532096065517894,0.8285265502749153,0.3548267851904578
8,10,20,0.5,0.0,0.0,1.0,1435.6596685082875,1626.880120082301,181,1130.0085082872927,1150.296077348066,1435.6596685082875,1083.7485077131778,1667.943369492493,622.7433941644384,0.353959751126602,0.826957668990936,0.35410295362305366
8,10,20,1.0,1.6653345369377348e-16,0.0,1.0,1435.6596685082875,1626.880120082301,181,1130.0085082872927,1150.296077348066,1435.6596685082875,1083.7485077131778,1667.943369492493,622.7433941644384,0.353959751126602,0.826957668990936,0.35410295362305366
8,10,20,2.0,2.5589425331822943e-16,0.21833749278207387,0.7816625072179259,1373.354097483076,1492.397125094151,181,1130.0085082872927,1150.296077348066,1435.6596685082875,1083.7485077131778,1667.943369492493,622.7433941644384,0.353959751126602,0.826957668990936,0.35410295362305366
8,10,20,3.0,0.04534751121495326,0.2827300239352022,0.6719224648498446,1341.1182941333377,1443.4631817502836,181,1130.0085082872927,1150.296077348066,1435.6596685082875,1083.7485077131778,1667.943369492493,622.7433941644384,0.353959751126602,0.826957668990936,0.35410295362305366
8,10,20,4.5,0.38257661630025774,0.19140565148796773,0.42601773221177464,1264.104477785723,1338.0181395275379,181,1130.0085082872927,1150.296077348066,1435.6596685082875,1083.7485077131778,1667.943369492493,622.7433941644384,0.353959751126602,0.826957668990936,0.35410295362305366
8,10,20,6.0,0.5511911706808568,0.14574346376425568,0.3030653655548875,1225.5975694782176,1285.5237433987913,181,1130.0085082872927,1150.296077348066,1435.6596685082875,1083.7485077131778,1667.943369492493,622.7433941644384,0.353959751126602,0.826957668990936,0.35410295362305366
8,10,20,7.0,0.6234545239807456,0.12617396499769057,0.25037151102156385,1209.0946141458794,1263.1333684983824,181,1130.0085082872927,1150.296077348066,1435.6596685082875,1083.7485077131778,1667.943369492493,622.7433941644384,0.353959751126602,0.826957668990936,0.35410295362305366
8,10,20,8.0,0.6776480441867228,0.11150252744421463,0.21084942836906267,1196.7169959262055,1246.4140431448902,181,1130.0085082872927,1150.296077348066,1435.6596685082875,1083.7485077131778,1667.943369492493,622.7433941644384,0.353959751126602,0.826957668990936,0.35410295362305366
8,10,20,9.0,0.7198057015305847,0.10008128698474147,0.18011301148467396,1187.0906652398746,1233.4759270533846,181,1130.0085082872927,1150.296077348066,1435.6596685082875,1083.7485077131778,1667.943369492493,622.7433941644384,0.353959751126602,0.826957668990936,0.35410295362305366
8,10,20,10.0,0.7535286194094577,0.09094884649958658,0.15552253409095584,1179.3892822770606,1223.1824551870259,181,1130.0085082872927,1150.296077348066,1435.6596685082875,1083.7485077131778,1667.943369492493,622.7433941644384,0.353959751126602,0.826957668990936,0.35410295362305366
9,30,60,0.5,0.0,1.1102230246251565e-16,1.0,4306.97955801105,4880.639116686729,181,3390.026243093923,3450.8880110497244,4306.97955801105,3251.245895960027,5003.829965727521,1868.2343733149112,0.3539596041432913,0.8269551141948894,0.35409791833633475
9,30,60,1.0,0.0,0.0,1.0,4306.97955801105,4880.639116686729,181,3390.026243093923,3450.8880110497244,4306.97955801105,3251.245895960027,5003.829965727521,1868.2343733149112,0.3539596041432913,0.8269551141948894,0.35409791833633475
9,30,60,2.0,0.0,0.21833597299256716,0.781664027007433,4120.063977134538,4477.195075762253,181,3390.026243093923,3450.8880110497244,4306.97955801105,3251.245895960027,5003.829965727521,1868.2343733149112,0.3539596041432913,0.8269551141948894,0.35409791833633475
9,30,60,3.0,0.045355251599085884,0.28272552702291165,0.6719192213780024,4023.3519759138676,4330.387364020398,181,3390.026243093923,3450.8880110497244,4306.97955801105,3251.245895960027,5003.829965727521,1868.2343733149112,0.3539596041432913,0.8269551141948894,0.35409791833633475
9,30,60,4.5,0.38258168443754664,0.19140283900567379,0.4260154765567796,3792.3116617023065,4014.0535334999972,181,3390.026243093923,3450.8880110497244,4306.97955801105,3251.245895960027,5003.829965727521,1868.2343733149112,0.3539596041432913,0.8269551141948894,0.35409791833633475
9,30,60,6.0,0.5511949041836977,0.14574149350508847,0.30306360231121393,3676.791502823155,3856.571013291362,181,3390.026243093923,3450.8880110497244,4306.97955801105,3251.245895960027,5003.829965727521,1868.2343733149112,0.3539596041432913,0.8269551141948894,0.35409791833633475
9,30,60,7.0,0.6234576873073739,0.1261723558048971,0.250369956887729,3627.2828776592187,3789.4001827544753,181,3390.026243093923,3450.8880110497244,4306.97955801105,3251.245895960027,5003.829965727521,1868.2343733149112,0.3539596041432913,0.8269551141948894,0.35409791833633475
9,30,60,8.0,0.6776507824481335,0.11150118602864538,0.2108480315232212,3590.1502038537637,3739.242434558984,181,3390.026243093923,3450.8880110497244,4306.97955801105,3251.245895960027,5003.829965727521,1868.2343733149112,0.3539596041432913,0.8269551141948894,0.35409791833633475
9,30,60,9.0,0.7198081035028837,0.1000801579164329,0.18011173858068347,3561.2713541890575,3700.428271812952,181,3390.026243093923,3450.8880110497244,4306.97955801105,3251.245895960027,5003.829965727521,1868.2343733149112,0.3539596041432913,0.8269551141948894,0.35409791833633475
9,30,60,10.0,0.7535307527614865,0.0909478861053221,0.15552136113319123,3538.167319865639,3669.5480106819045,181,3390.026243093923,3450.8880110497244,4306.97955801105,3251.245895960027,5003.829965727521,1868.2343733149112,0.3539596041432913,0.8269551141948894,0.35409791833633475
10,50,100,0.5,0.0,3.3306690738754696e-16,1.0,7178.298342541437,8134.398777516708,181,5650.043922651934,5751.4799447513815,7178.298342541437,5418.742929974071,8339.71615610864,3113.7218396152925,0.35395955863370365,0.8269565007153867,0.3540996108357294
10,50,100,1.0,0.0,2.7755575615628914e-16,0.9999999999999998,7178.298342541437,8134.398777516708,181,5650.043922651934,5751.4799447513815,7178.298342541437,5418.742929974071,8339.71615610864,3113.7218396152925,0.35395955863370365,0.8269565007153867,0.3540996108357294
10,50,100,2.0,4.639047791505081e-17,0.2183364227787647,0.7816635772212354,6866.771917613028,7461.989519879646,181,5650.043922651934,5751.4799447513815,7178.298342541437,5418.742929974071,8339.71615610864,3113.7218396152925,0.35395955863370365,0.8269565007153867,0.3540996108357294
10,50,100,3.0,0.04535316475912521,0.2827267747836058,0.6719200604572689,6705.5874042332325,7217.312611409127,181,5650.043922651934,5751.4799447513815,7178.298342541437,5418.742929974071,8339.71615610864,3113.7218396152925,0.35395955863370365,0.8269565007153867,0.3540996108357294
10,50,100,4.5,0.3825803548689851,0.19140359529679551,0.42601604983421953,6320.520053077386,6690.089082004815,181,5650.043922651934,5751.4799447513815,7178.298342541437,5418.742929974071,8339.71615610864,3113.7218396152925,0.35395955863370365,0.8269565007153867,0.3540996108357294
10,50,100,6.0,0.551193950113896,0.1457420060311258,0.30306404385497815,6127.986376527481,6427.617962873063,181,5650.043922651934,5751.4799447513815,7178.298342541437,5418.742929974071,8339.71615610864,3113.7218396152925,0.35395955863370365,0.8269565007153867,0.3540996108357294
10,50,100,7.0,0.6234568944774748,0.12617276376310727,0.25037034175941797,6045.471967308433,6315.666462918685,181,5650.043922651934,5751.4799447513815,7178.298342541437,5418.742929974071,8339.71615610864,3113.7218396152925,0.35395955863370365,0.8269565007153867,0.3540996108357294
10,50,100,8.0,0.6776501097637909,0.11150151522236115,0.21084837501384787,5983.584153855583,6232.070126491682,181,5650.043922651934,5751.4799447513815,7178.298342541437,5418.742929974071,8339.71615610864,3113.7218396152925,0.35395955863370365,0.8269565007153867,0.3540996108357294
10,50,100,9.0,0.7198075262036598,0.10008042541818937,0.1801120483781508,5935.452716905636,6167.379778288264,181,5650.043922651934,5751.4799447513815,7178.298342541437,5418.742929974071,8339.71615610864,3113.7218396152925,0.35395955863370365,0.8269565007153867,0.3540996108357294
10,50,100,10.0,0.7535302519578606,0.09094810449286185,0.1555216435492774,5896.945975731838,6115.912610321075,181,5650.043922651934,5751.4799447513815,7178.298342541437,5418.742929974071,8339.71615610864,3113.7218396152925,0.35395955863370365,0.8269565007153867,0.3540996108357294
11,100,200,0.5,0.0,0.0,1.0,14356.596685082874,16268.797249987681,181,11300.088066298342,11502.960165745857,14356.596685082874,10837.485649802782,16679.432064794033,6227.443679230585,0.35395955445128996,0.8269565293081927,0.3540996184517758
11,100,200,1.0,0.0,0.0,1.0,14356.596685082874,16268.797249987681,181,11300.088066298342,11502.960165745857,14356.596685082874,10837.485649802782,16679.432064794033,6227.443679230585,0.35395955445128996,0.8269565293081927,0.3540996184517758
11,100,200,2.0,0.0,0.21833642055807068,0.7816635794419294,13733.543901877038,14923.978776375368,181,11300.088066298342,11502.960165745857,14356.596685082874,10837.485649802782,16679.432064794033,6227.443679230585,0.35395955445128996,0.8269565293081927,0.3540996184517758
11,100,200,3.0,0.04535308760967684,0.28272680790307614,0.671920104487247,13411.175037887608,14434.625159793512,181,11300.088066298342,11502.960165745857,14356.596685082874,10837.485649802782,16679.432064794033,6227.443679230585,0.35395955445128996,0.8269565293081927,0.3540996184517758
11,100,200,4.5,0.38258031071513315,0.19140361677589574,0.42601607250897117,12641.040317239922,13380.178065261065,181,11300.088066298342,11502.960165745857,14356.596685082874,10837.485649802782,16679.432064794033,6227.443679230585,0.35395955445128996,0.8269565293081927,0.3540996184517758
11,100,200,6.0,0.5511939211362263,0.14574202179807572,0.3030640570656979,12255.972958703356,12855.235814576645,181,11300.088066298342,11502.960165745857,14356.596685082874,10837.485649802782,16679.432064794033,6227.443679230585,0.35395955445128996,0.8269565293081927,0.3540996184517758
11,100,200,7.0,0.6234568713516047,0.12617277670253263,0.25037035194586277,12090.944141011752,12631.332813660756,181,11300.088066298342,11502.960165745857,14356.596685082874,10837.485649802782,16679.432064794033,6227.443679230585,0.35395955445128996,0.8269565293081927,0.3540996184517758
11,100,200,8.0,0.6776500941266089,0.11150152570321345,0.21084838017017765,11967.16850615626,12464.140128654491,181,11300.088066298342,11502.960165745857,14356.596685082874,10837.485649802782,16679.432064794033,6227.443679230585,0.35395955445128996,0.8269565293081927,0.3540996184517758
11,100,200,9.0,0.7198075112649037,0.1000804360212906,0.1801120527138058,11870.905635934325,12334.759436174187,181,11300.088066298342,11502.960165745857,14356.596685082874,10837.485649802782,16679.432064794033,6227.443679230585,0.35395955445128996,0.8269565293081927,0.3540996184517758
11,100,200,10.0,0.7535302396468144,0.0909481146137083,0.15552164573947733,11793.892151861084,12231.825097175159,181,11300.088066298342,11502.960165745857,14356.596685082874,10837.485649802782,16679.432064794033,6227.443679230585,0.35395955445128996,0.8269565293081927,0.3540996184517758
12,200,400,0.5,0.0,6.106226635438361e-16,0.9999999999999993,28713.193370165744,32537.594609906497,181,22600.17624309392,23005.920110497234,28713.193370165747,21674.971171747955,33358.86442234239,12454.88735846117,0.353959565042086,0.8269565310531489,0.35409961292817765
12,200,400,1.0,0.0,5.551115123125783e-16,0.9999999999999998,28713.193370165747,32537.5946099065,181,22600.17624309392,23005.920110497234,28713.193370165747,21674.971171747955,33358.86442234239,12454.88735846117,0.353959565042086,0.8269565310531489,0.35409961292817765
12,200,400,2.0,0.0,0.21833640532418377,0.7816635946758163,27467.087842446886,29847.95781480233,181,22600.17624309392,23005.920110497234,28713.193370165747,21674.971171747955,33358.86442234239,12454.88735846117,0.353959565042086,0.8269565310531489,0.35409961292817765
12,200,400,3.0,0.04535311719519948,0.282726782405583,0.6719201003992175,26822.349982969896,28869.250389864894,181,22600.17624309392,23005.920110497234,28713.193370165747,21674.971171747955,33358.86442234239,12454.88735846117,0.353959565042086,0.8269565310531489,0.35409961292817765
12,200,400,4.5,0.38258033611995873,0.19140359983908353,0.4260160640409579,25282.08057581765,26760.35619264736,181,22600.17624309392,23005.920110497234,28713.193370165747,21674.971171747955,33358.86442234239,12454.88735846117,0.353959565042086,0.8269565310531489,0.35409961292817765
12,200,400,6.0,0.5511939423268826,0.1457420102176839,0.30306404745543347,24511.94588265755,25710.4716985915,181,22600.17624309392,23005.920110497234,28713.193370165747,21674.971171747955,33358.86442234239,12454.88735846117,0.353959565042086,0.8269565310531489,0.35409961292817765
12,200,400,7.0,0.6234568931107505,0.12617276516867926,0.25037034172057027,24181.888255843103,25262.665698548128,181,22600.17624309392,23005.920110497234,28713.193370165747,21674.971171747955,33358.86442234239,12454.88735846117,0.353959565042086,0.8269565310531489,0.35409961292817765
12,200,400,8.0,0.6776501124370864,0.11150151823976165,0.21084836932315199,23934.336993213456,24928.280331407044,181,22600.17624309392,23005.920110497234,28713.193370165747,21674.971171747955,33358.86442234239,12454.88735846117,0.353959565042086,0.8269565310531489,0.35409961292817765
12,200,400,9.0,0.7198075300419674,0.10008042911189549,0.18011204084613766,23741.811253937463,24669.51894341679,181,22600.17624309392,23005.920110497234,28713.193370165747,21674.971171747955,33358.86442234239,12454.88735846117,0.353959565042086,0.8269565310531489,0.35409961292817765
12,200,400,10.0,0.7535302593565424,0.09094810656894747,0.15552163407451158,23587.784292313896,24463.650270985174,181,22600.17624309392,23005.920110497234,28713.193370165747,21674.971171747955,33358.86442234239,12454.88735846117,0.353959565042086,0.8269565310531489,0.35409961292817765
13,300,600,0.5,0.0,5.551115123125783e-17,0.9999999999999998,43069.79005524862,48806.39149547844,181,33900.26464088398,34508.88033149171,43069.79005524862,32512.456391384952,50038.29637067859,18682.33103769175,0.35395956883160085,0.8269565280791025,0.35409961672799956
13,300,600,1.0,0.0,5.551115123125783e-17,1.0,43069.79005524862,48806.39149547844,181,33900.26464088398,34508.88033149171,43069.79005524862,32512.456391384952,50038.29637067859,18682.33103769175,0.35395956883160085,0.8269565280791025,0.35409961672799956
13,300,600,2.0,0.0,0.2183364017638781,0.781663598236122,41200.63183033814,44771.93639679696,181,33900.26464088398,34508.88033149171,43069.79005524862,32512.456391384952,50038.29637067859,18682.33103769175,0.35395956883160085,0.8269565280791025,0.35409961672799956
13,300,600,3.0,0.04535310769930513,0.2827267816272418,0.671920110673453,40233.52512758027,43303.8753624918,181,33900.26464088398,34508.88033149171,43069.79005524862,32512.456391384952,50038.29637067859,18682.33103769175,0.35395956883160085,0.8269565280791025,0.35409961672799956
13,300,600,4.5,0.38258032924152935,0.19140360193831454,0.4260160688201561,37923.12104623661,40140.53408977552,181,33900.26464088398,34508.88033149171,43069.79005524862,32512.456391384952,50038.29637067859,18682.33103769175,0.35395956883160085,0.8269565280791025,0.35409961672799956
13,300,600,6.0,0.5511939396805449,0.145742011853376,0.30306404846607926,36767.91901066863,38565.707347774354,181,33900.26464088398,34508.88033149171,43069.79005524862,32512.456391384952,50038.29637067859,18682.33103769175,0.35395956883160085,0.8269565280791025,0.35409961672799956
13,300,600,7.0,0.6234568882814893,0.12617277122958914,0.25037034048892176,36272.832569298065,37893.99834425518,181,33900.26464088398,34508.88033149171,43069.79005524862,32512.456391384952,50038.29637067859,18682.33103769175,0.35395956883160085,0.8269565280791025,0.35409961672799956
13,300,600,8.0,0.6776501098107091,0.11150152108490369,0.21084836910438715,35901.50569522289,37392.42031954666,181,33900.26464088398,34508.88033149171,43069.79005524862,32512.456391384952,50038.29637067859,18682.33103769175,0.35395956883160085,0.8269565280791025,0.35409961672799956
13,300,600,9.0,0.7198075288134821,0.1000804318588771,0.18011203932764083,35612.71708408393,37004.27823441028,181,33900.26464088398,34508.88033149171,43069.79005524862,32512.456391384952,50038.29637067859,18682.33103769175,0.35395956883160085,0.8269565280791025,0.35409961672799956
13,300,600,10.0,0.7535302578009001,0.09094811086546006,0.15552163133363983,35381.67663918509,36695.47522282473,181,33900.26464088398,34508.88033149171,43069.79005524862,32512.456391384952,50038.29637067859,18682.33103769175,0.35395956883160085,0.8269565280791025,0.35409961672799956
14,400,800,0.5,0.0,5.551115123125783e-17,1.0,57426.386740331494,65075.188849104845,181,45200.35259668509,46011.84044198895,57426.386740331494,43349.942065788644,66717.72856632981,24909.77471692234,0.3539595612805917,0.8269565277800214,0.3540996199856756
14,400,800,1.0,0.0,2.220446049250313e-16,1.0,57426.386740331494,65075.188849104845,181,45200.35259668509,46011.84044198895,57426.386740331494,43349.942065788644,66717.72856632981,24909.77471692234,0.3539595612805917,0.8269565277800214,0.3540996199856756
14,400,800,2.0,0.0,0.21833640844398025,0.7816635915560199,54934.17569753385,59695.915208010054,181,45200.35259668509,46011.84044198895,57426.386740331494,43349.942065788644,66717.72856632981,24909.77471692234,0.3539595612805917,0.8269565277800214,0.3540996199856756
14,400,800,3.0,0.04535308525804374,0.2827267955585624,0.6719201191833938,53644.70027376171,57738.500766906356,181,45200.35259668509,46011.84044198895,57426.386740331494,43349.942065788644,66717.72856632981,24909.77471692234,0.3539595612805917,0.8269565277800214,0.3540996199856756
14,400,800,4.5,0.382580316220606,0.19140360891341052,0.4260160748659836,50564.16137591935,53520.71231399209,181,45200.35259668509,46011.84044198895,57426.386740331494,43349.942065788644,66717.72856632981,24909.77471692234,0.3539595612805917,0.8269565277800214,0.3540996199856756
14,400,800,6.0,0.5511939288057006,0.14574201745257298,0.3030640537417264,49023.89194115615,51420.94328876229,181,45200.35259668509,46011.84044198895,57426.386740331494,43349.942065788644,66717.72856632981,24909.77471692234,0.3539595612805917,0.8269565277800214,0.3540996199856756
14,400,800,7.0,0.6234568808251487,0.1261727716161985,0.25037034755865273,48363.77668506864,50525.33129815945,181,45200.35259668509,46011.84044198895,57426.386740331494,43349.942065788644,66717.72856632981,24909.77471692234,0.3539595612805917,0.8269565277800214,0.3540996199856756
14,400,800,8.0,0.6776501002939583,0.11150152511968546,0.2108483745863562,47868.67415587769,49856.56056840714,181,45200.35259668509,46011.84044198895,57426.386740331494,43349.942065788644,66717.72856632981,24909.77471692234,0.3539595612805917,0.8269565277800214,0.3540996199856756
14,400,800,9.0,0.7198075216269242,0.10008043444128277,0.1801120439317931,47483.62265157896,49339.03776573753,181,45200.35259668509,46011.84044198895,57426.386740331494,43349.942065788644,66717.72856632981,24909.77471692234,0.3539595612805917,0.8269565277800214,0.3540996199856756
14,400,800,10.0,0.7535302515485036,0.09094811193536792,0.15552163651612855,47175.56872219592,48927.30041926684,181,45200.35259668509,46011.84044198895,57426.386740331494,43349.942065788644,66717.72856632981,24909.77471692234,0.3539595612805917,0.8269565277800214,0.3540996199856756
15,5,15,0.5,0.8971786516886172,0.10282134831138484,0.0,796.2068747242436,823.791541557481,181,795.8864640883978,799.0026519337016,717.8303867403315,795.4814714566023,1185.4724443630225,311.3734546138815,0.366020603229805,0.8218571064196808,0.3530974395643178
15,5,15,1.0,0.9600023081435307,0.039997691856469036,2.706168622523819e-16,796.0111044096011,803.6399076232753,181,795.8864640883978,799.0026519337016,717.8303867403315,795.4814714566023,1185.4724443630225,311.3734546138815,0.366020603229805,0.8218571064196808,0.3530974395643178
15,5,15,2.0,0.9914141345295021,0.008585865470497377,5.772292366312826e-16,795.9132192580183,796.7105954100803,181,795.8864640883978,799.0026519337016,717.8303867403315,795.4814714566023,1185.4724443630225,311.3734546138815,0.366020603229805,0.8218571064196808,0.3530974395643178
15,5,15,3.0,0.9999999999999999,5.551115123125783e-17,6.245004513516506e-17,795.8864640883978,795.4814714566023,181,795.8864640883978,799.0026519337016,717.8303867403315,795.4814714566023,1185.4724443630225,311.3734546138815,0.366020603229805,0.8218571064196808,0.3530974395643178
15,5,15,4.5,1.0,0.0,4.440892098500626e-16,795.8864640883978,795.4814714566022,181,795.8864640883978,799.0026519337016,717.8303867403315,795.4814714566023,1185.4724443630225,311.3734546138815,0.366020603229805,0.8218571064196808,0.3530974395643178
15,5,15,6.0,1.0,1.1657341758564144e-15,0.0,795.8864640883978,795.4814714566025,181,795.8864640883978,799.0026519337016,717.8303867403315,795.4814714566023,1185.4724443630225,311.3734546138815,0.366020603229805,0.8218571064196808,0.3530974395643178
15,5,15,7.0,1.0,0.0,0.0,795.8864640883978,795.4814714566023,181,795.8864640883978,799.0026519337016,717.8303867403315,795.4814714566023,1185.4724443630225,311.3734546138815,0.366020603229805,0.8218571064196808,0.3530974395643178
15,5,15,8.0,0.999999999999998,0.0,3.3861802251067274e-15,795.8864640883976,795.481471456601,181,795.8864640883978,799.0026519337016,717.8303867403315,795.4814714566023,1185.4724443630225,311.3734546138815,0.366020603229805,0.8218571064196808,0.3530974395643178
15,5,15,9.0,1.0,0.0,2.4424906541753444e-15,795.8864640883977,795.4814714566014,181,795.8864640883978,799.0026519337016,717.8303867403315,795.4814714566023,1185.4724443630225,311.3734546138815,0.366020603229805,0.8218571064196808,0.3530974395643178
15,5,15,10.0,1.0,2.275957200481571e-15,0.0,795.8864640883979,795.4814714566027,181,795.8864640883978,799.0026519337016,717.8303867403315,795.4814714566023,1185.4724443630225,311.3734546138815,0.366020603229805,0.8218571064196808,0.3530974395643178
16,10,30,0.5,0.8971813034426949,0.10281869655730719,0.0,1592.4132243230083,1647.581085072519,181,1591.7724309392265,1598.0046961325966,1435.6596685082875,1590.9629159710696,2370.9460789762434,622.7433941644384,0.3660203106822279,0.8218672610715145,0.35311119324091395
16,10,30,1.0,0.9600037179601216,0.039996282039878456,6.938893903907228e-18,1592.021698375648,1607.2789899159811,181,1591.7724309392265,1598.0046961325966,1435.6596685082875,1590.9629159710696,2370.9460789762434,622.7433941644384,0.3660203106822279,0.8218672610715145,0.35311119324091395
16,10,30,2.0,0.9914149159249,0.008585084011135925,1.322458627499483e-16,1591.8259354562956,1593.42090487056,181,1591.7724309392265,1598.0046961325966,1435.6596685082875,1590.9629159710696,2370.9460789762434,622.7433941644384,0.3660203106822279,0.8218672610715145,0.35311119324091395
16,10,30,3.0,0.9999999999999998,1.6653345369377348e-16,5.551115123125783e-17,1591.7724309392265,1590.9629159710696,181,1591.7724309392265,1598.0046961325966,1435.6596685082875,1590.9629159710696,2370.9460789762434,622.7433941644384,0.3660203106822279,0.8218672610715145,0.35311119324091395
16,10,30,4.5,0.9999999999999998,0.0,2.275957200481571e-15,1591.7724309392263,1590.962915971068,181,1591.7724309392265,1598.0046961325966,1435.6596685082875,1590.9629159710696,2370.9460789762434,622.7433941644384,0.3660203106822279,0.8218672610715145,0.35311119324091395
16,10,30,6.0,1.0,9.43689570931383e-16,0.0,1591.7724309392265,1590.9629159710698,181,1591.7724309392265,1598.0046961325966,1435.6596685082875,1590.9629159710696,2370.9460789762434,622.7433941644384,0.3660203106822279,0.8218672610715145,0.35311119324091395
16,10,30,7.0,1.0,1.27675647831893e-15,0.0,1591.7724309392265,1590.96291597107,181,1591.7724309392265,1598.0046961325966,1435.6596685082875,1590.9629159710696,2370.9460789762434,622.7433941644384,0.3660203106822279,0.8218672610715145,0.35311119324091395
16,10,30,8.0,0.9999999999999956,0.0,8.715250743307479e-15,1591.7724309392254,1590.9629159710628,181,1591.7724309392265,1598.0046961325966,1435.6596685082875,1590.9629159710696,2370.9460789762434,622.7433941644384,0.3660203106822279,0.8218672610715145,0.35311119324091395
16,10,30,9.0,0.999999999999992,0.0,1.2323475573339238e-14,1591.7724309392247,1590.9629159710598,181,1591.7724309392265,1598.0046961325966,1435.6596685082875,1590.9629159710696,2370.9460789762434,622.7433941644384,0.3660203106822279,0.8218672610715145,0.35311119324091395
16,10,30,10.0,0.9999999999999971,0.0,3.552713678800501e-15,1591.772430939226,1590.9629159710669,181,1591.7724309392265,1598.0046961325966,1435.6596685082875,1590.9629159710696,2370.9460789762434,622.7433941644384,0.3660203106822279,0.8218672610715145,0.35311119324091395
17,15,60,0.5,0.8998436972370125,0.10015630276298831,0.0,2904.4510883253643,3033.4600449686673,181,2901.491491712707,2931.0412707182318,2153.4895027624307,2925.6546256473357,4492.4627187691995,934.1175267778891,0.3826979535768931,0.8179151419188988,0.3532631642739484
17,15,60,1.0,0.9630902168302709,0.036909783169729274,0.0,2902.5821676485143,2954.806991055704,181,2901.491491712707,2931.0412707182318,2153.4895027624307,2925.6546256473357,4492.4627187691995,934.1175267778891,0.3826979535768931,0.8179151419188988,0.3532631642739484
17,15,60,2.0,0.9947134690735131,0.005286530926487105,0.0,2901.6477075332905,2928.6035473373818,181,2901.491491712707,2931.0412707182318,2153.4895027624307,2925.6546256473357,4492.4627187691995,934.1175267778891,0.3826979535768931,0.8179151419188988,0.3532631642739484
17,15,60,3.0,0.9999999999999999,1.942890293094024e-16,0.0,2901.491491712707,2925.6546256473357,181,2901.491491712707,2931.0412707182318,2153.4895027624307,2925.6546256473357,4492.4627187691995,934.1175267778891,0.3826979535768931,0.8179151419188988,0.3532631642739484
17,15,60,4.5,1.0,3.219646771412954e-15,0.0,2901.491491712708,2925.654625647338,181,2901.491491712707,2931.0412707182318,2153.4895027624307,2925.6546256473357,4492.4627187691995,934.1175267778891,0.3826979535768931,0.8179151419188988,0.3532631642739484
17,15,60,6.0,1.0,1.27675647831893e-15,0.0,2901.4914917127076,2925.6546256473366,181,2901.491491712707,2931.0412707182318,2153.4895027624307,2925.6546256473357,4492.4627187691995,934.1175267778891,0.3826979535768931,0.8179151419188988,0.3532631642739484
17,15,60,7.0,1.0,1.942890293094024e-15,0.0,2901.4914917127076,2925.654625647337,181,2901.491491712707,2931.0412707182318,2153.4895027624307,2925.6546256473357,4492.4627187691995,934.1175267778891,0.3826979535768931,0.8179151419188988,0.3532631642739484
17,15,60,8.0,1.0,1.0547118733938987e-15,0.0,2901.4914917127076,2925.6546256473366,181,2901.491491712707,2931.0412707182318,2153.4895027624307,2925.6546256473357,4492.4627187691995,934.1175267778891,0.3826979535768931,0.8179151419188988,0.3532631642739484
17,15,60,9.0,1.0,1.27675647831893e-15,0.0,2901.4914917127076,2925.6546256473366,181,2901.491491712707,2931.0412707182318,2153.4895027624307,2925.6546256473357,4492.4627187691995,934.1175267778891,0.3826979535768931,0.8179151419188988,0.3532631642739484
17,15,60,10.0,1.0,4.440892098500626e-16,0.0,2901.491491712707,2925.654625647336,181,2901.491491712707,2931.0412707182318,2153.4895027624307,2925.6546256473357,4492.4627187691995,934.1175267778891,0.3826979535768931,0.8179151419188988,0.3532631642739484
